g,part,t,rank,PR,frob,kappa,rho,r2
0.3,A,0.0,50,35.78042978875288,2.0934667117307724,65.03359979774858,0.30133128480268984,
0.3,A,1.0,50,35.7879046006997,2.090890802844749,65.86647153168067,0.30077000137867044,
0.3,A,2.0,50,35.79418365784976,2.0898139775454943,67.21500729306048,0.29991007300042033,
0.3,A,3.0,50,35.77652021514298,2.0894315476191556,68.14773731007092,0.3109484060153167,
0.3,A,4.0,50,35.809108276674614,2.0872041925996427,69.64085332099098,0.3130878763243143,
0.3,A,5.0,50,35.80472096846392,2.0886938712348346,71.50939077829838,0.32609648147322634,
0.3,A,6.0,50,35.68264855833761,2.095988451786942,75.1874577375929,0.3882559480222781,
0.3,A,7.0,50,35.62367339446144,2.101087821998533,78.4269440996507,0.41931438032301127,
0.3,A,8.0,50,35.588439571992815,2.1051306125680167,80.83658012228913,0.444237779086769,
0.3,A,9.0,50,35.31533078872372,2.11963168427118,87.69371760210339,0.5328862995912692,
0.3,A,10.0,50,35.02944459998481,2.136005622591789,94.35863710726946,0.5912150236740052,
0.3,A,11.0,50,34.9315604591866,2.143819182250983,96.84437880069436,0.5996156442614475,
0.3,A,12.0,50,34.55080570164835,2.162759344838722,104.92043934127467,0.6777562316073813,
0.3,A,13.0,50,33.964646409567514,2.1922428817032604,115.70933694978409,0.7682353679907701,
0.3,A,14.0,50,33.70138883755368,2.208359347915401,119.88453554474853,0.7868709527916002,
0.3,A,15.0,50,33.31476066515057,2.2281149686642276,126.39818351763927,0.836985469826472,
0.3,A,16.0,50,32.486593235396,2.2688186663504792,140.32576093886135,0.9480862699470776,
0.3,A,17.0,50,31.92113986789627,2.30018920263828,148.61955106858326,0.99877295640681,
0.3,A,18.0,50,31.594640331874082,2.3189262515598443,152.49459492329507,1.0189511393803237,
0.3,A,19.0,50,30.702854674413658,2.3646581688845956,167.00621329314862,1.1286494027338827,
0.3,A,20.0,50,29.7914791966303,2.4158273067110527,180.60240649425367,1.219606521284353,
0.3,A,21.0,50,29.454267758773096,2.437893329806753,183.83710304197515,1.2298037145529728,
0.3,A,22.0,50,28.710158150298142,2.479832440177601,195.59274751548273,1.3129143482422598,
0.3,A,23.0,50,27.589914355296163,2.5472746771957575,213.28231326974068,1.4337071899069351,
0.3,A,24.0,50,27.059930579216903,2.584262855040988,220.06512476525774,1.4661409923080702,
0.3,A,25.0,50,26.58298455415811,2.6155963381960037,226.7118142049009,1.507710231403129,
0.3,A,26.0,50,25.505374636735564,2.6872686880032126,245.19873372960674,1.633251450336672,
0.3,A,27.0,50,24.694098132122903,2.7483958016367507,258.43999919316303,1.7085191452724995,
0.3,A,28.0,50,24.398226353362105,2.7727546856592244,261.159915813838,1.7198031273774188,
0.3,A,29.0,50,23.59675532093251,2.832630221132246,276.06781454294327,1.8194028997100737,
0.3,A,30.0,50,22.652499394309146,2.9112949033157225,294.0960376024179,1.9267155294236487,
0.3,A,31.0,50,22.299962318224434,2.945407008907161,298.27205248831444,1.9438334381802005,
0.3,A,32.0,50,21.8589272931177,2.9829519923073784,306.4824119984294,1.997007555746201,
0.3,A,33.0,50,21.02546583595128,3.059888434109925,324.8444426713549,2.105641150244712,
0.3,A,34.0,50,20.536064746785836,3.1119909291498296,334.23092947502613,2.1475740648180373,
0.3,A,35.0,50,20.296504809355024,3.136519302503887,337.54072391229533,2.1660881334090263,
0.3,A,36.0,50,19.66544841348458,3.2006162223986387,353.73068353661694,2.2590664263160236,
0.3,A,37.0,50,19.107663797158438,3.265379058756288,368.8040906116459,2.322827006028536,
0.3,A,38.0,50,18.9068793519939,3.290944335838903,370.47129364180137,2.3276405993840097,
0.3,A,39.0,50,18.517718984442364,3.333953620501885,382.31018221660736,2.389524229156941,
0.3,A,40.0,50,18.028477500164747,3.3955894485256604,400.3714988944473,2.45355369845437,
0.3,A,41.0,50,17.785070654532934,3.4311049129477484,403.36813432897947,2.458532102441456,
0.3,A,42.0,50,17.39202206357196,3.480883717544353,414.33449465270763,2.522909651339455,
0.3,A,43.0,50,16.715215887901117,3.57324510905397,440.274977502673,2.6465940961255816,
0.3,A,44.0,50,16.011454725964697,3.6788454999163567,465.25667908572467,2.7744092344069395,
0.3,A,45.0,50,15.086918135284499,3.8264831963695927,501.03215022095293,2.973390913720557,
0.3,A,46.0,50,13.886793181593145,4.042827060230757,557.5054447816294,3.257632394048359,
0.3,A,47.0,50,12.58151158270177,4.317132225263528,618.7630260127703,3.604448045661889,
0.3,A,48.0,50,11.334957765295755,4.627956379271468,675.9706123595962,3.9842146646029533,
0.3,A,49.0,50,10.231415482582879,4.957373753525843,738.1055821472719,4.37395212863706,
0.3,A,50.0,50,9.271108835578893,5.3006138754660626,802.707451861514,4.7699747231410985,
0.3,A,51.0,50,8.43532748508349,5.656619878581672,857.4520471914527,5.172809320904594,
0.3,A,52.0,50,7.710612865070105,6.022042415121173,912.2217928805353,5.579543853186103,
0.3,A,53.0,50,7.082166179770528,6.394640330945855,972.9561480818205,5.988572714603548,
0.3,A,54.0,50,6.537569824133454,6.771587210524733,1039.5283338056822,6.397619021239979,
0.3,A,55.0,50,6.064868454064046,7.150547696923787,1110.31142238573,6.804912474343912,
0.3,A,56.0,50,5.651962890112272,7.5310016419772925,1185.027311711146,7.210567216856223,
0.3,A,57.0,50,5.289325463326019,7.912372510333311,1263.3490521955198,7.614478709732295,
0.3,A,58.0,50,4.969581263593177,8.293689594470871,1344.420648175042,8.016022464285586,
0.3,A,59.0,50,4.686458165632857,8.67420913868815,1427.6385574355957,8.414757478229522,
0.3,A,60.0,50,4.434650166805394,9.05338975468991,1512.6450597566138,8.810404500223703,
0.3,A,61.0,50,4.20970923394919,9.430821698886028,1599.2234067609875,9.202777023967968,
0.3,A,62.0,50,4.0079096673857935,9.806194833485455,1687.2438038985529,9.591754598560696,
0.3,A,63.0,50,3.8261324032781077,10.179261961088548,1776.6203676059197,9.977250877274017,
0.3,A,64.0,50,3.661759276986782,10.549819073283032,1867.2907134780444,10.35919862325538,
0.3,A,65.0,50,3.512581154141239,10.917700998687605,1959.2120439518217,10.73754970185037,
0.3,A,66.0,50,3.37672593657321,11.282774215232113,2052.3553604667773,11.112271210740792,
0.3,A,67.0,50,3.2526003624415485,11.644930689568925,2146.70118544169,11.483342004663905,
0.3,A,68.0,50,3.138842599198398,12.004083309111103,2242.236898956125,11.850750332441182,
0.3,A,69.0,50,3.034283662711663,12.360162262720943,2338.9549402393786,12.214492024561007,
0.3,A,70.0,50,2.937915936255815,12.713112124018153,2436.8515439566677,12.574569062472605,
0.3,A,71.0,50,2.848867373791882,13.062889567627439,2535.9259101987864,12.930988523951987,
0.3,A,72.0,50,2.7663803097822086,13.409461482031443,2636.1795849142145,13.283761714935725,
0.3,A,73.0,50,2.689793980698672,13.752803403984046,2737.6159928706647,13.632903452873439,
0.3,A,74.0,50,2.6185300472182944,14.09289822087853,2840.240086849089,13.978431479791423,
0.3,A,75.0,50,2.5520805537205584,14.429735088570444,2944.0580801293854,14.320365977677971,
0.3,A,76.0,50,2.4899978748009826,14.763308523658448,3049.0772393220473,14.658729165333538,
0.3,A,77.0,50,2.4318862876157024,15.0936176395246,3155.305723003461,14.993544962224194,
0.3,A,78.0,50,2.3773948799681697,15.420665500105963,3262.7524543771888,15.324838706414598,
0.3,A,79.0,50,2.3262115599717044,15.744458570890755,3371.4270197829255,15.652636916722177,
0.3,A,80.0,50,2.2780579776164065,16.06500625082077,3481.3395872454985,15.976967091463742,
0.3,A,81.0,50,2.232685204096217,16.382320471724647,3592.5008406367792,16.297857537535144,
0.3,A,82.0,50,2.1898700431405738,16.69641535434418,3704.921926102245,16.615337224738695,
0.3,A,83.0,50,2.1494118713703743,17.00730691199759,3818.6144082208657,16.929435661237594,
0.3,A,84.0,50,2.1111299230427085,17.315012794488688,3933.5902339433624,17.24018278675413,
0.3,A,85.0,50,2.0748609493732495,17.619552066141058,4049.8617027914556,17.547608880728763,
0.3,A,86.0,50,2.0404571946475265,17.92094501287454,4167.4414421359215,17.851744483144163,
0.3,A,87.0,50,2.0077846411187905,18.21921297408194,4286.342386622671,18.152620326109854,
0.3,A,88.0,50,1.9767214826835258,18.514378195752318,4406.577761005252,18.450267274621126,
0.3,A,89.0,50,1.947156793877309,18.806463701853755,4528.161065794265,18.74471627516422,
0.3,A,90.0,50,1.9189893661220496,19.09549318145586,4651.106065247227,19.03599831105508,
0.3,A,91.0,50,1.8921266876019045,19.38149088945909,4775.4267773157535,19.324144363573268,
0.3,A,92.0,50,1.8664840468262345,19.66448155911979,4901.137465235504,19.609185378097287,
0.3,A,93.0,50,1.8419837429951789,19.94449032482828,5028.252630504372,19.89115223456951,
0.3,A,94.0,50,1.8185543888304312,20.221542653822045,5156.78700703738,20.170075721718103,
0.3,A,95.0,50,1.7961302936623775,20.495664285704525,5286.7555563260385,20.445986514547204,
0.3,A,96.0,50,1.7746509163486932,20.766881178799252,5418.173463454698,20.718915154677763,
0.3,A,97.0,50,1.754060379099199,21.03521946250318,5551.056133856977,20.988892033179738,
0.3,A,98.0,50,1.7343070345458143,21.300705394916985,5685.4191907085415,21.255947375586913,
0.3,A,99.0,50,1.7153430794650741,21.56336532512692,5821.2784728740435,21.520111228827293,
0.3,A,100.0,50,1.6971242094662558,21.823225659595153,5958.650033333572,21.78141344983904,
0.3,A,101.0,50,1.6796093097277753,22.080312832186177,6097.55013803076,22.039883695670813,
0.3,A,102.0,50,1.6627601775200969,22.334653277417136,6237.995265090694,22.295551414893325,
0.3,A,103.0,50,1.646541272813354,22.586273406571852,6380.002104361089,22.54844584016998,
0.3,A,104.0,50,1.6309194937471914,22.835199586363036,6523.587557242757,22.79859598185409,
0.3,A,105.0,50,1.615863974151639,23.08145811986568,6668.76873677373,23.04603062249696,
0.3,A,106.0,50,1.601345900661605,23.325075229477985,6815.562967943341,23.29077831216465,
0.3,A,107.0,50,1.5873383472724811,23.566077041695173,6963.987788208576,23.532867364474765,
0.3,A,108.0,50,1.573816125447749,23.804489573506583,7114.060948192397,23.77232585327347,
0.3,A,109.0,50,1.5607556481175078,24.04033872024838,7265.800412550413,24.009181609884383,
0.3,A,110.0,50,1.5481348061045916,24.273650244763264,7419.224360982716,24.243462220866988,
0.3,A,111.0,50,1.5359328556869312,24.504449767735363,7574.3511893846935,24.475195026230875,
0.3,A,112.0,50,1.5241303161544149,24.732762759082934,7731.199511121822,24.704407118057336,
0.3,A,113.0,50,1.5127088763492609,24.95861453030451,7889.78815841685,24.9311253394851,
0.3,A,114.0,50,1.5016513092929906,25.18203022768531,8050.136183842269,25.155376284023145,
0.3,A,115.0,50,1.4909413941031724,25.403034826280685,8212.26286190967,25.377186295155298,
0.3,A,116.0,50,1.4805638444907727,25.621653124602144,8376.187690746652,25.596581466207358,
0.3,A,117.0,50,1.4705042432061008,25.8379097399393,8541.93039386365,25.81358764044904,
0.3,A,118.0,50,1.4607489818691484,26.05182910425777,8709.510921991761,26.028230411406888,
0.3,A,119.0,50,1.451285205679984,26.263435460619387,8878.94945499576,26.240535123366215,
0.3,A,120.0,50,1.4421007625577156,26.472752860076294,9050.266403861257,26.450526872042335,
0.3,A,121.0,50,1.4331841563032495,26.679805158995286,9223.482412740057,26.658230505404404,
0.3,A,122.0,50,1.4245245034224994,26.884616016773215,9398.618361060362,26.863670624635134,
0.3,A,123.0,50,1.416111493283407,27.0872088939079,9575.695365701604,27.066871585212716,
0.3,A,124.0,50,1.4079353513128265,27.287607050392463,9754.73478321893,27.26785749810229,
0.3,A,125.0,50,1.3999868049682787,27.485833544404098,9935.758212123788,27.466652231044904,
0.3,A,126.0,50,1.3922570522455442,27.6819112312609,10118.78749522043,27.66327940993422,
0.3,A,127.0,50,1.3847377325060823,27.875862762622976,10303.844721989883,27.857762420270834,
0.3,A,128.0,50,1.3774208994289145,28.067710585916096,10490.952231022833,28.050124408686248,
0.3,A,129.0,50,1.3702989959100549,28.25747694395824,10680.132612505015,28.240388284528606,
0.3,A,130.0,50,1.3633648307490847,28.445183874771107,10871.40871074147,28.428576721502726,
0.3,A,131.0,50,1.3566115569773012,28.63085321156028,11064.803626735102,28.614712159359033,
0.3,A,132.0,50,1.3500326516951588,28.81450658284917,11260.340720801349,28.798816805624714,
0.3,A,133.0,50,1.3436218972986969,28.99616541275318,11458.043615235538,28.980912637372523,
0.3,A,134.0,50,1.337373363985396,29.17585092138171,11657.936197014904,29.16102140302158,
0.3,A,135.0,50,1.3312813934396373,29.35358412535666,11860.042620546068,29.339164624167065,
0.3,A,136.0,50,1.3253405836066339,29.529385838437115,12064.38731046496,29.515363597433975,
0.3,A,137.0,50,1.3195457744716692,29.703276672240698,12270.994964456948,29.68963939635142,
0.3,A,138.0,50,1.313892034768575,29.875277037052975,12479.890556140126,29.86201287324459,
0.3,A,139.0,50,1.3083746495478532,30.045407142716876,12691.09933797202,30.032504661141044,
0.3,A,140.0,50,1.3029891085407317,30.213686999594895,12904.646844214978,30.201135175688798,
0.3,A,141.0,50,1.2977310952607055,30.380136419597385,13120.558893925085,30.367924617083435,
0.3,A,142.0,50,1.2925964767889842,30.54477501727074,13338.861593986174,30.532892972002777,
0.3,A,143.0,50,1.287581294194615,30.707622210939864,13559.581342197675,30.696060015545626,
0.3,A,144.0,50,1.2826817535440436,30.868697223899712,13782.744830385798,30.857445313174427,
0.3,A,145.0,50,1.2778942174585026,31.02801908565112,14008.379047557666,31.0170682226585,
0.3,A,146.0,50,1.2732151971809305,31.185606633176537,14236.511283112744,31.17494789601757,
0.3,A,147.0,50,1.2686413451171092,31.341478512251598,14467.16913006627,31.33110328146335,
0.3,A,148.0,50,1.2641694478185008,31.495653178788814,14700.38048834009,31.485553125337965,
0.3,A,149.0,50,1.2597964193767381,31.64814890020991,14936.173568081409,31.638315974048744,
0.3,A,150.0,50,1.2555192952020457,31.798983756843683,15174.576893013902,31.789410175997105,
0.3,A,151.0,50,1.251335226159959,31.948175643346424,15415.619303863676,31.938853883501622,
0.3,A,152.0,50,1.247241473042651,32.0957422701422,15659.32996177469,32.08666505471386,
0.3,A,153.0,50,1.243235401352909,32.24170116488053,15905.738351815891,32.2328614555259,
0.3,A,154.0,50,1.2393144763804802,32.38606967390911,16154.874286501306,32.3774606614696,
0.3,A,155.0,50,1.235476258551904,32.52886496375953,16406.767909349695,32.520480059606136,
0.3,A,156.0,50,1.2317183990364298,32.670104022643926,16661.449698512388,32.661936850405844,
0.3,A,157.0,50,1.2280386355917687,32.80980366196084,16918.95047041847,32.8018480496168,
0.3,A,158.0,50,1.224434788634637,32.94798051780859,17179.301383478825,32.94023049012329,
0.3,A,159.0,50,1.220904757522118,33.084651052504526,17442.5339418115,33.07710082379189,
0.3,A,160.0,50,1.217446517030834,33.219831556108886,17708.679999040785,33.212475523305955,
0.3,A,161.0,50,1.2140581140218105,33.35353814795177,17977.7717621175,33.34637088398813,
0.3,A,162.0,50,1.2107376642797743,33.485786778162144,18249.841795193566,33.478803025609245,
0.3,A,163.0,50,1.2074833495164203,33.61659322919767,18524.92302353424,33.609787894185224,
0.3,A,164.0,50,1.2042934145277986,33.74597311737431,18803.048737494988,33.739341263760465,
0.3,A,165.0,50,1.2011661644967653,33.873941894394825,19084.252596510258,33.86747873817756,
0.3,A,166.0,50,1.1980999624319322,34.000514848875135,19368.568633157032,33.99421575283335,
0.3,A,167.0,50,1.1950932267351915,34.12570710786791,19656.03125723903,34.11956757642167,
0.3,A,168.0,50,1.192144428890371,34.24953363838243,19946.675259962423,34.243549312661564,
0.3,A,169.0,50,1.1892520912660824,34.372009248900206,20240.535818108365,34.366175902011456,
0.3,A,170.0,50,1.1864147850262643,34.49314859088551,20537.648498271905,34.48746212336931,
0.3,A,171.0,50,1.18363112814235,34.61296616029048,20838.049261156473,34.60742259575822,
0.3,A,172.0,50,1.1808997835013382,34.73147629905397,21141.774465921575,34.72607177999755,
0.3,A,173.0,50,1.1782194571044944,34.84869319659385,21448.86087455036,34.84342398035982,
0.3,A,174.0,50,1.1755888963516146,34.964630891292224,21759.34565629533,34.95949334621294,
0.3,A,175.0,50,1.1730068884062208,35.07930327197314,22073.266392173464,35.07429387364761,
0.3,A,176.0,50,1.1704722586372636,35.192724079372354,22390.661079478206,35.18783940709063,
0.3,A,177.0,50,1.1679838691332196,35.304906907598934,22711.56813639413,35.30014364090305,
0.3,A,178.0,50,1.1655406172846958,35.41586520558816,23036.026406625708,35.41122012096415,
0.3,A,179.0,50,1.1631414344319093,35.52561227854568,23364.075164078284,35.52108224624041,
0.3,A,180.0,50,1.1607852845736213,35.63416128938242,23695.754117616616,35.629743270340434,
0.3,A,181.0,50,1.1584711631343008,35.74152526014013,24031.103415859663,35.73721630305444,
0.3,A,182.0,50,1.1561980957864872,35.84771707340734,24370.163652018753,35.84351431188028,
0.3,A,183.0,50,1.1539651373255193,35.95274947372541,24712.97586882147,35.94865012353399,
0.3,A,184.0,50,1.1517713705939203,36.05663506898471,25059.58156345937,36.05263642544663,
0.3,A,185.0,50,1.1496159054529373,36.15938633181049,25410.02269260277,36.15548576724614,
0.3,A,186.0,50,1.1474978777988352,36.26101560093853,25764.341677478937,36.2572105622253,
0.3,A,187.0,50,1.1454164486216996,36.361535082580296,26122.58140899272,36.35782308879505,
0.3,A,188.0,50,1.1433708031046421,36.46095685177759,26484.785252912832,36.45733549192395,
0.3,A,189.0,50,1.141360149761386,36.55929285374645,26850.9970551317,36.55575978456319,
0.3,A,190.0,50,1.1393837196103744,36.6565549052104,27221.261146938512,36.653107849057776,
0.3,A,191.0,50,1.1374407653835825,36.75275469572281,27595.62235040301,36.749391438543405,
0.3,A,192.0,50,1.1355305607683868,36.847903788978364,27974.125983780345,36.84462217832993,
0.3,A,193.0,50,1.133652399680859,36.94201362411364,28356.817866991987,36.93881156727033,
0.3,A,194.0,50,1.1318055955690252,37.035095516996655,28743.74432719613,37.031970979116714,
0.3,A,195.0,50,1.129989480744614,37.127160661505364,29134.95220433431,37.12411166386201,
0.3,A,196.0,50,1.128203405742006,37.218220130795196,29530.488856858286,37.2152447490687,
0.3,A,197.0,50,1.1264467387030483,37.30828487855544,29930.402167417393,37.305381241183234,
0.3,A,198.0,50,1.1247188647865722,37.3973657402546,30334.7405486716,37.39453202683827,
0.3,A,199.0,50,1.1230191856014509,37.48547343437466,30743.552949136,37.482707874140694,
0.3,A,200.0,50,1.1213471186621102,37.57261856363426,31156.88885909961,37.56991943394669,
0.3,A,201.0,50,1.1197020968654867,37.65881161620082,31574.79831662816,37.65617724112404,
0.3,A,202.0,50,1.1180835679884193,37.74406296689162,31997.331913618702,37.74149171580141,
0.3,A,203.0,50,1.1164909942045933,37.82838287836378,32424.540801877556,37.82587316460419,
0.3,A,204.0,50,1.1149238516201376,37.91178150229338,32856.47669937628,37.90933178187863,
0.3,A,205.0,50,1.1133816298270331,37.99426888054341,33293.191896473814,37.99187765090214,
0.3,A,206.0,50,1.1118638314735743,38.07585494632092,33734.739262234645,38.073520745082085,
0.3,A,207.0,50,1.110369971851098,38.15654952532324,34181.172250847936,38.154270929141724,
0.3,A,208.0,50,1.1088995784962883,38.23636233687327,34632.54490807031,38.23413796029328,
0.3,A,209.0,50,1.1074521908083728,38.315302995044014,35088.91187780246,38.31313148939979,
0.3,A,210.0,50,1.1060273596805668,38.39338100977232,35550.32840865283,38.391261062124194,
0.3,A,211.0,50,1.1046246471451506,38.47060578796192,36016.85036068579,38.46853612006655,
0.3,A,212.0,50,1.1032436260315996,38.546986634575745,36488.534212117884,38.54496600188929,
0.3,A,213.0,50,1.1018838796372092,38.622532753717714,36965.43706618829,38.62055994443083,
0.3,A,214.0,50,1.1005450014096918,38.69725324970389,37447.616658087725,38.69532708380727,
0.3,A,215.0,50,1.0992265946412356,38.77115712812321,37935.13136189079,38.7692764565029,
0.3,A,216.0,50,1.0979282721735517,38.84425329688772,38428.040197660775,38.842417000448584,
0.3,A,217.0,49,1.0966496561134573,38.91655056727254,38926.40283860453,38.91475755608965,
0.3,A,218.0,49,1.0953903775585412,38.9880576549454,39430.27961825143,38.98630686744129,
0.3,A,219.0,49,1.0941500763325265,39.058783180986076,39939.73153776924,39.05707358313427,
0.3,A,220.0,49,1.0929284007299116,39.12873567289557,40454.820273371115,39.127066257448455,
0.3,A,221.0,49,1.0917250072695164,39.19792356559525,40975.60818379253,39.19629335133575,
0.3,A,222.0,49,1.0905395604565864,39.26635520241592,41502.158317761496,39.264763233432404,
0.3,A,223.0,49,1.0893717325531012,39.33403883607703,42034.53442170985,39.332484181060245,
0.3,A,224.0,49,1.0882212033559577,39.40098262965588,42572.80094745877,39.39946438121743,
0.3,A,225.0,49,1.087087659982726,39.467194657547154,43117.02306000435,39.46571193155873,
0.3,A,226.0,49,1.0859707966646641,39.53268290641263,43667.266645443495,39.53123484136516,
0.3,A,227.0,49,1.0848703145467251,39.597455276121295,44223.59831892696,39.59604103250365,
0.3,A,228.0,49,1.083785921494269,39.661519580679844,44786.08543271282,39.660138340376,
0.3,A,229.0,49,1.082717331906222,39.72488354915373,45354.7960843376,39.72353451485821,
0.3,A,230.0,49,1.0816642665344387,39.78755482657873,45929.79912484041,39.78623722122932,
0.3,A,231.0,49,1.0806264523090232,39.84954097486322,46511.16416710997,39.84825404109082,
0.3,A,232.0,49,1.07960362216939,39.91084947368114,47098.96159434612,39.909592473275794,
0.3,A,233.0,49,1.0785955149008344,39.97148772135582,47693.262568454375,39.97025993474851,
0.3,A,234.0,49,1.0776018749764118,40.03146303573463,48294.13903883907,40.03026376149436,
0.3,A,235.0,49,1.0766224524039323,40.09078265505464,48901.66375102755,40.08961120940045,
0.3,A,236.0,49,1.0756570025778573,40.14945373879931,49515.91025541442,40.148309455126366,
0.3,A,237.0,49,1.074705286135947,40.20748336854632,50136.95291622179,40.20636559696593,
0.3,A,238.0,49,1.0737670688204515,40.26487854880656,50764.866920538574,40.26378665569982,
0.3,A,239.0,49,1.0728421213437023,40.32164620785445,51399.728287377184,40.32057957543825,
0.3,A,240.0,49,1.07193021925793,40.37779319854955,52041.61387688579,40.37675122445573,
0.3,A,241.0,49,1.071031142829156,40.4333262991497,52690.601399619816,40.432308396015976,
0.3,A,242.0,49,1.0701446769150131,40.48825221411557,53346.76942601537,40.48725780918854,
0.3,A,243.0,49,1.0692706108463552,40.54257757490686,54010.19739583093,40.54160610965594,
0.3,A,244.0,49,1.068408738312508,40.596308940770164,54680.965627844875,40.59535987051292,
0.3,A,245.0,49,1.0675588572500505,40.64945279951855,55359.15532948755,40.64852559305664,
0.3,A,246.0,49,1.0667207697349832,40.70201556830298,56044.84860674988,40.70110970756823,
0.3,A,247.0,49,1.065894281878167,40.754003594375654,56738.128474112345,40.75311857408644,
0.3,A,248.0,49,1.0650792037239365,40.80542315584524,57439.07886450729,40.80455848317229,
0.3,A,249.0,49,1.064275349151743,40.85628046242428,58147.78463956254,40.855435656666415,
0.3,A,250.0,49,1.063482535780749,40.90658165616861,58864.33159990171,40.90575624843657,
0.3,A,251.0,49,1.0627005848772642,40.95633281220903,59588.806495451965,40.9555263451195,
0.3,A,252.0,49,1.0619293212649197,41.00553993947526,60321.29703598831,41.00475196685213,
0.3,A,253.0,49,1.0611685732374887,41.054208981412216,61061.89190172916,41.053439067997246,
0.3,A,254.0,49,1.0604181724742643,41.10234581668872,61810.68075407046,41.10159353785954,
0.3,A,255.0,49,1.0596779539579162,41.14995625989872,62567.75424648487,41.14922120139489,
0.3,A,256.0,49,1.058947755894718,41.19704606225508,63333.20403554325,41.19632781991171,
0.3,A,257.0,49,1.0582274196370958,41.243620912275965,64107.122791809314,41.24291909176468,
0.3,A,258.0,49,1.0575167896083943,41.28968643646402,64889.60421120082,41.289000653040944,
0.3,A,259.0,49,1.056815713229804,41.33524819997828,65680.74302638345,41.33457807823929,
0.3,A,260.0,49,1.0561240408493657,41.38031170729895,66480.63501817045,41.37965688094095,
0.3,A,261.0,49,1.0554416256729928,41.42488240288513,67289.37702709319,41.42424251447455,
0.3,A,262.0,49,1.0547683236974381,41.468965671825515,68107.06696508093,41.46834037257262,
0.3,A,263.0,49,1.0541039936451473,41.51256684048218,68933.80382750876,41.51195579002198,
0.3,A,264.0,49,1.0534484969009277,41.555691177127514,69769.68770496263,41.555094043305864,
0.3,A,265.0,49,1.0528016974503882,41.59834389257433,70614.81979554806,41.59776035124059,
0.3,A,266.0,49,1.0521634618200797,41.64053014079927,71469.30241693913,41.63995987560406,
0.3,A,267.0,49,1.0515336590192872,41.682255019559584,72333.23901896649,41.681697721758376,
0.3,A,268.0,49,1.0509121604834222,41.72352357100324,73206.73419594891,41.722978939264635,
0.3,A,269.0,49,1.0502988400189561,41.764340782272605,74089.89369958319,41.763808522492425,
0.3,A,270.0,49,1.0496935737498587,41.80471158610156,74982.82445153562,41.804191411221275,
0.3,A,271.0,49,1.0490962400654864,41.84464086140637,75885.63455641572,41.84413249123709,
0.3,A,272.0,49,1.0485067195698659,41.8841334338701,76798.43331505347,41.88363659492025,
0.3,A,273.0,49,1.0479248950323525,41.923194076520794,77721.33123751805,41.922708501829334,
0.3,A,274.0,49,1.0473506513395965,41.96182751030356,78654.44005657463,41.961352939277184,
0.3,A,275.0,49,1.046783875448788,42.000038404646325,79597.8727411329,41.999574582900905,
0.3,A,276.0,49,1.0462244563421461,42.03783137801975,80551.74351020197,42.03737805722608,
0.3,A,277.0,49,1.045672284982604,42.07521099849095,81516.16784633846,42.07476793622451,
0.3,A,278.0,48,1.0451272542706498,42.11218178427137,82491.2625099298,42.11174874386607,
0.3,A,279.0,48,1.0445892590023096,42.14874820425874,83477.14555305528,42.148324954664425,
0.3,A,280.0,48,1.0440581958282102,42.18491467857318,84473.93633415003,42.18450099421701,
0.3,A,281.0,48,1.0435339632137104,42.22068557908764,85481.755532045,42.22028123973883,
0.3,A,282.0,48,1.043016461400054,42.25606522995254,86500.72516071181,42.255670020590934,
0.3,A,283.0,48,1.0425055923665263,42.291057908114745,87530.9685843909,42.290671618802534,
0.3,A,284.0,48,1.0420012597935735,42.32566784383108,88572.61053190031,42.32529026958806,
0.3,A,285.0,48,1.0415033690268638,42.35989922117621,89625.77711227132,42.35953016185806,
0.3,A,286.0,48,1.041011827042254,42.39375617854505,90690.59582972666,42.39339543872509,
0.3,A,287.0,48,1.0405265424116472,42.42724280914983,91767.19559924856,42.42689019800328,
0.3,A,288.0,48,1.0400474252697045,42.46036316151178,92855.70676204142,42.46001849270364,
0.3,A,289.0,48,1.039574387281388,42.49312123994745,93956.26110135188,42.49278433152271,
0.3,A,290.0,48,1.0391073416103176,42.525521005049846,95068.99185873976,42.52519167932695,
0.3,A,291.0,48,1.0386462028879044,42.55756637416441,96194.03374973524,42.557244457631185,
0.3,A,292.0,48,1.038190887183259,42.58926122185976,97331.5229803723,42.58894654507193,
0.3,A,293.0,48,1.0377413119738241,42.62060938039343,98481.59726374419,42.620301777876215,
0.3,A,294.0,48,1.0372973961167429,42.65161464017258,99644.39583645063,42.65131395032404,
0.3,A,295.0,48,1.036859059820915,42.68228075020967,100820.05947583119,42.68198681520717,
0.3,A,296.0,48,1.036426224619731,42.71261141857326,102008.73051647402,42.71232408428198,
0.3,A,297.0,48,1.0359988133444769,42.74261031283395,103210.55286815554,42.74232942871784,
0.3,A,298.0,48,1.0355767500983641,42.77228106050546,104425.67203244196,42.772006479540224,
0.3,A,299.0,48,1.0351599602312012,42.80162724948097,105654.23512094766,42.80135882806974,
0.3,A,300.0,48,1.0347483703146503,42.8306524284647,106896.39087290326,42.830390026355275,
0.3,A,301.0,48,1.0343419081180876,42.859360107398906,108152.2896731003,42.85910358760336,
0.3,A,302.0,48,1.0339405025850295,42.88775375788616,109422.08357024427,42.88750298660248,
0.3,A,303.0,48,1.0335440838101184,42.91583681360712,110705.9262952863,42.915591660142795,
0.3,A,304.0,48,1.0331525830166455,42.94361267073376,112003.97327994008,42.94337300743108,
0.3,A,305.0,48,1.0327659325346017,42.971084688338145,113316.38167588417,42.97085039050176,
0.3,A,306.0,48,1.0323840657792411,42.998256188796724,114643.31037319158,42.99802713462265,
0.3,A,307.0,48,1.0320069172301456,43.02513045819032,115984.92002007681,43.02490652869693,
0.3,A,308.0,48,1.031634422410762,43.051710746699726,117341.37304192859,43.05149182566039,
0.3,A,309.0,48,1.0312665178684266,43.078000268997066,118712.83366154341,43.077786242874375,
0.3,A,310.0,48,1.0309031411548353,43.10400220463286,120099.4679183816,43.103792962514746,
0.3,A,311.0,48,1.0305442308069668,43.12971969841893,121501.44368896863,43.129515131956026,
0.3,A,312.0,48,1.0301897263284376,43.15515586080717,122918.93070736661,43.154955864152,
0.3,A,313.0,48,1.0298395681712846,43.18031376826414,124352.10058546685,43.18011823801171,
0.3,A,314.0,47,1.0294936977181461,43.205196463641684,125801.12683364167,43.20500529877146,
0.3,A,315.0,47,1.0291520572648625,43.22980695654347,127266.18488230911,43.229620058363004,
0.3,A,316.0,47,1.0288145900034502,43.25414822368757,128747.45210270774,43.253965495777216,
0.3,A,317.0,47,1.0284812400054693,43.27822320926513,130245.10782838399,43.27804455742439,
0.3,A,318.0,47,1.028151952205748,43.30203482529507,131759.33337711694,43.301860157490104,
0.3,A,319.0,47,1.027826672386477,43.32558595197505,133290.3120727218,43.3254151782875,
0.3,A,320.0,47,1.0275053471616526,43.34887943802854,134838.22926728526,43.34871247060578,
0.3,A,321.0,47,1.0271879239618622,43.371918101048145,136403.27236343178,43.371754854054366,
0.3,A,322.0,47,1.0268743510193976,43.39470472783521,137985.63083756412,43.3945451174041,
0.3,A,323.0,47,1.0265645773537009,43.417242074735725,139585.49626219182,43.417086018924046,
0.3,A,324.0,47,1.0262585527571224,43.43953286797259,141203.06232929698,43.43938028671499,
0.3,A,325.0,47,1.025956227780989,43.46157980397428,142838.52487397447,43.46143061903926,
0.3,A,326.0,47,1.0256575537219672,43.48338554969993,144492.0818978797,43.483239684646655,
0.3,A,327.0,47,1.0253624826087282,43.50495274296087,146163.93359359636,43.504810123097286,
0.3,A,328.0,47,1.0250709671888925,43.52628399273867,147854.28236826457,43.52614454508063,
0.3,A,329.0,47,1.0247829609162535,43.54738187949978,149563.33286879022,43.547245532730884,
0.3,A,330.0,47,1.024498417938274,43.5682489555067,151291.29200576994,43.56811563993943,
0.3,A,331.0,47,1.0242172930838433,43.588887745125746,153038.36897946897,43.588757392663304,
0.3,A,332.0,47,1.0239395418513024,43.609300745131534,154804.7753045219,43.60917328923066,
0.3,A,333.0,47,1.0236651203967067,43.629490425008136,156590.72483583874,43.629365800643065,
0.3,A,334.0,47,1.0233939855223464,43.64945922724688,158396.4337941218,43.64933737087372,
0.3,A,335.0,47,1.0231260946655012,43.66920956764105,160222.12079266962,43.66909041716341,
0.3,A,336.0,47,1.022861405887427,43.68874383557727,162068.00686306876,43.68862733031252,
0.3,A,337.0,47,1.0225998778625731,43.70806439432377,163934.31548293508,43.70795047497019,
0.3,A,338.0,47,1.0223414698680258,43.72717358131549,165821.27260186238,43.727062189920055,
0.3,A,339.0,47,1.0220861417731562,43.74607370843612,167729.10666940527,43.74596478836334,
0.3,A,340.0,47,1.0218338540294938,43.764767062297004,169658.048662748,43.76466055819813,
0.3,A,341.0,47,1.0215845676608044,43.783255904513105,171608.33211508664,43.78315176229662,
0.3,A,342.0,47,1.0213382442533558,43.80154247197585,173580.19314223484,43.801440638777926,
0.3,A,343.0,47,1.0210948459464015,43.81962897712312,175573.8704735309,43.81952940127945,
0.3,A,344.0,47,1.020854335422842,43.83751760820624,177589.60547863206,43.83742023922412,
0.3,A,345.0,47,1.0206166759000765,43.855210529554036,179627.6421982388,43.855115318085524,
0.3,A,346.0,47,1.0203818311210437,43.87270988183409,181688.22737281353,43.872616779649235,
0.3,A,347.0,47,1.0201497653454328,43.890017782311105,183771.61047273257,43.889926742272294,
0.3,A,348.0,47,1.0199204433410785,43.90713632510244,185878.04372891792,43.907047301139166,
0.3,A,349.0,47,1.019693830375518,43.924067581430926,188007.78216204836,43.92398052851512,
0.3,A,350.0,47,1.0194698922077208,43.94081359987487,190161.0836154876,43.9407284739969,
0.3,A,351.0,47,1.019248595079979,43.957376406615346,192338.2087839894,43.95729316476052,
0.3,A,352.0,47,1.0190299057099552,43.973758005680814,194539.4212475017,43.973676605806645,
0.3,A,353.0,47,1.0188137912828903,43.989960379189064,196764.98750188047,43.98988078020255,
0.3,A,354.0,47,1.0186002194439592,44.00598548758652,199015.17699153302,44.00590764932277,
0.3,A,355.0,46,1.0183891582907758,44.02183526988494,201290.2621419893,44.02175915308538,
0.3,A,356.0,46,1.0181805763660423,44.03751164389553,203590.51839260999,44.03743721018746,
0.3,A,357.0,46,1.0179744426503443,44.05301650646052,205916.22423029353,44.05294371833648,
0.3,A,358.0,46,1.017770726555077,44.06835173368223,208267.66122323266,44.06828055448045,
0.3,A,359.0,46,1.017569397915514,44.08351918114957,210645.1140545336,44.083449575034315,
0.3,A,360.0,46,1.0173704269840056,44.09852068416217,213048.870557277,44.09845261610497,
0.3,A,361.0,46,1.017173784423303,44.113358057952006,215479.2217490619,44.113291493713106,
0.3,A,362.0,46,1.0169794413000162,44.12803309790259,217936.4618664137,44.127968004012935,
0.3,A,363.0,46,1.016787369078188,44.14254757976585,220420.8884027488,44.14248392350945,
0.3,A,364.0,46,1.0165975396129947,44.15690325987661,222932.80214193783,44.15684100927326,
0.3,A,365.0,45,1.016409925144562,44.171101875364634,225472.50719554356,44.17104099915318,
0.3,A,366.0,45,1.0162244982918975,44.18514514436454,228040.31103978658,44.18508561198642,
0.3,A,367.0,45,1.0160412320469354,44.19903476622329,230636.52455363137,44.1989765478065,
0.3,A,368.0,45,1.0158600997686906,44.21277242170547,233261.4620545533,44.212715488048914,
0.3,A,369.0,45,1.015681075177529,44.2263597731963,235915.44133821302,44.22630409575448,
0.3,A,370.0,45,1.0155041323495282,44.239798464902464,238598.78371550495,44.23974401577058,
0.3,A,371.0,45,1.0153292457109606,44.25309012305074,241311.81405344958,44.25303687495002,
0.3,A,372.0,45,1.0151563900328588,44.26623635608448,244054.86081220495,44.266184282347936,
0.3,A,373.0,45,1.0149855404256969,44.27923875485785,246828.25608587838,44.27918782941653,
0.3,A,374.0,45,1.0148166723341574,44.292098892828136,249632.3356437833,44.292049090197224,
0.3,A,375.0,45,1.014649761531997,44.30481832624576,252467.43897005552,44.30476962151148,
0.3,A,376.0,45,1.014484784117005,44.31739859434236,255333.9093041999,44.317350963149075,
0.3,A,377.0,45,1.0143217165060572,44.329841219516716,258232.09368347254,44.329794638054025,
0.3,A,378.0,45,1.014160535430245,44.342147707518755,261162.34298388904,44.34210215250933,
0.3,A,379.0,45,1.0140012179301123,44.35431954763145,264125.0119647624,44.35427499631881,
0.3,A,380.0,45,1.0138437413509553,44.3663582128508,267120.4593102249,44.366314642987575,
0.3,A,381.0,45,1.0136880833382247,44.3782651600638,270149.0476722367,44.37822254990014,
0.3,A,382.0,45,1.013534221832999,44.390041830224526,273211.14371543843,44.390000158496875,
0.3,A,383.0,45,1.0133821350675383,44.40168964852823,276307.11816063285,44.40164889444822,
0.3,A,384.0,44,1.0132318015609216,44.41321002458358,279437.3458309728,44.41317016782739,
0.3,A,385.0,44,1.0130832001147565,44.42460435258301,282602.2056960864,44.42456537328078,
0.3,A,386.0,44,1.0129363098089674,44.435874011471235,285802.0809183752,44.435835890196785,
0.3,A,387.0,44,1.0127911099976508,44.44702036511187,289037.358900265,44.44698308287273,
0.3,A,388.0,44,1.012647580305011,44.45804476245227,292308.431329629,44.458008300679815,
0.3,A,389.0,44,1.0125057006213616,44.46894853768657,295615.694227292,44.46891287822655,
0.3,A,390.0,44,1.0123654510991982,44.479733010416965,298959.5479970429,44.47969813551999,
0.3,A,391.0,44,1.0122268121493339,44.49039948581314,302340.3974712824,44.49036537812576,
0.3,A,392.0,44,1.0120897644371103,44.500949254770106,305758.65196256316,44.500915897325605,
0.3,A,393.0,44,1.0119542888786632,44.51138359406415,309214.72531143524,44.511350970274016,
0.3,A,394.0,44,1.0118203666372645,44.52170376650724,312709.0359367929,44.52167186015257,
0.3,A,395.0,44,1.01168797911971,44.5319110210996,316242.0068868347,44.53187981632282,
0.3,A,396.0,44,1.0115571079727836,44.54200659318075,319814.06589163694,44.54197607447739,
0.3,A,397.0,44,1.0114277350797751,44.55199170457878,323425.6454114335,44.55196185678965,
0.3,A,398.0,44,1.0112998425570567,44.5618675637581,327077.18269271305,44.561838372061416,
0.3,A,399.0,44,1.0111734127507157,44.57163536596546,330769.1198185811,44.5716068158692,
1.0,A,0.0,50,35.78042978875286,6.978222372435909,65.0335997977485,1.0044376160089603,
1.0,A,1.0,50,35.78280973792205,6.969137831167992,65.14378211554994,1.0029305207568675,
1.0,A,2.0,50,35.7875879320894,6.9567336052699655,65.3515622506018,1.0003633913036882,
1.0,A,3.0,50,35.78561382351352,6.942749036099606,65.47737194207613,0.9963580390041329,
1.0,A,4.0,50,35.78234531516663,6.929686214778665,65.41967654061946,0.9926926250307049,
1.0,A,5.0,50,35.78987480624263,6.9178657726337915,65.00397239290649,0.9928571968830552,
1.0,A,6.0,50,35.79620993359509,6.904372795477937,65.31157354239245,1.0136725934332322,
1.0,A,7.0,50,35.7968320958829,6.891095226595387,65.87052714424313,1.0233430877972256,
1.0,A,8.0,50,35.80242419075889,6.879737710128397,65.86137390370762,1.0292413301960837,
1.0,A,9.0,50,35.79903703114008,6.868515503717041,66.12023198664023,1.0537421069099062,
1.0,A,10.0,50,35.78760218449497,6.857517638232072,66.953463964957,1.0738310224352452,
1.0,A,11.0,50,35.78818718790971,6.847141695697764,67.2091612955157,1.082321973939922,
1.0,A,12.0,50,35.77926735663284,6.837523581841401,67.39426714465507,1.1074344345491833,
1.0,A,13.0,50,35.753655348934615,6.828999423333087,68.57418618635819,1.1364509673561898,
1.0,A,14.0,50,35.74282863269224,6.820162483048268,69.34634347782733,1.1515860883060889,
1.0,A,15.0,50,35.7309971047567,6.8114993140862925,69.47197449664213,1.1746091506421705,
1.0,A,16.0,50,35.68959047075999,6.805524976114063,70.84219506152023,1.2085953177920434,
1.0,A,17.0,50,35.655073409468045,6.799690821661418,72.27594493029412,1.234715850704029,
1.0,A,18.0,50,35.64086657854758,6.791757714308926,72.44215289657393,1.258515756844522,
1.0,A,19.0,50,35.588097898982404,6.787612419425054,73.79438044494944,1.2932599718653577,
1.0,A,20.0,50,35.520262646488035,6.785830306106087,75.99476552858785,1.3290207905118832,
1.0,A,21.0,50,35.494769363488544,6.779559565593234,76.48847217550677,1.3585634407929772,
1.0,A,22.0,50,35.44058033041013,6.775891437282025,77.5112678945962,1.3917925757149092,
1.0,A,23.0,50,35.34104530347897,6.777862401679906,80.34658588972354,1.4316201504760588,
1.0,A,24.0,50,35.284223238554695,6.775510107827637,81.57503233197993,1.4701602982031232,
1.0,A,25.0,50,35.23711178799982,6.771232561676302,82.09264659843906,1.503051667551689,
1.0,A,26.0,50,35.1207759701136,6.7751506152462175,85.1184117258153,1.5411904343345555,
1.0,A,27.0,50,35.016798261097385,6.778438230298713,87.35492128164991,1.6453876085089911,
1.0,A,28.0,50,34.97069916793896,6.7742429174328,87.60076450633065,1.6225830742429659,
1.0,A,29.0,50,34.861261522064574,6.777377899602191,90.08780614700872,1.7205188211849034,
1.0,A,30.0,50,34.71801333682307,6.7852695094859605,93.23919625877053,1.864159992413448,
1.0,A,31.0,50,34.64975665819799,6.783935952449792,93.73648100298266,1.8121154090936582,
1.0,A,32.0,50,34.56377506082146,6.784397847275956,95.12817009185981,1.8617316434818854,
1.0,A,33.0,50,34.40921942503523,6.793584891498627,98.73047303702504,2.0087445696264337,
1.0,A,34.0,50,34.30636765418311,6.796727459886066,99.80692743251329,2.016825193729181,
1.0,A,35.0,50,34.235841446617414,6.795438834058976,100.25352503015355,1.9926507413829335,
1.0,A,36.0,50,34.09223128023295,6.803327033311064,103.72007703895872,2.1188669373095608,
1.0,A,37.0,50,33.9614595475304,6.810165096616577,105.54488561210103,2.1642731919506835,
1.0,A,38.0,50,33.888549906325274,6.809269844705342,105.53051295967506,2.1177165629682984,
1.0,A,39.0,50,33.76813512044493,6.814456921464171,108.22038011181492,2.2020272499432556,
1.0,A,40.0,50,33.6286646239934,6.822585555039661,110.8841354855518,2.2714548156961194,
1.0,A,41.0,50,33.54258719900942,6.823495836499017,111.00851224977256,2.226627779447983,
1.0,A,42.0,50,33.43229273084763,6.82756882267311,112.81577485828129,2.271397943154186,
1.0,A,43.0,50,33.27664652805841,6.83773661954161,116.41906407499613,2.369446015272682,
1.0,A,44.0,50,33.15863118166599,6.842836188773537,116.83369948610715,2.3520232330529827,
1.0,A,45.0,50,33.087561731867524,6.84193680475341,116.17186603565565,2.268112466978327,
1.0,A,46.0,50,33.06485664607894,6.8352724511767,117.46412336760794,2.268677235956035,
1.0,A,47.0,50,32.959567481379324,6.837783973610703,120.03413406128355,2.3609349688714283,
1.0,A,48.0,50,32.58626051930177,6.87311785468405,126.80099031106016,2.611235998925344,
1.0,A,49.0,50,32.039361166633064,6.930419378713448,136.94369478281678,2.8627494566595963,
1.0,A,50.0,50,31.444582171185566,6.995542692809722,144.3748225182271,3.078260343029253,
1.0,A,51.0,50,30.77475730329441,7.070784536030098,152.12497904719027,3.3016902320744874,
1.0,A,52.0,50,29.93936232332597,7.16838923418376,164.63212785009665,3.585662782888441,
1.0,A,53.0,50,28.91602364602598,7.294590300516218,186.18133020305913,3.9229214205355936,
1.0,A,54.0,50,27.76086757140332,7.445590178974591,223.1465213212748,4.285978754253883,
1.0,A,55.0,50,26.553717829937128,7.615435596376505,271.59640378601347,4.654760959286211,
1.0,A,56.0,50,25.336369387828743,7.79977467405825,321.5781321171899,5.022421214551387,
1.0,A,57.0,50,24.105764643003564,8.000637081645714,378.6905675666314,5.395742927366461,
1.0,A,58.0,50,22.868856605595358,8.219983881565541,465.0328015224395,5.778339482949926,
1.0,A,59.0,50,21.648023822615734,8.455315287728348,608.4044523066311,6.1668054051263725,
1.0,A,60.0,50,20.464638961148953,8.703858847311162,837.9604838559442,6.55768315421928,
1.0,A,61.0,50,19.335123304731038,8.963382274245578,1174.4663594672497,6.948404584581525,
1.0,A,62.0,50,18.267241249642858,9.231546516021416,1631.4326930228215,7.337249829501386,
1.0,A,63.0,50,17.259451995145024,9.50769157340881,2324.895001617015,7.724913437685392,
1.0,A,64.0,50,16.311540677036163,9.791289632681462,3645.6407606431762,8.111665506742856,
1.0,A,65.0,50,15.425680951598192,10.080686753180885,7309.752963797546,8.496232493978653,
1.0,A,66.0,49,14.600063827306409,10.374666681788037,46504.132163287635,8.878132670333146,
1.0,A,67.0,49,13.83074165215149,10.672984568960171,15218.716459131781,9.258016817947635,
1.0,A,68.0,50,13.113233884177392,10.975094774489941,7615.928274627977,9.635998053448155,
1.0,A,69.0,50,12.444955791081586,11.280287308724564,5474.49174949242,10.01177138146788,
1.0,A,70.0,50,11.82331323450056,11.587887952586536,4467.927480925059,10.385044756337285,
1.0,A,71.0,50,11.245430176024243,11.897268128636135,3889.38675106586,10.755571092688404,
1.0,A,72.0,50,10.708224449241007,12.207906291911339,3521.0186117480985,11.123207451714187,
1.0,A,73.0,50,10.208608608850296,12.519382718779527,3272.645435133618,11.487891458461846,
1.0,A,74.0,50,9.743739108791562,12.831293095509572,3098.583792114469,11.849531239059118,
1.0,A,75.0,50,9.310943670387623,13.143271814163072,2973.7224244600807,12.208043699742886,
1.0,A,76.0,50,8.907708699442859,13.45500046362559,2883.264290149146,12.563368540067268,
1.0,A,77.0,50,8.531693841055155,13.766200413631205,2817.893250914216,12.915461896491566,
1.0,A,78.0,50,8.180734717058085,14.076626785616657,2771.4357421351415,13.264292004515458,
1.0,A,79.0,50,7.8528382880802985,14.386063999179493,2739.634329191572,13.609836701065197,
1.0,A,80.0,50,7.546175339558756,14.694321581642381,2719.45287982522,13.9520810613398,
1.0,A,81.0,50,7.2590701921112455,15.001231238631114,2708.668237633227,14.29101628376176,
1.0,A,82.0,50,6.989989713561183,15.306644410922075,2705.6161502151217,14.626638893682847,
1.0,A,83.0,50,6.737532419834152,15.610430018204232,2709.026322644332,14.958949944580295,
1.0,A,84.0,50,6.500417805711168,15.912472486968502,2717.9126653723474,15.287954351767986,
1.0,A,85.0,50,6.277476119953123,16.212670030919792,2731.498353543136,15.61366034125037,
1.0,A,86.0,50,6.067638727548595,16.51093313857928,2749.1634161218713,15.93607898034654,
1.0,A,87.0,50,5.869929121925707,16.807183244932112,2770.407342775346,16.255223780469123,
1.0,A,88.0,50,5.68345461352762,17.101351562499254,2794.821914875292,16.571110359316602,
1.0,A,89.0,50,5.507398694246133,17.393378047918702,2822.0711294876146,16.88375614921503,
1.0,A,90.0,50,5.3410140549229475,17.683210487722068,2851.876148752743,17.193180145374306,
1.0,A,91.0,50,5.183616222833774,17.970803688482512,2884.0038664284157,17.49940268815368,
1.0,A,92.0,50,5.034577779927393,18.256118758230876,2918.258116295574,17.802445274151864,
1.0,A,93.0,50,4.893323119498405,18.539122467862704,2954.472836693496,18.10233039188189,
1.0,A,94.0,50,4.759323698216611,18.81978668278526,2992.506701712236,18.399081378517824,
1.0,A,95.0,50,4.632093741253689,19.098087856266496,3032.238864517426,18.692722294687126,
1.0,A,96.0,50,4.5111863599629345,19.37400657710546,3073.5655530631598,18.983277814803646,
1.0,A,97.0,50,4.396190043898755,19.647527165198348,3116.3973255413675,19.270773130821034,
1.0,A,98.0,50,4.286725491606062,19.91863730939485,3160.656841112547,19.555233867603132,
1.0,A,99.0,50,4.182442747375165,20.18732774275244,3206.2770365120437,19.83668600837663,
1.0,A,100.0,50,4.083018613922724,20.45359195091334,3253.1996248974942,20.115155828956826,
1.0,A,101.0,50,3.9881543136417728,20.717425909861472,3301.373852431133,20.390669839624916,
1.0,A,102.0,50,3.8975733736117393,20.97882784977905,3350.755462439338,20.663254733694814,
1.0,A,103.0,50,3.8110197119439424,21.237798042123586,3401.305827845887,20.932937341940914,
1.0,A,104.0,50,3.728255905244339,21.494338607394152,3452.991220856762,21.19974459217286,
1.0,A,105.0,50,3.649061619000284,21.748453341358676,3505.7821952427307,21.463703473339606,
1.0,A,106.0,50,3.5732321845435,22.00014755777767,3559.6530615009488,21.724841003626643,
1.0,A,107.0,50,3.5005773079158375,22.249427945889856,3614.5814390258683,21.983184202081357,
1.0,A,108.0,50,3.430919897476734,22.49630244112595,3670.5478724485565,22.238760063360733,
1.0,A,109.0,50,3.3640949984536355,22.740780107692483,3727.5355016888,22.49159553524814,
1.0,A,110.0,50,3.299948823860676,22.982871031821407,3785.5297771723613,22.74171749862941,
1.0,A,111.0,50,3.2383378723087404,23.22258622461593,3844.5182131828487,22.98915274965685,
1.0,A,112.0,50,3.179128124213216,23.459937533541698,3904.4901735419053,23.23392798386336,
1.0,A,113.0,50,3.1221943087854283,23.694937561716316,3965.4366848032105,23.476069782016673,
1.0,A,114.0,50,3.067419234980262,23.9275995942422,4027.3502729431193,23.71560459752956,
1.0,A,115.0,50,3.014693180275129,24.15793753090838,4090.224820193762,23.95255874526195,
1.0,A,116.0,50,2.9639133317833655,24.385965824658477,4154.055439196358,24.186958391571252,
1.0,A,117.0,50,2.9149832747658304,24.61169942528509,4218.8383620967215,24.41882954548291,
1.0,A,118.0,50,2.8678125241054526,24.835153727866885,4284.570842574885,24.648198050866984,
1.0,A,119.0,50,2.8223160947570616,25.056344525514167,4351.251069097469,24.875089579520697,
1.0,A,120.0,50,2.778414107584585,25.275287966032703,4418.878087939493,25.09952962506604,
1.0,A,121.0,50,2.736031427355561,25.492000512154814,4487.451734734982,25.321543497582976,
1.0,A,122.0,50,2.6950973299823047,25.70649890502148,4556.972573488549,25.541156318905827,
1.0,A,123.0,50,2.655545196385528,25.91880013063022,4627.441842133957,25.758393018519595,
1.0,A,124.0,50,2.617312230612076,26.128921388991365,4698.861403848944,25.97327832999802,
1.0,A,125.0,50,2.5803392000681624,26.336880065759832,4771.233703448587,26.185836787931944,
1.0,A,126.0,50,2.5445701959349956,26.542693706131907,4844.561728260256,26.396092725302424,
1.0,A,127.0,50,2.509952412018294,26.746379990816138,4918.848972969728,26.604070271255722,
1.0,A,128.0,50,2.476435940448725,26.94795671390538,4994.099407994262,26.809793349244064,
1.0,A,129.0,50,2.4439735827991047,27.147441762492868,5070.317450985887,27.013285675497002,
1.0,A,130.0,50,2.412520675317846,27.344853097889587,5147.507941128484,27.214570757793958,
1.0,A,131.0,50,2.382034927098508,27.540208738313115,5225.67611592766,27.413671894509854,
1.0,A,132.0,50,2.3524762701134536,27.733526742929662,5304.827590230383,27.61061217390883,
1.0,A,133.0,50,2.3238067201373096,27.92482519714158,5384.968337243245,27.805414473663507,
1.0,A,134.0,50,2.295990247673779,28.114122199021992,5466.104671342117,27.998101460579846,
1.0,A,135.0,50,2.2689926580787576,28.30143584680682,5548.243232498346,28.188695590507884,
1.0,A,136.0,50,2.242781480144392,28.486784227362104,5631.390972155848,28.37721910842251,
1.0,A,137.0,50,2.217325862473448,28.670185405551564,5715.555140421109,28.563694048658462,
1.0,A,138.0,50,2.1925964770319815,28.85165741443571,5800.743274437273,28.74814223528543,
1.0,A,139.0,50,2.1685654293212933,29.03121824623948,5886.9631878321225,28.930585282610828,
1.0,A,140.0,50,2.145206174658222,29.208885844030647,5974.222961138136,29.111044595798376,
1.0,A,141.0,50,2.1224934400963593,29.384678094056007,6062.530933096912,29.28954137159238,
1.0,A,142.0,50,2.1004031515602604,29.55861281868657,6151.895692766028,29.466096599137003,
1.0,A,143.0,50,2.0789123658006665,29.730707769927044,6242.326072360316,29.640731060882864,
1.0,A,144.0,50,2.0579992068112514,29.90098062344837,6333.831140756979,29.813465333572246,
1.0,A,145.0,50,2.03764280637719,30.069448973105324,6426.4201976152735,29.98431978929523,
1.0,A,146.0,50,2.017823248452666,30.23613032590435,6520.102768050059,30.153314596610826,
1.0,A,147.0,50,1.9985215170891566,30.401042097389208,6614.888597818199,30.320469721726226,
1.0,A,148.0,50,1.9797194476586137,30.564201607414827,6710.787648974588,30.48580492972853,
1.0,A,149.0,50,1.9613996811361754,30.72562607628181,6807.810095959545,30.649339785863834,
1.0,A,150.0,50,1.943545621225622,30.885332621206242,6905.9663220792845,30.81109365685909,
1.0,A,151.0,50,1.9261413941278571,31.043338253101282,7005.266916357299,30.971085712281912,
1.0,A,152.0,50,1.9091718107682618,31.199659873648823,7105.722670717018,31.129334925934458,
1.0,A,153.0,50,1.8926223313130064,31.354314272641137,7207.344577478057,31.285860077277814,
1.0,A,154.0,50,1.876479031817428,31.50731812557384,7310.143827142433,31.440679752883128,
1.0,A,155.0,50,1.8607285728615426,31.658687991472853,7414.131806444683,31.593812347906777,
1.0,A,156.0,50,1.8453581700387045,31.808440310939446,7519.320096650581,31.74527606758595,
1.0,A,157.0,50,1.8303555661734585,31.956591404398353,7625.720472085522,31.895088928752863,
1.0,A,158.0,50,1.8157090051538458,32.10315747053526,7733.344898878142,32.0432687613645,
1.0,A,159.0,50,1.8014072072718976,32.2481545849107,7842.205533901418,32.189833210045734,
1.0,A,160.0,50,1.787439345973841,32.3915986987386,7952.31472389926,32.334799735643884,
1.0,A,161.0,50,1.7737950259286597,32.53350563781813,8063.685004789625,32.47818561679274,
1.0,A,162.0,50,1.7604642623302815,32.67389110160879,8176.329101128808,32.62000795148413,
1.0,A,163.0,50,1.7474374613547135,32.812770662438844,8290.259925727178,32.76028365864558,
1.0,A,164.0,50,1.7347054016990024,32.95015976483839,8405.490579405778,32.899029479722095,
1.0,A,165.0,50,1.7222592171341178,33.0860737249885,8522.034350894008,33.0362619802619,
1.0,A,166.0,50,1.7100903800085434,33.220527730278754,8639.904716843945,33.171997551503026,
1.0,A,167.0,50,1.6981906856437798,33.35353683896583,8759.115341974537,33.306252411960834,
1.0,A,168.0,50,1.686552237567021,33.48511597992646,8879.680079320275,33.439042609015495,
1.0,A,169.0,50,1.6751674335299862,33.61527995249828,9001.612970585611,33.570384020497336,
1.0,A,170.0,50,1.6640289522664022,33.744043426402726,9124.928246609259,33.70029235627012,
1.0,A,171.0,50,1.653129740943776,33.87142094174453,9249.64032791425,33.82878315981113,
1.0,A,172.0,50,1.6424630032681038,33.997426909082385,9375.763825349359,33.955871809786885,
1.0,A,173.0,50,1.6320221882029144,34.12207560956624,9503.313540825524,34.08157352162439,
1.0,A,174.0,50,1.6218009792665706,34.24538119513651,9632.304468121554,34.20590334907663,
1.0,A,175.0,50,1.61179328437413,34.36735768878099,9762.751793785555,34.32887618578234,
1.0,A,176.0,50,1.6019932261922596,34.488018984845546,9894.670898086892,34.4505067668188,
1.0,A,177.0,50,1.5923951329777382,34.60737884939485,10028.077356067026,34.570809670247854,
1.0,A,178.0,50,1.5829935298719358,34.72545092061964,10162.986938637938,34.689799318653904,
1.0,A,179.0,50,1.5737831306254955,34.84224870928732,10299.415613759482,34.807489980674184,
1.0,A,180.0,50,1.5647588297289683,34.95778559923269,10437.3795476714,34.923895772520375,
1.0,A,181.0,50,1.5559156949267887,35.07207484788616,10576.895106197138,35.03903065949158,
1.0,A,182.0,50,1.547248960093284,35.1851295868365,10717.978856096746,35.152908457477984,
1.0,A,183.0,50,1.53875401845082,35.29696282242583,10860.6475664808,35.26554283445503,
1.0,A,184.0,50,1.530426416111354,35.40758743637432,11004.918210282998,35.376947311968344,
1.0,A,185.0,50,1.5222618459238126,35.517016186432365,11150.807965781272,35.487135266608,
1.0,A,186.0,50,1.5142561416108369,35.625261707058385,11298.334218175505,35.59611993147295,
1.0,A,187.0,50,1.506405272179362,35.732336510119865,11447.514561211798,35.70391439762529,
1.0,A,188.0,50,1.4987053365904446,35.83825298561626,11598.36679886018,35.81053161553341,
1.0,A,189.0,50,1.4911525586746763,35.94302340242161,11750.908947039623,35.91598439650504,
1.0,A,190.0,50,1.4837432822802388,36.04665990904555,11905.159235385205,36.02028541410862,
1.0,A,191.0,50,1.4764739666415037,36.14917453441104,12061.136109072355,36.12344720558451,
1.0,A,192.0,50,1.469341181956713,36.2505791886473,12218.8582306738,36.22548217324464,
1.0,A,193.0,50,1.4623416051640035,36.35088566389684,12378.344482071672,36.326402585860755,
1.0,A,194.0,50,1.4554720159056147,36.45010563513504,12539.613966405766,36.42622058004188,
1.0,A,195.0,50,1.4487292926707085,36.548250661001255,12702.686010068865,36.524948161600015,
1.0,A,196.0,50,1.4421104091078192,36.645332184640296,12867.580164738498,36.62259720690459,
1.0,A,197.0,50,1.43561243049836,36.74136153455316,13034.316209463228,36.71917946422509,
1.0,A,198.0,50,1.429232510383223,36.83634992545603,13202.914152772919,36.81470655506291,
1.0,A,199.0,50,1.4229678873348393,36.93030845914676,13373.394234843483,36.90918997547083,
1.0,A,200.0,50,1.4168158818675718,37.02324812537767,13545.776929696389,37.0026410973615,
1.0,A,201.0,50,1.4107738934796443,37.11517980273413,13720.082947437568,37.09507116980412,
1.0,A,202.0,50,1.4048393978202383,37.20611425951794,13896.33323653656,37.18649132030934,
1.0,A,203.0,50,1.3990099439756898,37.29606215463482,14074.54898614587,37.276912556103106,
1.0,A,204.0,50,1.3932831518690818,37.385034038485486,14254.751628457263,37.36634576538845,
1.0,A,205.0,50,1.387656709767809,37.47304035385935,14436.962841102757,37.4548017185959,
1.0,A,206.0,50,1.382128371894002,37.560091436830554,14621.204549583485,37.54229106962241,
1.0,A,207.0,50,1.3766959561329546,37.64619751765547,14807.498929739815,37.62882435705868,
1.0,A,208.0,50,1.3713573418349672,37.731368721671494,14995.868410277653,37.71441200540521,
1.0,A,209.0,50,1.366110467706241,37.81561507019615,15186.33567530695,37.79906432627627,
1.0,A,210.0,50,1.3609533297847278,37.89894648142653,15378.923666929964,37.882791519593745,
1.0,A,211.0,50,1.3558839794969868,37.98137277133821,15573.65558786954,37.96560367476795,
1.0,A,212.0,50,1.350900521792375,38.062903654583465,15770.554904137147,38.04751077186875,
1.0,A,213.0,50,1.3460011133510315,38.143548745388365,15969.64534772657,38.12852268278399,
1.0,A,214.0,50,1.3411839608623235,38.22331755844823,16170.950919359133,38.20864917236808,
1.0,A,215.0,50,1.3364473193705955,38.30221950982128,16374.495891265417,38.28789989957824,
1.0,A,216.0,50,1.3317894906851968,38.380263917820045,16580.304809995007,38.366284418600486,
1.0,A,217.0,50,1.3272088218519358,38.45746000390031,16788.40249927449,38.44381217996415,
1.0,A,218.0,50,1.3227037036832614,38.533816893547176,16998.814062905738,38.520492531645466,
1.0,A,219.0,50,1.3182725693445545,38.60934361715813,17211.564887690096,38.59633472016059,
1.0,A,220.0,50,1.313913892994125,38.684049110922786,17426.680646399567,38.671347891647386,
1.0,A,221.0,50,1.3096261884745395,38.757942217699046,17644.18730079183,38.7455410929367,
1.0,A,222.0,50,1.305408008053078,38.83103168788552,17864.111104660733,38.818923272612835,
1.0,A,223.0,50,1.3012579412092178,38.90332618028997,18086.478606907694,38.891503282063276,
1.0,A,224.0,50,1.2971746134671223,38.97483426299359,18311.31665468881,38.96328987651866,
1.0,A,225.0,50,1.2931566852712137,39.04556441421092,18538.65239656418,39.034291716080816,
1.0,A,226.0,50,1.2892028509030466,39.11552502314534,18768.51328571871,39.10451736674183,
1.0,A,227.0,50,1.2853118374376853,39.18472439083975,19000.927083200128,39.17397530139217,
1.0,A,228.0,50,1.2814824037380035,39.25317073102265,19235.921861213374,39.24267390081845,
1.0,A,229.0,50,1.2777133394852687,39.32087217094911,19473.526006427634,39.31062145469141,
1.0,A,230.0,50,1.2740034642445475,39.38783675223679,19713.768223374802,39.377826162543485,
1.0,A,231.0,50,1.2703516265634882,39.45407243169675,19956.677537833206,39.44429613473681,
1.0,A,232.0,50,1.2667567031031124,39.51958708215902,20202.283300291467,39.51003939342067,
1.0,A,233.0,50,1.263217597799315,39.584388493292735,20450.615189437736,39.57506387347972,
1.0,A,234.0,50,1.2597332410538329,39.648484372420924,20701.703215691097,39.639377423472375,
1.0,A,235.0,50,1.256302588953491,39.711882345329656,20955.57772478609,39.7029878065589,
1.0,A,236.0,50,1.2529246225165926,39.774589957071655,21212.26940138485,39.76590270142074,
1.0,A,237.0,50,1.249598346965377,39.83661467276417,21471.809272739385,39.828129703170035,
1.0,A,238.0,50,1.246322791023501,39.89796387838121,21734.228712404405,39.88967632424935,
1.0,A,239.0,50,1.2430970062375775,39.958644881539875,21999.559443985734,39.95054999532285,
1.0,A,240.0,50,1.2399200663217982,40.01866491228091,22267.833544925274,40.010758066157166,
1.0,A,241.0,50,1.2367910665247581,40.07803112384342,22539.083450354105,40.070307806494164,
1.0,A,242.0,50,1.2337091230176263,40.13675059343353,22813.341956958153,40.129206406913895,
1.0,A,243.0,50,1.2306733723028118,40.194830322987286,23090.642226925454,40.18746097968873,
1.0,A,244.0,50,1.2276829706423635,40.252277239927366,23371.017791912232,40.24507855962877,
1.0,A,245.0,50,1.224737093505331,40.309098197913954,23654.502557057276,40.30206610491797,
1.0,A,246.0,50,1.2218349350333755,40.3652999775895,23941.13080506436,40.35843049794201,
1.0,A,247.0,50,1.2189757075239263,40.42088928731744,24230.93720030316,40.414178546107195,
1.0,A,248.0,50,1.2161586409302454,40.475872763914914,24523.956792981513,40.46931698265044,
1.0,A,249.0,50,1.2133829823777278,40.53025697337936,24820.225023350038,40.52385246744146,
1.0,A,250.0,50,1.2106479956958793,40.58404841160905,25119.777725948592,40.57779158777618,
1.0,A,251.0,50,1.207952960965347,40.63725350511758,25422.651133939904,40.63114085916137,
1.0,A,252.0,50,1.2052971740794665,40.68987861174227,25728.881883441416,40.68390672609138,
1.0,A,253.0,50,1.2026799463197904,40.74193002134647,26038.507017953158,40.736095562817205,
1.0,A,254.0,50,1.2001006039450888,40.79341395651581,26351.56399279407,40.78771367410611,
1.0,A,255.0,50,1.1975584877933152,40.84433657324841,26668.090679630503,40.8387672959945,
1.0,A,256.0,50,1.195052952896091,40.89470396163903,26988.125371004746,40.88926259653198,
1.0,A,257.0,50,1.1925833681052338,40.944522146557155,27311.706784977287,40.93920567651798,
1.0,A,258.0,50,1.1901491157309179,40.993797088319084,27638.87406978072,40.988602570230455,
1.0,A,259.0,50,1.1877495911910316,41.042534683354,27969.666808520313,41.03745924614658,
1.0,A,260.0,50,1.185384202671348,41.09074076486407,28304.12502396713,41.08578160765619,
1.0,A,261.0,50,1.1830523707961185,41.13842110347853,28642.289183355468,41.13357549376754,
1.0,A,262.0,50,1.1807535283087238,41.18558140790184,28984.200203294444,41.180846679805065,
1.0,A,263.0,50,1.178487119762031,41.23222732555594,29329.89945466948,41.22760087810057,
1.0,A,264.0,50,1.1762526012181063,41.278364443216574,29679.42876763095,41.27384373867639,
1.0,A,265.0,50,1.1740494399569859,41.3239982876437,30032.830436677614,41.31958084992143,
1.0,A,266.0,50,1.1718771141941533,41.369134326206115,30390.14722571253,41.36481773925993,
1.0,A,267.0,50,1.1697351128064564,41.41377796750024,30751.42237323615,41.40955987381351,
1.0,A,268.0,50,1.167622935066155,41.45793456196305,31116.69959752565,41.453812661055515,
1.0,A,269.0,50,1.16554009038283,41.5016094024793,31486.02310197358,41.49758144945873,
1.0,A,270.0,50,1.1634860980528827,41.54480772498304,31859.437580348807,41.54087152913617,
1.0,A,271.0,50,1.1614604870163727,41.58753470905327,32236.988222259435,41.583688132474904,
1.0,A,272.0,50,1.1594627956209385,41.62979547850419,32618.72071854504,41.626036434763144,
1.0,A,273.0,50,1.1574925713925726,41.671595101969515,33004.68126684813,41.66792155481039,
1.0,A,274.0,50,1.1555493708130125,41.71293859348142,33394.91657715741,41.70934855556153,
1.0,A,275.0,50,1.1536327591035442,41.75383091304377,33789.47387747301,41.75032244470368,
1.0,A,276.0,50,1.15174231001498,41.794276967199906,34188.40091948634,41.790848175266696,
1.0,A,277.0,50,1.1498776056236335,41.83428160959489,34591.74598437421,41.83093064621771,
1.0,A,278.0,50,1.1480382361330776,41.87384964153225,34999.55788861912,41.87057470304852,
1.0,A,279.0,50,1.146223799681503,41.91298581252542,35411.88598989778,41.90978513835728,
1.0,A,280.0,50,1.144433902154498,41.951694820843635,35828.78019305531,41.94856669242357,
1.0,A,281.0,50,1.142668157003066,41.9899813140526,36250.29095613602,41.986924053777564,
1.0,A,282.0,50,1.1409261850667138,42.02784988954979,36676.469296488875,42.02486185976277,
1.0,A,283.0,50,1.1392076144014633,42.065305095094494,37107.36679692037,42.062384697093044,
1.0,A,284.0,50,1.1375120801125964,42.1023514293326,37543.03561192369,42.09949710240323,
1.0,A,285.0,50,1.1358392241920163,42.13899334231621,37983.52847400274,42.136203562794314,
1.0,A,286.0,50,1.1341886953600653,42.175235236018075,38428.89870000971,42.172508516372346,
1.0,A,287.0,50,1.1325601489116401,42.211081464840944,38879.200197663806,42.208416352781455,
1.0,A,288.0,50,1.1309532465665115,42.24653633612178,39334.48747198825,42.24393141373186,
1.0,A,289.0,50,1.1293676563236712,42.28160411063101,39794.81563194509,42.27905799352125,
1.0,A,290.0,50,1.1278030523196148,42.31628900306669,40260.24039708292,42.31380033955092,
1.0,A,291.0,50,1.1262591146904166,42.350595182543806,40730.81810427229,42.348162652836706,
1.0,A,292.0,50,1.1247355294374917,42.38452677307856,41206.60571455248,42.38214908851382,
1.0,A,293.0,50,1.123231988296925,42.41808785406785,41687.66081994137,42.41576375633655,
1.0,A,294.0,50,1.1217481886122624,42.451282460763856,42174.041650513784,42.44901072117224,
1.0,A,295.0,49,1.1202838332106546,42.48411458474389,42665.80708132058,42.48189400349093,
1.0,A,296.0,49,1.118838630282253,42.51658817437541,43163.01663962935,42.51441757984785,
1.0,A,297.0,49,1.1174122932627613,42.54870713527639,43665.73051200334,42.546585383362945,
1.0,A,298.0,49,1.1160045407190373,42.580475330770945,44174.00955168718,42.578401304193264,
1.0,A,299.0,49,1.1146150962376755,42.61189658234037,44687.91528590723,42.609869190001376,
1.0,A,300.0,49,1.1132436883164538,42.64297467006954,45207.50992330974,42.640992846418385,
1.0,A,301.0,49,1.1118900502585773,42.673713333088784,45732.856361524384,42.67177603750199,
1.0,A,302.0,49,1.110553920069632,42.70411627001122,46264.018194791344,42.70222248618933,
1.0,A,303.0,49,1.1092350403571658,42.734187139365595,46801.05972156308,42.732335874745544,
1.0,A,304.0,49,1.10793315823282,42.763929560024735,47344.04595237575,42.762119845206485,
1.0,A,305.0,49,1.1066480252169364,42.79334711162955,47893.04261763795,42.79157799981789,
1.0,A,306.0,49,1.1053793971455705,42.822443335008685,48448.11617566766,42.82071390146854,
1.0,A,307.0,49,1.1041270340798397,42.85122173259387,49009.33382066528,42.84953107411975,
1.0,A,308.0,49,1.1028907002175288,42.87968576883096,49576.763490843936,42.87803300322948,
1.0,A,309.0,49,1.1016701638069095,42.907838870586744,50150.47387670624,42.90622313617238,
1.0,A,310.0,49,1.1004651970626873,42.93568442755158,50730.534429358886,42.934104882654815,
1.0,A,311.0,49,1.099275576084026,42.96322579263778,51317.01536875031,42.96168161512574,
1.0,A,312.0,49,1.0981010807745892,42.990466282373966,51909.98769240918,42.98895666918295,
1.0,A,313.0,49,1.0969414947645486,43.017409177295264,52509.52318389447,43.01593334397508,
1.0,A,314.0,49,1.0957966053344772,43.0440577223295,53115.694421524866,43.04261490259885,
1.0,A,315.0,49,1.0946662033411174,43.070415127179295,53728.5747870872,43.06900457249268,
1.0,A,316.0,49,1.0935500831449232,43.09648456670034,54348.23847485312,43.09510554582532,
1.0,A,317.0,49,1.0924480425393657,43.12226918127551,54974.76050041223,43.12092097988067,
1.0,A,318.0,49,1.0913598826819306,43.14777207718534,55608.216709861816,43.14645399743848,
1.0,A,319.0,49,1.0902854080267703,43.17299632697436,56248.683788957875,43.171707687150345,
1.0,A,320.0,49,1.0892244262589534,43.19794496981386,56896.239272315106,43.196685103912564,
1.0,A,321.0,49,1.088176748230292,43.22262101186067,57550.96155290816,43.22138926923414,
1.0,A,322.0,49,1.0871421878966636,43.247027426612256,58212.92989151842,43.24582317160099,
1.0,A,323.0,49,1.0861205622568357,43.271167155258155,58882.22442627768,43.26998976683654,
1.0,A,324.0,49,1.085111691292708,43.295043107027624,59558.9261824093,43.293891978457786,
1.0,A,325.0,49,1.0841153979109541,43.318658159533705,60243.11708202587,43.31753269802823,
1.0,A,326.0,49,1.083131507886036,43.34201515911365,60934.879954073476,43.3409147855063,
1.0,A,327.0,49,1.082159849804521,43.3651169211658,61634.298544342906,43.36404106959035,
1.0,A,328.0,49,1.081200255010702,43.38796623048289,62341.45752551256,43.3869143480598,
1.0,A,329.0,49,1.0802525575534676,43.41056584158186,63056.442507562606,43.40953738811282,
1.0,A,330.0,49,1.0793165941343779,43.43291847903019,63779.34004807663,43.43191292669973,
1.0,A,331.0,49,1.0783922040569465,43.455026837768806,64510.23766253706,43.454043670853395,
1.0,A,332.0,49,1.0774792291770627,43.476893583431554,65249.22383528796,43.47593229801582,
1.0,A,333.0,49,1.0765775138545486,43.498521352661356,65996.38802988523,43.49758145636117,
1.0,A,334.0,49,1.0756869049058018,43.51991275342294,66751.82070010291,43.51899376511505,
1.0,A,335.0,49,1.074807251557508,43.54107036531239,67515.61330089283,43.540171814870874,
1.0,A,336.0,49,1.0739384054014014,43.561996739863275,68287.85829933976,43.56111816790214,
1.0,A,337.0,49,1.073080220350019,43.58269440084966,69068.64918596212,43.58183535847183,
1.0,A,338.0,49,1.0722325525934497,43.60316584458586,69858.0804860765,43.60232589313811,
1.0,A,339.0,49,1.0713952605570474,43.623413540223005,70656.2477710406,43.62259225105695,
1.0,A,340.0,49,1.0705682048600715,43.64343993004252,71463.24767002625,43.64263688428123,
1.0,A,341.0,49,1.069751248275233,43.6632474297464,72279.17788153442,43.66246221805666,
1.0,A,342.0,49,1.0689442556891477,43.68283842874449,73104.13718533803,43.68207065111464,
1.0,A,343.0,49,1.0681470940636335,43.70221529043869,73938.2254545293,43.701464555961586,
1.0,A,344.0,49,1.067359632397861,43.721380352504106,74781.54366734557,43.720646279165464,
1.0,A,345.0,49,1.0665817416913244,43.74033592716726,75634.19391964015,43.73961814163911,
1.0,A,346.0,49,1.0658132949076093,43.759084301481316,76496.27943704162,43.75838243892038,
1.0,A,347.0,49,1.0650541669389522,43.7776277375984,77367.90458771633,43.77694144144898,
1.0,A,348.0,49,1.0643042345715408,43.79596847303899,78249.17489469366,43.7952973948411,
1.0,A,349.0,49,1.0635633764515806,43.814108720958444,79140.19704887651,43.81345252016,
1.0,A,350.0,49,1.0628314730520632,43.83205067041074,80041.07892173248,43.83140901418462,
1.0,A,351.0,49,1.0621084066402584,43.8497964866093,80951.9295786748,43.84916904967474,
1.0,A,352.0,49,1.0613940612458803,43.86734831118516,81872.8592919166,43.86673477563297,
1.0,A,353.0,49,1.0606883226299324,43.884708262442295,82803.97955403804,43.884108317564795,
1.0,A,354.0,49,1.0599910782542055,43.901878435610236,83745.40309145855,43.901291777734805,
1.0,A,355.0,49,1.0593022172514115,43.918860903094,84697.24387799624,43.9182872354208,
1.0,A,356.0,49,1.0586216303959504,43.93565771472139,85659.61714866997,43.93509674716493,
1.0,A,357.0,48,1.0579492100752688,43.95227089798754,86632.639413789,43.95172234702188,
1.0,A,358.0,48,1.0572848502618248,43.96870245829701,87616.42847294384,43.96816604680477,
1.0,A,359.0,48,1.0566284464856317,43.98495437920312,88611.10342927344,43.9844298363279,
1.0,A,360.0,48,1.0559798958073525,44.00102862264483,89616.7847038622,44.00051568364724,
1.0,A,361.0,48,1.055339096791967,44.016927129181106,90633.59405037072,44.016425535298154,
1.0,A,362.0,48,1.0547059494829572,44.03265181822266,91661.65456989314,44.03216131653036,
1.0,A,363.0,48,1.0540803553770357,44.0482045882613,92701.09072541092,44.04772493154084,
1.0,A,364.0,48,1.0534622173993684,44.06358731709685,93752.02835749672,44.063118263703345,
1.0,A,365.0,48,1.052851439879317,44.07880186206149,94814.59469897895,44.07834317579642,
1.0,A,366.0,48,1.052247928526654,44.09385006024191,95888.91839081902,44.09340151022821,
1.0,A,367.0,48,1.0516515904082713,44.108733728698866,96975.12949727834,44.10829508925913,
1.0,A,368.0,48,1.0510623339253349,44.123454664684516,98073.35952194469,44.123025715221694,
1.0,A,369.0,48,1.0504800687909166,44.13801464585739,99183.74142345661,44.13759517073879,
1.0,A,370.0,48,1.049904706008055,44.15241543049503,100306.40963172076,44.152005218938726,
1.0,A,371.0,48,1.0493361578482605,44.16665875770436,101441.50006426094,44.166257603668285,
1.0,A,372.0,48,1.0487743378304342,44.180746347629835,102589.15014226182,44.18035404970354,
1.0,A,373.0,48,1.0482191607002151,44.194679901659256,103749.49880796124,44.19429626295825,
1.0,A,374.0,48,1.0476705424097181,44.20846110262752,104922.68654073052,44.20808593068982,
1.0,A,375.0,48,1.0471284000976815,44.222091615018,106108.85537442027,44.22172472170331,
1.0,A,376.0,48,1.0465926520699895,44.23557308516194,107308.1489144842,44.23521428655334,
1.0,A,377.0,48,1.0460632177805824,44.248907141435545,108520.71235538847,44.24855625774305,
1.0,A,378.0,48,1.0455400178127259,44.2620953944551,109746.69249841689,44.26175224992171,
1.0,A,379.0,48,1.0450229738606542,44.27513943726986,110986.23776883457,44.27480386007979,
1.0,A,380.0,48,1.0445120087115534,44.28804084555293,112239.498234566,44.287712667742085,
1.0,A,381.0,48,1.0440070462278974,44.30080117779009,113506.62562371999,44.3004802351583,
1.0,A,382.0,48,1.043508011330122,44.313421975466575,114787.77334349476,44.31310810749206,
1.0,A,383.0,48,1.043014829979622,44.32590476325183,116083.09649847644,44.32559781300777,
1.0,A,384.0,48,1.0425274291620772,44.338251049182276,117392.7519096188,44.337950863255124,
1.0,A,385.0,48,1.0420457368710898,44.35046232484216,118716.89813273624,44.35016875325185,
1.0,A,386.0,48,1.0415696820921347,44.36254006554237,120055.69547830445,44.362252961664545,
1.0,A,387.0,48,1.0410991947868025,44.37448573049738,121409.3060304686,44.374204950987206,
1.0,A,388.0,48,1.0406342058773503,44.386300763000264,122777.8936669333,44.386026167718164,
1.0,A,389.0,48,1.0401746472315248,44.397986590595856,124161.6240785006,44.39771804253483,
1.0,A,390.0,48,1.0397204516476857,44.40954462525196,125560.66478945951,44.409281990466766,
1.0,A,391.0,48,1.0392715528401908,44.42097626352884,126975.18517758732,44.420719411066635,
1.0,A,392.0,48,1.038827885425055,44.432282886746734,128405.3564947213,44.43203168857933,
1.0,A,393.0,48,1.038389384905877,44.44346586115168,129851.35188794564,44.443220192109486,
1.0,A,394.0,48,1.037955987660022,44.454526538079485,131313.34641954655,44.45428627578675,
1.0,A,395.0,48,1.037527630925056,44.46546625411796,132791.51708922972,44.46523127892985,
1.0,A,396.0,48,1.0371042527854308,44.47628633126737,134286.0428550738,44.47605652620817,
1.0,A,397.0,48,1.0366857921594084,44.48698807709915,135797.1046551473,44.486763327802,
1.0,A,398.0,48,1.0362721887862212,44.497572784912954,137324.88542945575,44.49735297956097,
1.0,A,399.0,48,1.035863383213471,44.50804173389196,138869.57014261177,44.50782676316081,
2.0,A,0.0,50,35.78042978875286,13.956444744871819,65.0335997977485,2.0088752320179206,
2.0,A,1.0,50,35.781797823102174,13.937668490736915,64.98713843770275,2.005854699365488,
2.0,A,2.0,50,35.78669938943542,13.904484994016856,64.85319599328854,1.9998467992949003,
2.0,A,3.0,50,35.79231143321831,13.862316909875444,65.22488486883277,1.9919313870191429,
2.0,A,4.0,50,35.79010512956617,13.821411117313943,65.36464418128466,1.9847071946186656,
2.0,A,5.0,50,35.78411967206481,13.781918009074733,66.26374456750307,2.0251304235150287,
2.0,A,6.0,50,35.78951935047371,13.737142789328445,68.38028129037566,2.0608050146671677,
2.0,A,7.0,50,35.79446083552579,13.693112416823492,70.19273231206101,2.0869323135587097,
2.0,A,8.0,50,35.790036568565924,13.657041010924225,72.07671872338959,2.090348537589163,
2.0,A,9.0,50,35.79516568426283,13.620738783487512,72.34747993570862,2.0715598814562592,
2.0,A,10.0,50,35.79590562477969,13.584685247725812,72.38024227486531,2.0640233249175006,
2.0,A,11.0,50,35.774063167437816,13.551539611910984,73.28922931001289,2.090844258200679,
2.0,A,12.0,50,35.75389993209112,13.514228674591001,75.94536794662336,2.1345160903140896,
2.0,A,13.0,50,35.74095488197529,13.471550334332127,80.99914724999802,2.174475188189769,
2.0,A,14.0,50,35.71837189440468,13.430217628861545,84.74714808811274,2.2706739231627013,
2.0,A,15.0,50,35.67577200723349,13.394860821640531,85.510948663714,2.548802158293707,
2.0,A,16.0,50,35.61100937086399,13.362352837063144,86.7610154194678,2.757117914704507,
2.0,A,17.0,50,35.51515996408104,13.331283253554654,89.15071509203193,2.983202046698731,
2.0,A,18.0,50,35.395127604197626,13.300582094176043,94.20974023479562,3.2202372323341817,
2.0,A,19.0,50,35.245384273386456,13.27303914423356,103.42081549360783,3.465495813418403,
2.0,A,20.0,50,35.05498114413102,13.250230107159924,116.37642436900217,3.726677033554037,
2.0,A,21.0,50,34.81199081571371,13.234856292433028,133.17391696847326,4.012282461002088,
2.0,A,22.0,50,34.50756176104538,13.231311733072463,151.69493568630728,4.323957023572403,
2.0,A,23.0,50,34.145203091102196,13.240353384174282,171.193360035993,4.6522379950048345,
2.0,A,24.0,50,33.727433903459094,13.260328748626767,189.89335216683332,4.99197750142929,
2.0,A,25.0,50,33.25179529551511,13.291468819060388,208.90191105504144,5.343871285800817,
2.0,A,26.0,50,32.71930502122132,13.33486966002688,237.03253565867018,5.705628546550475,
2.0,A,27.0,50,32.13627865542487,13.38980342085184,280.77576121944276,6.073091474547683,
2.0,A,28.0,50,31.50565990420883,13.45671594662416,335.2196206643902,6.446198494783981,
2.0,A,29.0,50,30.835236919021543,13.536726865513353,392.2502555246095,6.822224989391514,
2.0,A,30.0,50,30.133300418447575,13.62927413302179,447.1133163417816,7.1986723792442,
2.0,A,31.0,50,29.405713007119775,13.733076575521553,501.913668139795,7.574960073798324,
2.0,A,32.0,50,28.65852435314242,13.84818892615088,567.7364388866341,7.9507859238728145,
2.0,A,33.0,50,27.897608359428236,13.973170673906765,659.8102371136729,8.325417814799874,
2.0,A,34.0,50,27.1270047562457,14.106571817726495,782.7679244811405,8.698603355364858,
2.0,A,35.0,50,26.352317907553967,14.248722942418006,923.24688178059,9.069697769731198,
2.0,A,36.0,50,25.578671920021147,14.399065207110521,1062.649145512149,9.437962558162651,
2.0,A,37.0,50,24.80981185457964,14.55711831428113,1201.9239886059102,9.803361150408842,
2.0,A,38.0,50,24.048241900724598,14.722772837215514,1366.5923524067755,10.166508680597289,
2.0,A,39.0,50,23.296188307515326,14.89547235282511,1600.4833661112366,10.527653505459847,
2.0,A,40.0,50,22.556134894772597,15.074352631251893,1926.7446220444679,10.886440919363572,
2.0,A,41.0,50,21.83071155736141,15.259044030563103,2300.2088642664594,11.24253911447897,
2.0,A,42.0,50,21.120803502551617,15.448608058811448,2656.7554487944276,11.595878700697481,
2.0,A,43.0,50,20.427120701254427,15.64266566921981,3001.722803626065,11.946692872716422,
2.0,A,44.0,50,19.751424751951113,15.84137620611854,3365.946509863907,12.295050776840473,
2.0,A,45.0,50,19.09579113685589,16.044711902379756,3793.085456505847,12.640724931399495,
2.0,A,46.0,50,18.461008265512426,16.25214968869209,4301.592415460947,12.983540593267055,
2.0,A,47.0,50,17.84609752149958,16.46306178785089,4839.367490911282,13.323765877528908,
2.0,A,48.0,50,17.251044840848103,16.6771632982416,5393.482371860603,13.661479828988575,
2.0,A,49.0,50,16.676400453756447,16.89424128310595,5984.137118571947,13.99655703547187,
2.0,A,50.0,50,16.122379173447364,17.11401426066202,6627.1344670728595,14.328889462800161,
2.0,A,51.0,50,15.588903129047296,17.33617446157952,7334.237233479038,14.65840287246836,
2.0,A,52.0,50,15.075708989092956,17.560418652411105,8115.9129255224,14.985046323923884,
2.0,A,53.0,50,14.58239914454738,17.786460573696026,8981.751320332045,15.308789489788888,
2.0,A,54.0,50,14.108504580972157,18.01403273208002,9942.987580333085,15.62960847678075,
2.0,A,55.0,50,13.65350518198978,18.24288486140379,11013.370828795234,15.947483178876164,
2.0,A,56.0,50,13.216836364108875,18.472783738834917,12209.06250430338,16.262399643167452,
2.0,A,57.0,50,12.797902397301543,18.703512449706537,13549.277930429871,16.57434916297721,
2.0,A,58.0,50,12.39608773487491,18.934869410415114,15057.180141030603,16.883327307256405,
2.0,A,59.0,50,12.010765881761907,19.166667414172522,16760.99912190567,17.189333292321162,
2.0,A,60.0,49,11.641306648430236,19.398732691012377,18695.541141370657,17.49236945251011,
2.0,A,61.0,49,11.287081999040412,19.630904017461777,20904.248003444336,17.792440818546982,
2.0,A,62.0,49,10.947470681194652,19.863031903701998,23442.03974544236,18.089554812849663,
2.0,A,63.0,49,10.621861958633188,20.094977818815103,26379.370686225757,18.383720966434407,
2.0,A,64.0,49,10.309658552661968,20.32661345936632,29808.13867002366,18.674950666910526,
2.0,A,65.0,49,10.010278904627564,20.55782006311244,33850.511775666244,18.963256938154505,
2.0,A,66.0,49,9.723158868132456,20.788487765731507,38672.505244169646,19.24865424625268,
2.0,A,67.0,49,9.447752924231214,21.018514998499782,44505.58594881394,19.531158327722864,
2.0,A,68.0,49,9.183534998724866,21.2478079254586,51682.445842764515,19.81078603779222,
2.0,A,69.0,49,8.929998951402444,21.47627991767006,60699.11782599589,20.087555215575446,
2.0,A,70.0,49,8.686658796205016,21.703851062541013,72329.23074526484,20.361484564056944,
2.0,A,71.0,49,8.453048702572763,21.930447706256643,87849.76696941798,20.632593543148307,
2.0,A,72.0,49,8.228722820781464,22.156002027343206,109529.93512422092,20.900902274252722,
2.0,A,73.0,49,8.013254967483967,22.380451639424713,141827.1691432901,21.166431454968805,
2.0,A,74.0,49,7.806238201935261,22.603739221316413,194862.58960723144,21.429202282762123,
2.0,A,75.0,49,7.607284318460612,22.825812172665614,297603.96804501564,21.68923638657097,
2.0,A,76.0,49,7.416023276484517,23.046622293435036,579942.7001938534,21.946555765447286,
2.0,A,77.0,49,7.232102585808586,23.2661254856135,4679781.777219129,22.20118273344832,
2.0,A,78.0,49,7.055198680504235,23.484281475626986,846504.7400485768,22.453139870090798,
2.0,A,79.0,49,6.884981026370178,23.701053556012145,404935.15390664956,22.70244997576262,
2.0,A,80.0,49,6.721143776457969,23.91640834500234,273300.7071136794,22.949136031560712,
2.0,A,81.0,49,6.563398168446504,24.130315562761858,210215.3215543846,23.19322116308622,
2.0,A,82.0,49,6.411469662400638,24.34274782308664,173296.64000430267,23.434728607782812,
2.0,A,83.0,49,6.265097286054147,24.553680439469016,149132.3586057214,23.673681685452763,
2.0,A,84.0,49,6.124032994516279,24.763091244499527,132140.04086675556,23.910103771625955,
2.0,A,85.0,49,5.988041047346824,24.970960421650336,119581.14282865071,24.14401827349494,
2.0,A,86.0,49,5.856897405180965,25.17727034855213,109954.63777586326,24.37544860815968,
2.0,A,87.0,49,5.730389147454632,25.382005450940063,102368.95578177033,24.604418182955165,
2.0,A,88.0,49,5.6083139122643315,25.58515206650343,96261.17725258724,24.830950377658663,
2.0,A,89.0,49,5.490479358973325,25.78669831792969,91258.38426376737,25.055068528395907,
2.0,A,90.0,49,5.376702653834744,25.986633994485132,87103.74104768169,25.276795913084346,
2.0,A,91.0,49,5.2668099786277995,26.184950441522734,83614.59300212261,25.49615573826836,
2.0,A,92.0,49,5.160636062085089,26.381640457352976,80657.49324066176,25.71317112721705,
2.0,A,93.0,49,5.058023733718106,26.57669819695473,78132.68168741558,25.92786510916763,
2.0,A,94.0,49,4.9588234995156535,26.77011908204231,75964.09028658204,26.140260609610028,
2.0,A,95.0,49,4.862893138890164,26.96189971704046,74092.70745078572,26.350380441518094,
2.0,A,96.0,49,4.770097322173785,27.152037810552418,72472.0544120774,26.558247297442804,
2.0,A,97.0,49,4.680307247914727,27.34053210193675,71065.02879401004,26.76388374239035,
2.0,A,98.0,49,4.593400299191042,27.52738229263727,69841.6564283757,26.96731220741672,
2.0,A,99.0,49,4.509259718140151,27.71258898193646,68777.46046980942,27.168554983875026,
2.0,A,100.0,49,4.427774297895376,27.896153606827227,67852.2587184922,27.367634218260186,
2.0,A,101.0,49,4.348838091122847,28.078078385720215,67049.26348066264,27.564571907598786,
2.0,A,102.0,49,4.272350134361975,28.258366265724657,66354.39875193065,27.759389895337574,
2.0,A,103.0,49,4.198214187387963,28.437020873259893,65755.77587807261,27.9521098676887,
2.0,A,104.0,49,4.126338486834825,28.61404646777236,65243.286379669196,28.142753350392997,
2.0,A,105.0,49,4.056635513340465,28.78944789834927,64808.28249466666,28.33134170586621,
2.0,A,106.0,49,3.989021771500928,28.963230563035218,64443.32415605977,28.517896130696563,
2.0,A,107.0,49,3.9234175819482324,29.13540037067195,64141.976826761995,28.7024376534643,
2.0,A,108.0,49,3.859746884894349,29.305963705094403,63898.64865225673,28.884987132856946,
2.0,A,109.0,49,3.7979370545126554,29.474927391528077,63708.45829117813,29.065565256055645,
2.0,A,110.0,49,3.7379187235572164,29.642298665043715,63567.12688566412,29.244192537371248,
2.0,A,111.0,49,3.6796256176487945,29.808085140935578,63470.88918120624,29.420889317108806,
2.0,A,112.0,49,3.622994398684991,29.972294786898896,63416.419948920055,29.595675760642838,
2.0,A,113.0,49,3.5679645168594067,30.13493589689083,63400.772722828704,29.76857185768558,
2.0,A,114.0,49,3.5144780708018373,30.296017066567423,63421.32851298719,29.939597421733524,
2.0,A,115.0,49,3.4624796753773017,30.455547170196215,63475.75264942381,30.10877208967682,
2.0,A,116.0,49,3.4119163367070597,30.613535338951483,63561.95829220602,30.276115321559704,
2.0,A,117.0,49,3.3627373339986413,30.769990940505064,63678.07543650452,30.441646400478106,
2.0,A,118.0,49,3.3148941077950855,30.92492355983195,63822.42447115347,30.605384432605753,
2.0,A,119.0,49,3.2683401542755486,31.078342981155117,63993.49352965986,30.767348347335442,
2.0,A,120.0,49,3.2230309252603866,31.230259170959272,64189.919012992934,30.927556897529367,
2.0,A,121.0,49,3.1789237335937948,31.38068226200786,64410.46877884852,31.086028659866848,
2.0,A,122.0,49,3.1359776635958974,31.529622538302064,64654.02758136318,31.242782035283554,
2.0,A,123.0,49,3.09415348629421,31.677090420924547,64919.584416684396,31.39783524949386,
2.0,A,124.0,49,3.0534135791612176,31.823096454714552,65206.22149072321,31.551206353589325,
2.0,A,125.0,49,3.0137218501009646,31.96765129572439,65513.104571135475,31.702913224707697,
2.0,A,126.0,49,2.9750436654425534,32.110765699410635,65839.47452571428,31.85297356676628,
2.0,A,127.0,49,2.9373457817128297,32.25245050951632,66184.63988019008,32.00140491125388,
2.0,A,128.0,49,2.9005962809738994,32.39271664760343,66547.97025523879,32.14822461807699,
2.0,A,129.0,49,2.8647645095238636,32.531575103197206,66928.89056420683,32.29344987645504,
2.0,A,130.0,49,2.8298210197710474,32.66903692450674,67326.87587059409,32.43709770586081,
2.0,A,131.0,49,2.795737515103253,32.805113209688095,67741.44681961436,32.5791849570023,
2.0,A,132.0,49,2.7624867975841254,32.93981509861866,68172.16557086678,32.719728312840935,
2.0,A,133.0,49,2.730042718318649,33.07315376515326,68618.63216854047,32.85874428964475,
2.0,A,134.0,49,2.698380130339156,33.20514040983429,69080.48129627759,32.996249238072075,
2.0,A,135.0,49,2.66747484387194,33.33578625303015,69557.37936964832,33.13225934428281,
2.0,A,136.0,49,2.637303583852949,33.465102528477445,70049.02192592247,33.26679063107539,
2.0,A,137.0,49,2.607843949568579,33.59310047720425,70555.13127676805,33.399858959045766,
2.0,A,138.0,49,2.5790743763050914,33.71979134181295,71075.45439343355,33.5314800277671,
2.0,A,139.0,49,2.5509740988968432,33.84518636110252,71609.76099843973,33.661669376987525,
2.0,A,140.0,49,2.5235231170699746,33.96929676501123,72157.84184015212,33.79044238784348,
2.0,A,141.0,49,2.4967021624843584,34.09213376986207,72719.50713059632,33.91781428408821,
2.0,A,142.0,49,2.47049266738204,34.2137085738941,73294.58512923351,34.043800133331324,
2.0,A,143.0,49,2.4448767347559577,34.33403235306389,73882.92085667142,34.16841484829053,
2.0,A,144.0,49,2.419837109957535,34.453116257102366,74484.37492455996,34.29167318805172,
2.0,A,145.0,49,2.395357153666589,34.57097140581298,75098.82247068283,34.413589759337135,
2.0,A,146.0,49,2.371420816151246,34.68760888559806,75726.15218731936,34.5341790177804,
2.0,A,147.0,49,2.3480126127498355,34.80303974620101,76366.26543453948,34.653455269206766,
2.0,A,148.0,49,2.3251176005105196,34.91727499765258,77019.07542952959,34.771432670916965,
2.0,A,149.0,49,2.3027213559281545,35.03032560741033,77684.50650446204,34.88812523297539,
2.0,A,150.0,49,2.2808099537212128,35.142202497680735,78362.49342691904,35.00354681949934,
2.0,A,151.0,49,2.2593699465949344,35.25291654291428,79052.98077654884,35.11771114995002,
2.0,A,152.0,49,2.238388345939789,35.36247856746417,79755.92237226726,35.23063180042425,
2.0,A,153.0,49,2.2178526034173243,35.4708993434001,80471.28074643425,35.34232220494517,
2.0,A,154.0,49,2.197750593387974,35.57818958846861,81199.02666096209,35.45279565675217,
2.0,A,155.0,49,2.178070596138143,35.684359964192446,81939.13866146037,35.56206530958928,
2.0,A,156.0,49,2.158801281865997,35.789421074101476,82691.60266699355,35.670144178990626,
2.0,A,157.0,49,2.1399316953878995,35.89338346208823,83456.411590967,35.77704514356326,
2.0,A,158.0,49,2.1214512415292615,35.99625761088145,84233.56499194063,35.88278094626649,
2.0,A,159.0,49,2.1033496711657826,36.09805394063152,85023.0687504068,35.98736419568684,
2.0,A,160.0,49,2.0856170678827417,36.19878280760183,85824.93477085682,36.09080736730867,
2.0,A,161.0,49,2.0682438352218466,36.29845450296052,86639.18070530504,36.193122804780074,
2.0,A,162.0,49,2.0512206844867906,36.397079251667414,87465.82969833731,36.294322721173195,
2.0,A,163.0,49,2.0345386230801537,36.494667211451016,88304.91015016582,36.39441920023863,
2.0,A,164.0,49,2.0181889433458453,36.59122847187102,89156.45549775146,36.49342419765454,
2.0,A,165.0,49,2.0021632118925687,36.68677305346172,90020.50401199395,36.59134954226806,
2.0,A,166.0,49,1.986453259375163,36.78131090695221,90897.09860891505,36.68820693733166,
2.0,A,167.0,49,1.9710511707118603,36.874851912559215,91786.2866755198,36.78400796173148,
2.0,A,168.0,49,1.95594927571664,36.96740587934901,92688.1199074379,36.87876407120863,
2.0,A,169.0,49,1.941140140127021,37.058982544664424,93602.65415862805,36.9724865995733,
2.0,A,170.0,49,1.9266165570085643,37.14959157361394,94529.94930195696,37.06518675991149,
2.0,A,171.0,49,1.912371538518405,37.239242558619345,95470.06909945366,37.15687564578319,
2.0,A,172.0,49,1.8983983080110067,37.32794501901903,96423.0810820139,37.247564232413524,
2.0,A,173.0,49,1.884690292470212,37.41570840072387,97389.05643777568,37.337263377875104,
2.0,A,174.0,49,1.871241115252481,37.50254207592309,98368.06990863207,37.42598382426222,
2.0,A,175.0,49,1.8580445891269568,37.588455342837335,99360.19969338224,37.51373619885676,
2.0,A,176.0,49,1.8450947095987633,37.67345742551659,100365.52735936483,37.60053101528572,
2.0,A,177.0,49,1.8323856485025904,37.757557473680386,101384.13775831889,37.686378674669925,
2.0,A,178.0,49,1.8199117478542952,37.840764562598316,102416.11895111535,37.77128946676396,
2.0,A,179.0,49,1.8076675139488663,37.92308769300841,103461.56213514741,37.85527357108769,
2.0,A,180.0,49,1.7956476116936475,38.00453579107161,104520.56157919197,37.938341058048344,
2.0,A,181.0,49,1.7838468591663081,38.08511770836027,105593.21456223307,38.02050189005405,
2.0,A,182.0,49,1.7722602223875439,38.164842221878835,106679.62131693658,38.101765922618625,
2.0,A,183.0,49,1.76088281029899,38.24371803411508,107779.88497752903,38.182142905456736,
2.0,A,184.0,49,1.7497098699372726,38.3217537731201,108894.11153166897,38.26164248357047,
2.0,A,185.0,49,1.7387367817956305,38.398957992615564,110022.40977632524,38.34027419832666,
2.0,A,186.0,49,1.727959055364869,38.47533917212672,111164.89127695248,38.41804748852496,
2.0,A,187.0,49,1.7173723248458594,38.55090571713977,112321.67033019065,38.49497169145708,
2.0,A,188.0,49,1.706972345026184,38.62566595928207,113492.8639295026,38.57105604395664,
2.0,A,189.0,49,1.6967549873138175,38.69962815652417,114678.5917340382,38.64630968344005,
2.0,A,190.0,49,1.6867162359211454,38.7728004934022,115878.97604017895,38.72074164893789,
2.0,A,191.0,49,1.6768521841928936,38.84519108125953,117094.14175581002,38.794360882117815,
2.0,A,192.0,49,1.6671590310718465,38.91680795850666,118324.21637645412,38.86717622829747,
2.0,A,193.0,49,1.657633077696566,38.987659090898134,119569.32996521115,38.939196437448956,
2.0,A,194.0,49,1.648270724125508,39.05775237182566,120829.61513329517,39.01043016519404,
2.0,A,195.0,49,1.6390684661823027,39.12709562262624,122105.20702408643,39.08088597378977,
2.0,A,196.0,49,1.6300228924170965,39.19569659290466,123396.24329769585,39.15057233310587,
2.0,A,197.0,49,1.6211306811791903,39.26356296086922,124702.86411879069,39.21949762159261,
2.0,A,198.0,49,1.612388597796334,39.330702333680094,126025.21214561735,39.287670127239316,
2.0,A,199.0,49,1.603793491856338,39.397122247809385,127363.43252119157,39.35509804852493,
2.0,A,200.0,49,1.5953422945867872,39.462830169412136,128717.67286468265,39.42178949535853,
2.0,A,201.0,49,1.5870320163288796,39.52783349470773,130088.08326653852,39.48775249001165,
2.0,A,202.0,49,1.5788597441015664,39.59213955037074,131474.81628338166,39.552994968041595,
2.0,A,203.0,49,1.5708226392523597,39.65575559393086,132878.0269350359,39.61752477920567,
2.0,A,204.0,49,1.5629179351913265,39.71868881418111,134297.8727026127,39.681349688366964,
2.0,A,205.0,49,1.5551429352049349,39.780946331593725,135734.51352860843,39.74447737639146,
2.0,A,206.0,49,1.5474950103465972,39.842535198743356,137188.11181711205,39.806915441035855,
2.0,A,207.0,49,1.539971597400844,39.90346240073683,138658.8324360241,39.86867139782779,
2.0,A,208.0,49,1.5325701969182546,39.963734855649015,140146.84271983843,39.929752680936474,
2.0,A,209.0,49,1.5252883713183476,40.02335941496448,141652.31247458974,39.99016664403515,
2.0,A,210.0,49,1.5181237430577863,40.08234286402421,143175.41398232433,40.049920561155716,
2.0,A,211.0,49,1.5110739928613535,40.140691922477174,144716.32200789283,40.10902162753385,
2.0,A,212.0,49,1.5041368580132735,40.19841324473613,146275.21380583753,40.167476960446486,
2.0,A,213.0,49,1.4973101307065375,40.2555134204375,147852.2691287148,40.225293600040835,
2.0,A,214.0,49,1.490591656448036,40.31199897490469,149447.67023667513,40.28247851015521,
2.0,A,215.0,49,1.4839793325173365,40.36787636961467,151061.6019063493,40.33903857913145,
2.0,A,216.0,49,1.477471106477078,40.423152002667415,152694.25144236305,40.394980620619364,
2.0,A,217.0,49,1.471064974733033,40.477832209257805,154345.80868905294,40.4503113743733,
2.0,A,218.0,49,1.4647589811419643,40.53192326214987,156016.4660429297,40.505037507040235,
2.0,A,219.0,49,1.458551215665465,40.58543137215278,157706.4184652497,40.55916561294058,
2.0,A,220.0,49,1.452439813068087,40.638362688598676,159415.86349709483,40.612702214840226,
2.0,A,221.0,49,1.4464229516580898,40.690723299821684,161145.00127258993,40.66565376471577,
2.0,A,222.0,49,1.440498852069258,40.742519233638156,162894.0345355972,40.71802664451111,
2.0,A,223.0,49,1.4346657760822237,40.79375645782778,164663.16865534705,40.76982716688692,
2.0,A,224.0,49,1.428922025483905,40.84444088061527,166452.611643352,40.82106157596222,
2.0,A,225.0,49,1.4232659409636146,40.89457835115248,168262.57417013907,40.87173604804843,
2.0,A,226.0,49,1.4176959010445316,40.94417466000087,170093.26958456173,40.921856692375776,
2.0,A,227.0,49,1.412210321049245,40.99323553961372,171944.91393187433,40.971429551812754,
2.0,A,228.0,49,1.4068076520981365,41.04176666481848,173817.72597253585,41.0204606035776,
2.0,A,229.0,49,1.4014863801394288,41.0897736532985,175711.9272035117,41.06895575994259,
2.0,A,230.0,49,1.3962450250097604,41.13726206607442,177627.7418778282,41.11692086893152,
2.0,A,231.0,49,1.3910821395241995,41.18423740798472,179565.39702586635,41.164361715009456,
2.0,A,232.0,49,1.385996308594652,41.23070512816561,181525.12247736318,41.21128401976545,
2.0,A,233.0,49,1.3809861483756614,41.27667062052977,183507.150883266,41.257693442588625,
2.0,A,234.0,49,1.3760503054366326,41.322139224244054,185511.7177392389,41.303595581336616,
2.0,A,235.0,49,1.3711874559595594,41.36711622420596,187539.06140888896,41.34899597299764,
2.0,A,236.0,49,1.3663963049613523,41.41160685151863,189589.4231473287,41.39390009434515,
2.0,A,237.0,49,1.3616755855399318,41.45561628396446,191663.047126173,41.43831336258634,
2.0,A,238.0,49,1.3570240581432453,41.49914964647706,193760.1804588414,41.48224113600317,
2.0,A,239.0,49,1.3524405098604166,41.5422120116115,195881.0732248246,41.52568871458717,
2.0,A,240.0,49,1.3479237537342983,41.58480840001274,198025.97849771884,41.56866134066766,
2.0,A,241.0,49,1.3434726280946403,41.626943780882236,200195.1523702213,41.611164199532816,
2.0,A,242.0,49,1.3390859959112282,41.668623072442436,202388.85398242951,41.65320242004525,
2.0,A,243.0,49,1.3347627441662857,41.709851142399295,204607.3455484852,41.69478107524988,
2.0,A,244.0,49,1.330501783245476,41.75063280840259,206850.89238611827,41.73590518297662,
2.0,A,245.0,49,1.326302046346915,41.79097283850409,209119.7629435912,41.77657970643603,
2.0,A,246.0,49,1.3221624889075596,41.83087595161329,211414.22883120214,41.816809554808586,
2.0,A,247.0,49,1.3180820880464028,41.87034681795092,213734.5648489763,41.856599583828505,
2.0,A,248.0,49,1.3140598420239225,41.909390059499955,216081.04901682882,41.89595459636087,
2.0,A,249.0,49,1.3100947697172307,41.948010250454224,218453.9626078875,41.93487934297236,
2.0,A,250.0,49,1.306185910110415,41.98621191766437,220853.59017654616,41.9733785224968,
2.0,A,251.0,49,1.3023323217995832,42.023999541081324,223280.21959215263,42.011456782594266,
2.0,A,252.0,49,1.2985330825120986,42.06137755419714,225734.14207062032,42.049118720303895,
2.0,A,253.0,49,1.2947872886395773,42.098350344483116,228215.65220727093,42.086368882591835,
2.0,A,254.0,49,1.2910940547841823,42.13492225382522,230725.04801022907,42.123211766892474,
2.0,A,255.0,49,1.2874525133177803,42.17109757895681,233262.6309336439,42.159651821644395,
2.0,A,256.0,49,1.283861813953566,42.20688057188845,235828.70591229596,42.19569344682039,
2.0,A,257.0,49,1.2803211233297327,42.242275440335064,238423.5813953027,42.23134099445238,
2.0,A,258.0,49,1.2768296246048134,42.27728634814014,241047.56938490525,42.2665987691499,
2.0,A,259.0,49,1.2733865170643233,42.31191741569707,243700.98546751932,42.301471028613996,
2.0,A,260.0,49,1.2699910157383392,42.346172720367605,246384.14885262714,42.33596198414491,
2.0,A,261.0,49,1.2666423510296703,42.38005629689741,249097.38240921695,42.37007580114492,
2.0,A,262.0,49,1.2633397683522922,42.41357213782864,251841.01270287982,42.40381659961542,
2.0,A,263.0,49,1.260082527779718,42.44672419390957,254615.37003320624,42.43718845464899,
2.0,A,264.0,49,1.2568699037029913,42.47951637450123,257420.78847431674,42.470195396915976,
2.0,A,265.0,49,1.253701184498016,42.5119525479811,260257.6059091396,42.502841413146214,
2.0,A,266.0,49,1.2505756722019095,42.54403654214374,263126.16407319135,42.53513044660515,
2.0,A,267.0,49,1.247492682198129,42.57577214459844,266026.80859255104,42.56706639756549,
2.0,A,268.0,49,1.244451542910078,42.607163103163806,268959.8890234401,42.598653123772976,
2.0,A,269.0,49,1.241451595502943,42.63821312625938,271925.75889471354,42.62989444090834,
2.0,A,270.0,49,1.238492193593502,42.66892588329416,274924.77574916964,42.66079412304306,
2.0,A,271.0,49,1.2355727029676755,42.699305005052075,277957.3011834697,42.69135590309113,
2.0,A,272.0,49,1.2326925013055685,42.72935408407447,281023.7008941789,42.721583473255606,
2.0,A,273.0,49,1.2298509779137905,42.75907667503947,284124.3447163966,42.75148048547054,
2.0,A,274.0,49,1.2270475334648219,42.78847629513833,287259.60667238233,42.78105055183796,
2.0,A,275.0,49,1.2242815797432263,42.81755642444873,290429.86501020886,42.81029724506065,
2.0,A,276.0,49,1.2215525393984996,42.846320506305005,293635.5022527681,42.83922409886948,
2.0,A,277.0,49,1.2188598457043558,42.87477194766533,296876.9052409204,42.86783460844716,
2.0,A,278.0,49,1.2162029423242617,42.90291411947586,300154.46518095036,42.89613223084641,
2.0,A,279.0,49,1.2135812830830361,42.930750357031854,303468.5776894755,42.924120385404585,
2.0,A,280.0,49,1.2109943317443272,42.958283960335706,306819.64283932245,42.951802454153054,
2.0,A,281.0,49,1.2084415617938082,42.98551819445199,310208.06520934135,42.97918178222265,
2.0,A,282.0,49,1.205922456227917,43.012456289859465,313634.2539314262,43.006261678245,
2.0,A,283.0,49,1.2034365073479694,43.03910144280005,317098.6227387672,43.03304541474875,
2.0,A,284.0,49,1.2009832165595107,43.06545681562483,320601.5900162943,43.05953622855202,
2.0,A,285.0,49,1.1985620941767325,43.09152553713701,324143.578849865,43.08573732115086,
2.0,A,286.0,49,1.1961726592318207,43.117310702931924,327725.0170752625,43.111651859103084,
2.0,A,287.0,49,1.1938144392890915,43.14281537573403,331346.33733233385,43.13728297440816,
2.0,A,288.0,49,1.1914869702637785,43.168042585730944,335007.977112509,43.162633764882976,
2.0,A,289.0,49,1.1891897962453284,43.19299533090454,338710.37881690235,43.18770729453362,
2.0,A,290.0,49,1.1869224693250915,43.217676577359065,342453.98980138556,43.21250659392325,
2.0,A,291.0,49,1.1846845494282774,43.24208925964636,346239.2624370168,43.237034660535606,
2.0,A,292.0,49,1.1824756041500446,43.266236281088155,350066.6541600093,43.261294459135,
2.0,A,293.0,49,1.180295208595631,43.29012051409536,353936.6275284935,43.28528892212231,
2.0,A,294.0,49,1.1781429452243817,43.31374480048468,357849.6502782607,43.30902094988701,
2.0,A,295.0,49,1.176018403697589,43.337111951792075,361806.1953769684,43.332493411155724,
2.0,A,296.0,49,1.173921180730034,43.36022474958362,365806.7410789912,43.355709143336554,
2.0,A,297.0,49,1.1718508799451202,43.38308594576331,369851.77098977845,43.37867095285996,
2.0,A,298.0,49,1.1698071117334934,43.40569826287817,373941.7741176465,43.4013816155161,
2.0,A,299.0,49,1.1677894931150778,43.42806439442043,378077.2449336643,43.423843876788375,
2.0,A,300.0,49,1.1657976476044056,43.450187005127034,382258.68343090115,43.446060452183005,
2.0,A,301.0,49,1.1638312050791646,43.47206873127624,386486.5951890168,43.46803402755586,
2.0,A,302.0,49,1.1618898016518768,43.49371218098151,390761.4914274289,43.489767259435084,
2.0,A,303.0,49,1.159973079544613,43.515119934482634,395083.8890713809,43.51126277534027,
2.0,A,304.0,49,1.1580806869666744,43.536294544434135,399454.31081356376,43.53252317409869,
2.0,A,305.0,49,1.156212277995144,43.55723853619094,403873.2851753827,43.553551026157564,
2.0,A,306.0,49,1.1543675124582562,43.57795440809132,408341.3465724099,43.57434887389328,
2.0,A,307.0,49,1.1525460558214697,43.59844463173726,412859.03538033244,43.59491923191694,
2.0,A,308.0,49,1.1507475790762183,43.61871165227196,417426.89799303695,43.61526458737706,
2.0,A,309.0,49,1.1489717586312262,43.63875788865495,422045.4868960343,43.63538740025873,
2.0,A,310.0,49,1.1472182762063519,43.65858573393433,426715.36072675005,43.65529010367923,
2.0,A,311.0,49,1.145486818728869,43.678197555516554,431437.08434830804,43.674975104181186,
2.0,A,312.0,49,1.1437770782321328,43.697595695433584,436211.22891358077,43.69444478202191,
2.0,A,313.0,49,1.1420887517565723,43.71678247060742,441038.3719335072,43.71370149145971,
2.0,A,314.0,49,1.140421541252932,43.73576017311215,445919.0973464889,43.732747561037485,
2.0,A,315.0,49,1.138775153487725,43.754531070433394,450853.9955925911,43.75158529386281,
2.0,A,316.0,49,1.1371492999508188,43.773097405725316,455843.6636802926,43.77021696788526,
2.0,A,317.0,49,1.135543696765117,43.79146139806501,460888.70526078163,43.78864483617036,
2.0,A,318.0,49,1.1339580645982625,43.80962524270453,465989.73069813824,43.806871127171284,
2.0,A,319.0,49,1.1323921285763379,43.82759111132038,471147.35714859253,43.82489804499658,
2.0,A,320.0,49,1.1308456181994766,43.84536115226062,476362.2086300589,43.84272776967612,
2.0,A,321.0,49,1.1293182672593687,43.86293749078945,481634.91609860066,43.86036245742325,
2.0,A,322.0,49,1.127809813758593,43.880322229329515,486966.1175219901,43.87780424089442,
2.0,A,323.0,49,1.1263199998317315,43.89751744770174,492356.45796344854,43.895055229446406,
2.0,A,324.0,49,1.1248485716682286,43.91452520336279,497806.5896533034,43.91211750938995,
2.0,A,325.0,49,1.1233952794369477,43.93134753164026,503317.17206661,43.92899314424139,
2.0,A,326.0,49,1.1219598772123676,43.94798644596544,508888.87201552384,43.94568417497079,
2.0,A,327.0,49,1.1205421229024106,43.96444393810386,514522.36370792927,43.96219262024855,
2.0,A,328.0,49,1.1191417781778252,43.980721978383436,520218.3288522533,43.97852047668773,
2.0,A,329.0,49,1.1177586084031055,43.99682251592048,525977.4567194595,43.99466971908535,
2.0,A,330.0,49,1.1163923825689046,44.01274747884331,531800.4442434252,44.010642300659995,
2.0,A,331.0,49,1.1150428732259077,44.02849877451374,537687.9960897592,44.02644015328708,
2.0,A,332.0,49,1.1137098564201169,44.04407828974633,543640.8247533087,44.0420651877321,
2.0,A,333.0,49,1.1123931116295276,44.05948789102534,549659.65063885,44.057519293880304,
2.0,A,334.0,49,1.1110924217021538,44.074729424719656,555745.2021455419,44.07280434096513,
2.0,A,335.0,49,1.1098075727953745,44.089804717295465,561898.2157577918,44.08792217779306,
2.0,A,336.0,49,1.1085383543165563,44.10471557552678,568119.4361394093,44.102874632966596,
2.0,A,337.0,49,1.1072845588649436,44.11946378670391,574409.6162135436,44.11766351510474,
2.0,A,338.0,49,1.1060459821747581,44.13405111883976,580769.5172586284,44.132290613060995,
2.0,A,339.0,49,1.1048224230595063,44.14847932087405,587199.909006615,44.14675769613918,
2.0,A,340.0,49,1.1036136833574395,44.16275012287555,593701.5697223821,44.16106651430631,
2.0,A,341.0,49,1.1024195678781625,44.17686523624212,600275.2863080407,44.17521879840439,
2.0,A,342.0,49,1.1012398843503401,44.190826353898856,606921.8543935489,44.18921626035823,
2.0,A,343.0,49,1.1000744433704974,44.20463515049414,613642.0784373776,44.20306059338248,
2.0,A,344.0,49,1.098923058352871,44.21829328259374,620436.7718159397,44.216753472185815,
2.0,A,345.0,49,1.0977855454802923,44.231802388872886,627306.7569381045,44.23029655317255,
2.0,A,346.0,49,1.0966617236560847,44.245164090306424,634252.86532277,44.243691474642766,
2.0,A,347.0,49,1.0955514144569354,44.25837999035705,641275.9377088008,44.25693985698967,
2.0,A,348.0,49,1.0944544420867348,44.27145167516151,648376.824164469,44.270043302895324,
2.0,A,349.0,49,1.0933706333313524,44.284380713715066,655556.3841832764,44.28300339752369,
2.0,A,350.0,49,1.0922998175143235,44.297168658053906,662815.4867859682,44.29582170871195,
2.0,A,351.0,49,1.0912418264534403,44.30981704343577,670155.0106265035,44.30849978715989,
2.0,A,352.0,49,1.090196494418205,44.322327388518744,677575.8441014979,44.32103916661658,
2.0,A,353.0,49,1.0891636580881476,44.3347011955381,685078.8854575088,44.33344136406569,
2.0,A,354.0,49,1.0881431565119706,44.34693995048149,692665.0428989773,44.345707879908495,
2.0,A,355.0,49,1.0871348310675055,44.35904512326215,700335.2346905486,44.357840198144835,
2.0,A,356.0,49,1.0861385254224756,44.371018167890455,708090.389281083,44.36983978655228,
2.0,A,357.0,49,1.085154085496024,44.38286052264367,715931.4454068787,44.3817080968633,
2.0,A,358.0,49,1.084181359421011,44.394573610233884,723859.352209638,44.39344656494003,
2.0,A,359.0,49,1.083220197507043,44.40615883797431,731875.0693505104,44.40505661094837,
2.0,A,360.0,49,1.0822704522042423,44.417617597943774,739979.56711908,44.41653963952864,
2.0,A,361.0,49,1.0813319780677064,44.42895126714956,748173.8265644022,44.42789703996538,
2.0,A,362.0,49,1.0804046317226794,44.44016120768853,756458.8396040505,44.43913018635501,
2.0,A,363.0,49,1.079488271830385,44.45124876690663,764835.6091479015,44.45024043777202,
2.0,A,364.0,49,1.0785827590545307,44.46221527755664,773305.1492071456,44.461229138432245,
2.0,A,365.0,49,1.0776879560284554,44.473062057954365,781868.4850455452,44.47209761785604,
2.0,A,366.0,49,1.0768037273229114,44.483790412133224,790526.6532697023,44.48284719102814,
2.0,A,367.0,49,1.0759299394144646,44.49440162999711,799280.7019882944,44.4934791585566,
2.0,A,368.0,49,1.0750664606544982,44.504896987471795,808131.6908979937,44.50399480682996,
2.0,A,369.0,49,1.0742131612388077,44.51527774665467,817080.6914544257,44.514395408172376,
2.0,A,370.0,49,1.0733699131777779,44.52554515596295,826128.7869698966,44.52468222099722,
2.0,A,371.0,49,1.0725365902671222,44.53570045028035,835277.0727599207,44.53485648995904,
2.0,A,372.0,49,1.071713068059173,44.5457448511022,844526.6562862225,44.54491944610414,
2.0,A,373.0,49,1.0708992238347201,44.555679566679025,853878.6572520514,44.55487230701875,
2.0,A,374.0,49,1.0700949365753702,44.56550579215869,863334.2077814119,44.56471627697638,
2.0,A,375.0,49,1.0693000869364315,44.57522470972702,872894.4525245173,44.5744525470831,
2.0,A,376.0,49,1.0685145572203008,44.584837488746906,882560.5488262075,44.58408229542152,
2.0,A,377.0,49,1.0677382313503425,44.59434528589605,892333.6668365134,44.593606687192896,
2.0,A,378.0,49,1.0669709948452644,44.60374924530315,902214.9896631647,44.60302687485791,
2.0,A,379.0,49,1.066212734793953,44.61305049868276,912205.7135227476,44.61234399827603,
2.0,A,380.0,49,1.065463339830784,44.62225016546867,922307.0478743368,44.621559184842845,
2.0,A,381.0,49,1.0647227001113821,44.6313493529459,932520.215579366,44.630673549626444,
2.0,A,382.0,49,1.063990707288827,44.6403491563813,942846.4530333622,44.63968819550213,
2.0,A,383.0,49,1.0632672544902932,44.64925065915283,953287.0103173191,44.64860421328558,
2.0,A,384.0,49,1.062552236294119,44.65805493287738,963843.1513587006,44.657422681864425,
2.0,A,385.0,49,1.061845548707286,44.66676303753732,974516.1540938906,44.66614466832902,
2.0,A,386.0,49,1.0611470891433155,44.675376021605715,985307.310592343,44.67477122810095,
2.0,A,387.0,49,1.060456756400555,44.683894922170175,996217.9272360903,44.68330340506046,
2.0,A,388.0,49,1.0597744506408604,44.692320765055435,1007249.3248708704,44.69174223167306,
2.0,A,389.0,49,1.0591000733686697,44.70065456494461,1018402.8389684156,44.70008872911374,
2.0,A,390.0,49,1.058433527410431,44.70889732549922,1029679.8197922275,44.70834390739069,
2.0,A,391.0,49,1.057774716894418,44.717050039477925,1041081.6325442,44.71650876546712,
2.0,A,392.0,49,1.0571235472308944,44.72511368885393,1052609.657549901,44.72458429138193,
2.0,A,393.0,49,1.0564799250926324,44.73308924493129,1064265.290405708,44.7325714623693,
2.0,A,394.0,49,1.055843758395777,44.740977668459884,1076049.9421700789,44.74047124497659,
2.0,A,395.0,49,1.0552149562810493,44.74877990974917,1087965.0395172026,44.74828459518107,
2.0,A,396.0,49,1.0545934290952785,44.7564969087808,1100012.024921947,44.75601245850586,
2.0,A,397.0,48,1.053979088373255,44.76412959532,1112192.356813814,44.76365577013338,
2.0,A,398.0,48,1.0533718468199094,44.77167888902575,1124507.509796979,44.77121545501926,
2.0,A,399.0,48,1.0527716182927966,44.77914569955984,1136958.9747546364,44.778692428003374,
0.3,B,80.0,50,2.5310586972700984,14.849599748048954,2928.407326112812,14.717292122112111,0.6224467108406154
0.3,B,80.0,49,2.7332499145546216,14.058583844712787,164948.2269279203,13.895213833996586,0.6350263016465638
0.3,B,80.0,49,2.561329561232855,14.689370063085471,57810.53540012085,14.563513501066186,0.6381108749104232
0.5,B,80.0,50,4.101539001513745,13.736971391254553,1802.316414688205,13.444184588593275,0.7150847991582935
0.5,B,80.0,50,4.04827185024462,14.01465296861257,2177.7918898772004,13.724140411501882,0.6704306965666252
0.5,B,80.0,50,3.964280707111567,14.03928403960136,9941.809014636912,13.77895370314508,0.7228917865981099
0.7,B,80.0,50,6.238841619144014,13.009986544127111,2104.3827958254747,12.45904788013464,0.7295813914507663
0.7,B,80.0,50,7.228012969562851,12.053721159951142,1302.1168934842958,11.392640188123186,0.7620770197637552
0.7,B,80.0,50,5.367816363115172,14.28690830653675,7003.883889029923,13.847401941918546,0.703999011312129
0.9,B,80.0,50,8.244497138122016,13.095343905072204,1067.6024049271714,12.26270077877521,0.7779374633110534
0.9,B,80.0,50,9.498686236708835,12.232300330884748,1068.71436195427,11.235401742537,0.8024631274394574
0.9,B,80.0,50,8.419889703984293,13.000970950421898,1134.7647767382553,12.151257793136804,0.7977543764444787
1.0,B,80.0,50,8.607681181640801,13.746599366847146,3513.446586013815,12.824740746240384,0.7191558981378778
1.0,B,80.0,50,10.666132209887442,12.364159471197336,2245.1861223543183,11.18174177149768,0.7786905662214038
1.0,B,80.0,50,15.770260970020836,9.920211715845834,729.9773070758063,8.14331710495562,0.9987670481342992
1.1,B,80.0,50,9.043036002346733,14.266198294611234,1521.2324163599021,13.273728915813317,0.7402815879177302
1.1,B,80.0,50,11.417331115060646,12.76104631825854,1288.9094822298257,11.400967083671867,0.7608529852265562
1.1,B,80.0,50,11.344419451194582,12.717997253998046,777.9466798013657,11.403374085608268,0.8048593455554247
1.3,B,80.0,49,10.424725194497622,14.916816086475993,14515.37295464801,13.61044507558415,0.6791249597597189
1.3,B,80.0,50,10.461724530776793,14.94998950049173,1444.769046262621,13.637237449810263,0.7048618926477839
1.3,B,80.0,50,11.322856232986119,14.35481504392176,593.843815323167,12.871163540682364,0.7642163557236646
1.5,B,80.0,50,11.571777479000378,15.62234232079037,1450.769710549714,14.066585658039937,0.6602541336569192
1.5,B,80.0,50,9.940905727605625,16.98698781044436,1695.6390540419459,15.647648564958862,0.5317458559857217
1.5,B,80.0,50,12.690766074653755,14.847200938865917,396.07147156529743,12.92506769711341,0.7397642493784162
2.0,B,80.0,50,6.643729335014329,24.259737274010448,1782.009035651344,23.312957070693752,0.3047361488226874
2.0,B,80.0,50,7.427145158169977,23.2587232037165,5288.32461838589,22.16562141568728,0.353305271762538
2.0,B,80.0,50,9.612121611924026,20.486476189164385,1704.2630681964758,18.93334891303407,0.4145555986995226
2.5,B,80.0,50,7.038946073161304,26.838790984135596,632.9084819758932,25.685049651869374,0.2112974592714873
2.5,B,80.0,50,7.352793715925902,26.55773981469415,1932.6581579634865,25.354581613226028,0.2298627186489628
2.5,B,80.0,50,8.730356215921416,24.57904369368,759.5572131723009,23.023782805493976,0.3415243972823786
3.0,B,80.0,50,8.339914138786314,27.66355357997324,2760.5455110006346,26.080198556950165,0.2128834238347046
3.0,B,80.0,50,8.79375562655915,27.357768998003255,1824.6120332392732,25.698433680174183,0.2191706325524417
3.0,B,80.0,50,10.446872926033604,25.413784807212387,635.1357721971358,23.265014202055685,0.33392430279645
