drive,g,seed,t,rho_W,frob_W,g_eff,mean_d2,rho_DW
sin,0.3,0,0.0,0.2957897902982834,2.12108641364672,0.21121930286037416,0.4958159456886983,0.22121366672126297
sin,0.3,0,1.0,0.29556107474746857,2.11769743512007,0.2058440244289521,0.4724095965902084,
sin,0.3,0,2.0,0.3222777600788048,2.1168344156482726,0.19887092160758874,0.4413049528555996,
sin,0.3,0,3.0,0.3598916265893999,2.1212105866903053,0.21211904618579702,0.4999905126171844,
sin,0.3,0,4.0,0.36402807000326376,2.1208320291392435,0.2083831729557064,0.4827060591493869,
sin,0.3,0,5.0,0.39441708204121384,2.121808568694425,0.1895006650387133,0.3988219782275945,0.22757069076648737
sin,0.3,0,6.0,0.4700280496432715,2.1326858717579498,0.2073536900713315,0.47265010364566434,
sin,0.3,0,7.0,0.5004741736847387,2.1405796648031252,0.20786075516918923,0.4714679934487418,
sin,0.3,0,8.0,0.513015860637168,2.1451980340336654,0.18433504006690024,0.36919092664876324,
sin,0.3,0,9.0,0.6038676832508647,2.162606248654323,0.20213191727384794,0.43680227147877054,
sin,0.3,0,10.0,0.6662205526093004,2.1816537508809204,0.20627793289613913,0.44699626636282797,0.47739336684617084
sin,0.3,0,11.0,0.6706845973078681,2.191505470668096,0.18675614429632545,0.3631070525481184,
sin,0.3,0,12.0,0.7479940940730687,2.2132110502842663,0.19632268018712046,0.39342802549346934,
sin,0.3,0,13.0,0.8386468660012854,2.2442685653638463,0.20601052600749342,0.42130748345368824,
sin,0.3,0,14.0,0.8536970542391126,2.26267631267189,0.19866255583307774,0.38544035310100094,
sin,0.3,0,15.0,0.9026050980391177,2.2863276317855696,0.1912235860718744,0.3497647118309366,0.477586224994789
sin,0.3,0,16.0,1.0117267087759982,2.3276655224505554,0.20890369456285082,0.40273659893692565,
sin,0.3,0,17.0,1.051776605941526,2.3586399944608956,0.21632502290758446,0.4205912218173216,
sin,0.3,0,18.0,1.0721404437982147,2.383478983120855,0.18949865589115777,0.31605278274970167,
sin,0.3,0,19.0,1.182304721493494,2.430490383721954,0.21211925292762754,0.3808398346017382,
sin,0.3,0,20.0,1.2539621698102184,2.4762031714281005,0.22717099204036278,0.4208266185968384,0.8991244557980491
sin,0.3,0,21.0,1.260701613663425,2.505000817235717,0.19590171538336137,0.30579525220598996,
sin,0.3,0,22.0,1.3504393083254655,2.5516506484968895,0.21396222146142002,0.35156187571531566,
sin,0.3,0,23.0,1.4500091162928723,2.610037273406337,0.22794264891448937,0.38135352685620844,
sin,0.3,0,24.0,1.4660682915868057,2.6485797873786616,0.21733430449266203,0.33666692076044696,
sin,0.3,0,25.0,1.5194612950941266,2.690537399928887,0.2179089102678906,0.32797588705146447,0.7994692870467166
sin,0.3,0,26.0,1.6331042676544945,2.755025752858814,0.22972826283960518,0.3476542443015642,
sin,0.3,0,27.0,1.6764043697253417,2.807730532357789,0.2539590479212872,0.40905954922659254,
sin,0.3,0,28.0,1.694938374251589,2.8463138392893934,0.2283331968240801,0.32176777674159524,
sin,0.3,0,29.0,1.8011123975735925,2.9080538109492937,0.23773201141945371,0.3341492241758309,
sin,0.3,0,30.0,1.874658858685971,2.9729776000691666,0.27616635658367106,0.431447812207811,1.4071906767118805
sin,0.3,0,31.0,1.8802806644862384,3.0159465263886,0.2501145696378673,0.34387508598631894,
sin,0.3,0,32.0,1.9558884992818508,3.0681573745403914,0.24954312420309394,0.3307546482654296,
sin,0.3,0,33.0,2.04875741649924,3.13692188457364,0.2723078793420884,0.3767758100690387,
sin,0.3,0,34.0,2.067951809331306,3.1914038316845015,0.2892120471969764,0.4106191875402241,
sin,0.3,0,35.0,2.1021231689328683,3.23509922136614,0.2694300862862459,0.34680629703131216,1.1991082582404085
sin,0.3,0,36.0,2.1960816520115127,3.2974298203699997,0.26609156793273664,0.32559753414087994,
sin,0.3,0,37.0,2.238738963187197,3.361082046206813,0.32450835709931125,0.46608330592572317,
sin,0.3,0,38.0,2.245010884814437,3.4057457604809773,0.3069177062780476,0.40605928235612515,
sin,0.3,0,39.0,2.320079881565661,3.455961441719302,0.27571510384924997,0.31823895736385266,
sin,0.3,0,40.0,2.379957128844075,3.518750923178003,0.3326948828214479,0.4469770183520255,1.854582390413931
sin,0.3,0,41.0,2.383163845924834,3.5704108884262866,0.35320253244409183,0.48930677079812573,
sin,0.3,0,42.0,2.427028264032224,3.6124988610326247,0.30997519384551936,0.3681361339550703,
sin,0.3,0,43.0,2.493783396481584,3.665873543856567,0.3373818425094255,0.4235049163649925,
sin,0.3,0,44.0,2.5070452232107243,3.7197123488354977,0.3819585774193872,0.5272102262687407,
sin,0.3,0,45.0,2.524227388095725,3.760451485217624,0.3594707296292991,0.4568957207563698,1.7172586529599547
sin,0.3,0,46.0,2.5876069407146858,3.8035554188476657,0.3493601213305265,0.4218297124996393,
sin,0.3,0,47.0,2.612229422810962,3.8536140186095444,0.39442072498516967,0.5237849698248759,
sin,0.3,0,48.0,2.615631317342872,3.895354674888053,0.402054229594026,0.5326540843806724,
sin,0.3,0,49.0,2.670984352427237,3.933466343271338,0.3671583774428708,0.4356382565136018,
sin,0.3,0,50.0,2.71025263990868,3.9799006435993842,0.4160806421108774,0.5464879192617257,2.2609294794666726
sin,0.3,0,51.0,2.709215348013862,4.021051334088713,0.5067040272300137,0.793961569226626,
sin,0.3,0,52.0,2.711908662643314,4.034807829072894,0.42407860080396603,0.5523533740804116,
sin,0.3,0,53.0,2.7307297252299434,4.049483233388645,0.2548957667552477,0.19810527502125896,
sin,0.3,0,54.0,2.876751812227117,4.143172559637762,0.25201060344888554,0.18498716195242476,
sin,0.3,0,55.0,3.092885675284676,4.29284847087083,0.22196287802602624,0.133671733763335,1.0110138290545356
sin,0.3,0,56.0,3.3195746683296576,4.472635088654057,0.2353845301779312,0.13848377863274186,
sin,0.3,0,57.0,3.5829075750474644,4.678811674534519,0.2642188056490532,0.15945066129011015,
sin,0.3,0,58.0,3.8870622419074174,4.905410346682472,0.20897858673152897,0.09074503958875223,
sin,0.3,0,59.0,4.210203729222627,5.152679053567097,0.17644732187861067,0.05863189916865344,
sin,0.3,0,60.0,4.552715652767724,5.422969196756627,0.19833062133703744,0.0668767676281195,0.466780190518537
sin,0.3,0,61.0,4.903099480217666,5.707699826432085,0.21930695813238552,0.07381635163440615,
sin,0.3,0,62.0,5.252553144921542,6.000121531218413,0.20476942640311974,0.058234471414940085,
sin,0.3,0,63.0,5.608909861424769,6.303984475321506,0.15802879513049037,0.03142043491934212,
sin,0.3,0,64.0,5.973914180019138,6.619725873542471,0.13616102392232493,0.021154151518154727,
sin,0.3,0,65.0,6.343779623452852,6.9445082696318226,0.1400666680880856,0.020340264731414086,0.06684175052155165
sin,0.3,0,66.0,6.717899790174325,7.277546082527156,0.08445189809866438,0.00673315955565767,
sin,0.3,0,67.0,7.0945781948535656,7.616883345868631,0.0826208276054754,0.00588294079271382,
sin,0.3,0,68.0,7.472137742595553,7.960526493931074,0.039388594997107944,0.0012241296000076798,
sin,0.3,0,69.0,7.85070140425252,8.30815815985367,0.03318302202407219,0.0007976132575079699,
sin,0.3,0,70.0,8.229724500912065,8.658936136326547,0.06262305404760427,0.0026152271658475817,0.014294403526942412
sin,0.3,0,71.0,8.608098082514113,9.011515140535716,0.028858354213327907,0.0005127639570481003,
sin,0.3,0,72.0,8.98554166802493,9.365324299654567,0.0025951790519872717,3.839361601568155e-06,
sin,0.3,0,73.0,9.361777012147423,9.719847224519006,0.000614521482108357,1.998597157487842e-07,
sin,0.3,0,74.0,9.736325062862793,10.07441569155722,0.0003400483057591125,5.69654459411689e-08,
sin,0.3,0,75.0,10.108822483361156,10.428492682062057,0.00015147966004038546,1.054958963428162e-08,5.768352564482623e-05
sin,0.3,0,76.0,10.479004135915321,10.781656081899063,0.0003722394386039834,5.959966582096934e-08,
sin,0.3,0,77.0,10.846662901513628,11.133559541472144,0.00023432126451507855,2.2147531954532678e-08,
sin,0.3,0,78.0,11.211640492569941,11.48392154558187,2.556989733697724e-05,2.4788345417013546e-10,
sin,0.3,0,79.0,11.57381081647454,11.832507279133377,3.0414285780144533e-06,3.30348005026474e-12,
sin,0.3,0,80.0,11.93306989960654,12.179116815257547,2.5619775590447668e-06,2.2125294240346218e-12,2.87388082261601e-06
sin,0.3,0,81.0,12.289334048481109,12.523581468102087,6.711494969723747e-07,1.4359901198687302e-13,
sin,0.3,0,82.0,12.642536469505554,12.865758969626224,1.5830368843259854e-06,7.56974500840402e-13,
sin,0.3,0,83.0,12.992624220934728,13.2055291945371,1.7406567960078784e-06,8.687297313908257e-13,
sin,0.3,0,84.0,13.339555985423873,13.542790870409341,3.069816869363935e-07,2.5690857296723983e-14,
sin,0.3,0,85.0,13.683300252268866,13.877458848543222,2.450729541053655e-08,1.5593402156715363e-16,2.1293682385540175e-08
sin,0.3,0,86.0,14.023833804396324,14.209461808621977,2.241329207594985e-08,1.2440162328577292e-16,
sin,0.3,0,87.0,14.36114050825408,14.538740374150516,6.759451494121943e-09,1.0807851123778635e-17,
sin,0.3,0,88.0,14.695210292709888,14.865245510273443,8.32319904215188e-09,1.56749582523848e-17,
sin,0.3,0,89.0,15.026038283695188,15.18893715643812,1.4845162742654426e-08,4.7762292048967735e-17,
sin,0.3,0,90.0,15.353624073555029,15.50978306082764,4.554507987417053e-09,4.3116300877907226e-18,3.0700304870837254e-09
sin,0.3,0,91.0,15.677971100807532,15.827757782385005,3.670233469386703e-10,2.6885529610860582e-20,
sin,0.3,0,92.0,15.999086121048048,16.142841832841064,2.250728940617947e-10,9.719779476747505e-21,
sin,0.3,0,93.0,16.316978754656503,16.455020937366154,1.1197101885675776e-10,2.315177994512335e-21,
sin,0.3,0,94.0,16.63166109863785,16.764285395257147,5.6607298506702134e-11,5.70091770393899e-22,
sin,0.3,0,95.0,16.94314739237124,17.070629525426195,1.4449279489353232e-10,3.582311219153102e-21,1.0847683741377054e-10
sin,0.3,0,96.0,17.251453728996673,17.374051184169332,7.960702172468959e-11,1.0497129710558057e-21,
sin,0.3,0,97.0,17.556597805508275,17.674551344675585,8.422056621978816e-12,1.1352970813612929e-23,
sin,0.3,0,98.0,17.858598705772472,17.972133729421465,2.6305397411673845e-12,1.071175068670757e-24,
sin,0.3,0,99.0,18.15747671165623,18.26680448801326,2.242558500480581e-12,7.535852780158899e-25,
sin,0.3,0,100.0,18.453253138224024,18.558571914191287,5.883370975488794e-13,5.0249687286490097e-26,7.147985745504449e-13
sin,0.3,0,101.0,18.745950189601718,18.847446196670354,1.6115901651037682e-12,3.655730706998959e-25,
sin,0.3,0,102.0,19.03559083263999,19.133439199295264,1.5762180144323088e-12,3.393254990157035e-25,
sin,0.3,0,103.0,19.32219868595036,19.41656426665943,2.5294299758712844e-13,8.485365563715578e-27,
sin,0.3,0,104.0,19.605797922252258,19.696836051895566,3.873793722243496e-14,1.9339713952398325e-28,
sin,0.3,0,105.0,19.88641318227628,19.97427036381949,5.018012527655629e-14,3.1556704183942983e-28,7.249402975406384e-14
sin,0.3,0,106.0,20.1640694987257,20.248884031006146,1.338948753316425e-14,2.1862293912068817e-29,
sin,0.3,0,107.0,20.43879222901213,20.520694780713068,2.091691014607751e-14,5.194944883719821e-29,
sin,0.3,0,108.0,20.710606995665298,20.789721130851884,3.436397083715298e-14,1.3660901510938568e-28,
sin,0.3,0,109.0,20.979539633467002,21.05598229345078,9.167058788282342e-15,9.47717770009893e-30,
sin,0.3,0,110.0,21.245616142492203,21.319498088257525,9.372603287962964e-16,9.663546088957394e-32,1.1729753746619767e-15
sin,0.3,0,111.0,21.508862646349552,21.580288865309054,1.2122368065580823e-15,1.5777218104420237e-31,
sin,0.3,0,112.0,21.76930535500632,21.838375435444867,5.311915727395027e-16,2.958228394578794e-32,
sin,0.3,0,113.0,22.026970531665835,22.093779007871195,2.943482658662226e-16,8.874685183736382e-33,
sin,0.3,0,114.0,22.281884463231865,22.346521133994685,7.939079130634739e-16,6.310887241768095e-32,
sin,0.3,0,115.0,22.53407343395467,22.59662365684051,4.0139666980182136e-16,1.5777218104420236e-32,3.3109557435920065e-16
sin,0.3,0,116.0,22.783563701903777,22.844108665453216,0.0,0.0,
sin,0.3,0,117.0,23.03038147795648,23.08899845375064,0.0,0.0,
sin,0.3,0,118.0,23.274552907029193,23.331315483363888,0.0,0.0,
sin,0.3,0,119.0,23.516104051310826,23.571082350050755,0.0,0.0,
sin,0.3,0,120.0,23.755060875286308,23.80832175331748,0.0,0.0,0.0
sin,0.3,0,121.0,23.99144923236348,24.043056468925148,0.0,0.0,
sin,0.3,0,122.0,24.225294852937186,24.275309323993312,0.0,0.0,
sin,0.3,0,123.0,24.456623333743863,24.505103174445154,0.0,0.0,
sin,0.3,0,124.0,24.685460128376466,24.73246088456645,0.0,0.0,
sin,0.3,0,125.0,24.911830538843823,24.95740530847513,0.0,0.0,0.0
sin,0.3,0,126.0,25.13575970807079,25.17995927331986,0.0,0.0,
sin,0.3,0,127.0,25.357272613247485,25.400145564045083,0.0,0.0,
sin,0.3,0,128.0,25.576394059945105,25.617986909577006,0.0,0.0,
sin,0.3,0,129.0,25.79314867692491,25.833505970299722,0.0,0.0,
sin,0.3,0,130.0,26.007560911573975,26.046725326704088,0.0,0.0,0.0
sin,0.3,0,131.0,26.219655025909383,26.2576674691037,0.0,0.0,
sin,0.3,0,132.0,26.429455093096408,26.466354788322693,0.0,0.0,
sin,0.3,0,133.0,26.63698499443441,26.67280956726948,0.0,0.0,
sin,0.3,0,134.0,26.842268416765844,26.877053973318915,0.0,0.0,
sin,0.3,0,135.0,27.045328850270742,27.079110051432657,0.0,0.0,0.0
sin,0.3,0,136.0,27.246189586611052,27.27899971795418,0.0,0.0,
sin,0.3,0,137.0,27.44487371739304,27.47674475502099,0.0,0.0,
sin,0.3,0,138.0,27.64140413291929,27.672366805541703,0.0,0.0,
sin,0.3,0,139.0,27.835803521204596,27.86588736869054,0.0,0.0,
sin,0.3,0,140.0,28.028094367231237,28.057327795876162,0.0,0.0,0.0
sin,0.3,0,141.0,28.21829895242364,28.246709287145492,0.0,0.0,
sin,0.3,0,142.0,28.406439354321527,28.434052887986798,0.0,0.0,
sin,0.3,0,143.0,28.592537446435124,28.61937948649938,0.0,0.0,
sin,0.3,0,144.0,28.776614898265247,28.802709810900048,0.0,0.0,
sin,0.3,0,145.0,28.95869317547487,28.984064427339224,0.0,0.0,0.0
sin,0.3,0,146.0,29.138793540197188,29.16346373800171,0.0,0.0,
sin,0.3,0,147.0,29.316937051469704,29.340927979469395,0.0,0.0,
sin,0.3,0,148.0,29.493144565781712,29.51647722132495,0.0,0.0,
sin,0.3,0,149.0,29.66743673772576,29.69013136497747,0.0,0.0,
sin,0.3,0,150.0,29.839834020744046,29.861910142692402,0.0,0.0,0.0
sin,0.3,0,151.0,30.010356667959936,30.031833116809683,0.0,0.0,
sin,0.3,0,152.0,30.17902473308839,30.199919679135256,0.0,0.0,
sin,0.3,0,153.0,30.34585807141688,30.36618905049233,0.0,0.0,
sin,0.3,0,154.0,30.510876340850682,30.530660280419813,0.0,0.0,
sin,0.3,0,155.0,30.674099003016785,30.693352247006406,0.0,0.0,0.0
sin,0.3,0,156.0,30.8355453244203,30.85428365684966,0.0,0.0,
sin,0.3,0,157.0,30.99523437764847,31.013473045130212,0.0,0.0,
sin,0.3,0,158.0,31.15318504261785,31.170938775792095,0.0,0.0,
sin,0.3,0,159.0,31.309416007860158,31.32669904182079,0.0,0.0,
sin,0.3,0,160.0,31.46394577184243,31.48077186561125,0.0,0.0,0.0
sin,0.3,0,161.0,31.616792644318497,31.633175099418782,0.0,0.0,
sin,0.3,0,162.0,31.767974747708106,31.783926425886154,0.0,0.0,
sin,0.3,0,163.0,31.917510018500334,31.93304335864076,0.0,0.0,
sin,0.3,0,164.0,32.065416208678776,32.08054324295628,0.0,0.0,
sin,0.3,0,165.0,32.2117108871659,32.2264432564735,0.0,0.0,0.0
sin,0.3,0,166.0,32.35641144128343,32.37076040997539,0.0,0.0,
sin,0.3,0,167.0,32.49953507822785,32.51351154821208,0.0,0.0,
sin,0.3,0,168.0,32.64109882655738,32.65471335077139,0.0,0.0,
sin,0.3,0,169.0,32.78111953768976,32.794382332991056,0.0,0.0,
sin,0.3,0,170.0,32.91961388740817,32.93253484690915,0.0,0.0,0.0
sin,0.3,0,171.0,33.05659837737458,33.06918708224918,0.0,0.0,
sin,0.3,0,172.0,33.1920893366478,33.20435506743691,0.0,0.0,
sin,0.3,0,173.0,33.326102923206285,33.33805467064585,0.0,0.0,
sin,0.3,0,174.0,33.458655125472866,33.470301600868936,0.0,0.0,
sin,0.3,0,175.0,33.58976176384185,33.60111140901358,0.0,0.0,0.0
sin,0.3,0,176.0,33.719438492205526,33.73049948901814,0.0,0.0,
sin,0.3,0,177.0,33.8477007994811,33.85848107898732,0.0,0.0,
sin,0.3,0,178.0,33.97456401113517,33.98507126234464,0.0,0.0,
sin,0.3,0,179.0,34.10004329070645,34.11028496900013,0.0,0.0,
sin,0.3,0,180.0,34.22415364132508,34.234136976531346,0.0,0.0,0.0
sin,0.3,0,181.0,34.34690990722772,34.35664191137624,0.0,0.0,
sin,0.3,0,182.0,34.46832677526848,34.47781425003626,0.0,0.0,
sin,0.3,0,183.0,34.58841877642433,34.59766832028834,0.0,0.0,
sin,0.3,0,184.0,34.70720028729446,34.71621830240441,0.0,0.0,
sin,0.3,0,185.0,34.82468553159413,34.83347823037718,0.0,0.0,0.0
sin,0.3,0,186.0,34.94088858164046,34.94946199315122,0.0,0.0,
sin,0.3,0,187.0,35.05582335983214,35.06418333585795,0.0,0.0,
sin,0.3,0,188.0,35.169503640120546,35.17765586105396,0.0,0.0,
sin,0.3,0,189.0,35.28194304947312,35.28989302996134,0.0,0.0,
sin,0.3,0,190.0,35.393155069328635,35.400908163709474,0.0,0.0,0.0
sin,0.3,0,191.0,35.503153037043056,35.510714444577275,0.0,0.0,
sin,0.3,0,192.0,35.61195014732696,35.61932491723523,0.0,0.0,
sin,0.3,0,193.0,35.719559453673476,35.7267524899866,0.0,0.0,
sin,0.3,0,194.0,35.82599386977665,35.83300993600692,0.0,0.0,
sin,0.3,0,195.0,35.93126617094022,35.93810989458148,0.0,0.0,0.0
sin,0.3,0,196.0,36.03538899547633,36.04206487234005,0.0,0.0,
sin,0.3,0,197.0,36.13837484609427,36.1448872444883,0.0,0.0,
sin,0.3,0,198.0,36.24023609127891,36.246589256035634,0.0,0.0,
sin,0.3,0,199.0,36.340984966658645,36.3471830230187,0.0,0.0,
sin,0.3,0,200.0,36.440633576363055,36.44668053372046,0.0,0.0,0.0
sin,0.3,0,201.0,36.53919389436988,36.54509364988421,0.0,0.0,
sin,0.3,0,202.0,36.6366777658411,36.64243410792229,0.0,0.0,
sin,0.3,0,203.0,36.733096908448395,36.738713520119155,0.0,0.0,
sin,0.3,0,204.0,36.82846291368767,36.83394337582847,0.0,0.0,
sin,0.3,0,205.0,36.922787248182786,36.92813504266396,0.0,0.0,0.0
sin,0.3,0,206.0,37.0160812549781,37.02129976768378,0.0,0.0,
sin,0.3,0,207.0,37.1083561548203,37.113448678568076,0.0,0.0,
sin,0.3,0,208.0,37.19962304742855,37.204592784789675,0.0,0.0,
sin,0.3,0,209.0,37.289892912754624,37.29474297877752,0.0,0.0,
sin,0.3,0,210.0,37.379176612231014,37.383910037072795,0.0,0.0,0.0
sin,0.3,0,211.0,37.46748489000843,37.47210462147753,0.0,0.0,
sin,0.3,0,212.0,37.55482837418204,37.55933728019548,0.0,0.0,
sin,0.3,0,213.0,37.64121757800669,37.64561844896523,0.0,0.0,
sin,0.3,0,214.0,37.726662901101285,37.73095845218536,0.0,0.0,
sin,0.3,0,215.0,37.811174630641574,37.81536750403148,0.0,0.0,0.0
sin,0.3,0,216.0,37.89476294254254,37.89885570956514,0.0,0.0,
sin,0.3,0,217.0,37.97743790262939,37.9814330658345,0.0,0.0,
sin,0.3,0,218.0,38.05920946779762,38.06310946296661,0.0,0.0,
sin,0.3,0,219.0,38.14008748716247,38.14389468525129,0.0,0.0,
sin,0.3,0,220.0,38.220081703197174,38.22379841221653,0.0,0.0,0.0
sin,0.3,0,221.0,38.29920175286021,38.30283021969533,0.0,0.0,
sin,0.3,0,222.0,38.37745716871246,38.380999580884,0.0,0.0,
sin,0.3,0,223.0,38.45485738002293,38.45831586739177,0.0,0.0,
sin,0.3,0,224.0,38.531411713863875,38.534788350281794,0.0,0.0,
sin,0.3,0,225.0,38.607129396195866,38.610426201103415,0.0,0.0,0.0
sin,0.3,0,226.0,38.68201955294146,38.68523849291577,0.0,0.0,
sin,0.3,0,227.0,38.75609121104902,38.759234201302625,0.0,0.0,
sin,0.3,0,228.0,38.82935329954563,38.83242220537851,0.0,0.0,
sin,0.3,0,229.0,38.901814650579915,38.9048112887861,0.0,0.0,
sin,0.3,0,230.0,38.97348400045441,38.976410140684834,0.0,0.0,0.0
sin,0.3,0,231.0,39.04436999064753,39.04722735673088,0.0,0.0,
sin,0.3,0,232.0,39.114481168825925,39.11727144004824,0.0,0.0,
sin,0.3,0,233.0,39.183825989845765,39.1865508021913,0.0,0.0,
sin,0.3,0,234.0,39.252412816744844,39.255073764098526,0.0,0.0,
sin,0.3,0,235.0,39.32024992172425,39.32284855703764,0.0,0.0,0.0
sin,0.3,0,236.0,39.38734548712042,39.38988332354198,0.0,0.0,
sin,0.3,0,237.0,39.453707606366955,39.4561861183384,0.0,0.0,
sin,0.3,0,238.0,39.519344284947074,39.521764909266416,0.0,0.0,
sin,0.3,0,239.0,39.58426344133621,39.58662757818891,0.0,0.0,
sin,0.3,0,240.0,39.648472907935044,39.65078192189421,0.0,0.0,0.0
sin,0.3,0,241.0,39.711980431993,39.71423565298972,0.0,0.0,
sin,0.3,0,242.0,39.77479367652233,39.77699640078711,0.0,0.0,
sin,0.3,0,243.0,39.83692022120262,39.839071712179035,0.0,0.0,
sin,0.3,0,244.0,39.89836756327648,39.90046905250749,0.0,0.0,
sin,0.3,0,245.0,39.959143118435286,39.96119580642389,0.0,0.0,0.0
sin,0.3,0,246.0,40.019254221696734,40.0212592787408,0.0,0.0,
sin,0.3,0,247.0,40.07870812827224,40.080666695275426,0.0,0.0,
sin,0.3,0,248.0,40.13751201442643,40.13942520368499,0.0,0.0,
sin,0.3,0,249.0,40.19567297832677,40.19754187429387,0.0,0.0,
sin,0.3,0,250.0,40.25319804088517,40.25502370091268,0.0,0.0,0.0
sin,0.3,0,251.0,40.31009414659029,40.31187760164939,0.0,0.0,
sin,0.3,0,252.0,40.366368164331504,40.36811041971233,0.0,0.0,
sin,0.3,0,253.0,40.42202688821383,40.42372892420534,0.0,0.0,
sin,0.3,0,254.0,40.477077038365316,40.47873981091506,0.0,0.0,
sin,0.3,0,255.0,40.531525261734444,40.53314970309033,0.0,0.0,0.0
sin,0.3,0,256.0,40.58537813288094,40.5869651522139,0.0,0.0,
sin,0.3,0,257.0,40.63864215475677,40.64019263876636,0.0,0.0,
sin,0.3,0,258.0,40.691323759479985,40.69283857298248,0.0,0.0,
sin,0.3,0,259.0,40.7434293090998,40.74490929559991,0.0,0.0,
sin,0.3,0,260.0,40.79496509635416,40.79641107860038,0.0,0.0,0.0
sin,0.3,0,261.0,40.845937345418655,40.847350125943386,0.0,0.0,
sin,0.3,0,262.0,40.89635221264829,40.8977325742925,0.0,0.0,
sin,0.3,0,263.0,40.94621578731082,40.94756449373426,0.0,0.0,
sin,0.3,0,264.0,40.99553409231271,40.99685188848985,0.0,0.0,
sin,0.3,0,265.0,41.04431308491719,41.04560069761945,0.0,0.0,0.0
sin,0.3,0,266.0,41.092558657454994,41.093816795719434,0.0,0.0,
sin,0.3,0,267.0,41.140276638027125,41.1415059936125,0.0,0.0,
sin,0.3,0,268.0,41.187472791200825,41.18867403903062,0.0,0.0,
sin,0.3,0,269.0,41.23415281869723,41.23532661729116,0.0,0.0,
sin,0.3,0,270.0,41.280322360072866,41.28146935196587,0.0,0.0,0.0
sin,0.3,0,271.0,41.325986993392995,41.3271078055431,0.0,0.0,
sin,0.3,0,272.0,41.371152235897924,41.37224748008325,0.0,0.0,
sin,0.3,0,273.0,41.41582354466298,41.4168938178673,0.0,0.0,
sin,0.3,0,274.0,41.460006317250325,41.461052202038736,0.0,0.0,
sin,0.3,0,275.0,41.50370589235474,41.50472795723889,0.0,0.0,0.0
sin,0.3,0,276.0,41.54692755044214,41.54792635023556,0.0,0.0,
sin,0.3,0,277.0,41.589676514381104,41.59065259054517,0.0,0.0,
sin,0.3,0,278.0,41.63195795006812,41.63291183104853,0.0,0.0,
sin,0.3,0,279.0,41.67377696704587,41.67470916860011,0.0,0.0,
sin,0.3,0,280.0,41.715138619114775,41.71604964463095,0.0,0.0,0.0
sin,0.3,0,281.0,41.75604790493854,41.75693824574538,0.0,0.0,
sin,0.3,0,282.0,41.796509768642196,41.79737990431143,0.0,0.0,
sin,0.3,0,283.0,41.83652910040523,41.83737949904506,0.0,0.0,
sin,0.3,0,284.0,41.876110737046844,41.8769418555884,0.0,0.0,
sin,0.3,0,285.0,41.915259462605974,41.916071747081716,0.0,0.0,0.0
sin,0.3,0,286.0,41.95398000891468,41.95477389472962,0.0,0.0,
sin,0.3,0,287.0,41.992277056165314,41.99305296836118,0.0,0.0,
sin,0.3,0,288.0,42.0301552334721,42.03091358698414,0.0,0.0,
sin,0.3,0,289.0,42.06761911942571,42.068360319333465,0.0,0.0,
sin,0.3,0,290.0,42.10467324264311,42.1053976844139,0.0,0.0,0.0
sin,0.3,0,291.0,42.1413220823105,42.14203015203701,0.0,0.0,
sin,0.3,0,292.0,42.17757006872109,42.178262143352406,0.0,0.0,
sin,0.3,0,293.0,42.213421583806465,42.214098031373446,0.0,0.0,
sin,0.3,0,294.0,42.248880961662714,42.24954214149741,0.0,0.0,
sin,0.3,0,295.0,42.28395248907103,42.28459875202005,0.0,0.0,0.0
sin,0.3,0,296.0,42.318640406011895,42.319272094644866,0.0,0.0,
sin,0.3,0,297.0,42.35294890617481,42.35356635498685,0.0,0.0,
sin,0.3,0,298.0,42.386882137461555,42.38748567307098,0.0,0.0,
sin,0.3,0,299.0,42.42044420248465,42.421034143825366,0.0,0.0,
sin,0.3,1,0.0,0.30173826616065064,2.1340280894601302,0.22111744492079893,0.5368040154108314,0.22462352839557748
sin,0.3,1,1.0,0.30129917419234103,2.1315864583803275,0.20722709601744232,0.4725602431032649,
sin,0.3,1,2.0,0.3034977611817169,2.1299195155627135,0.1990787924936721,0.43681104826221123,
sin,0.3,1,3.0,0.30726686944674925,2.1306662307268995,0.21678210973462053,0.5175901894224837,
sin,0.3,1,4.0,0.30365974732602236,2.1319103693216728,0.20157611196491326,0.4470028054622931,
sin,0.3,1,5.0,0.31048464919367225,2.1345967861201873,0.19541527884382418,0.419039859337333,0.19249259107632352
sin,0.3,1,6.0,0.3658664063196457,2.141127383534768,0.20787912237966027,0.4713100949524089,
sin,0.3,1,7.0,0.44011175227184246,2.148628683089435,0.20078187744757675,0.43661262344878904,
sin,0.3,1,8.0,0.4458086755811461,2.1562979703638367,0.1971177308723213,0.4178340594939233,
sin,0.3,1,9.0,0.5046183189202591,2.1696430206732558,0.19766881079688878,0.4150206784402454,
sin,0.3,1,10.0,0.5875296167365908,2.186099497240079,0.2080199163608096,0.4527307470448719,0.4554543697580896
sin,0.3,1,11.0,0.5963435368706068,2.1995006332431153,0.20113297594394938,0.418107906771609,
sin,0.3,1,12.0,0.6471222498523215,2.21868452952665,0.18762533074977333,0.35757062677072715,
sin,0.3,1,13.0,0.7473705537789798,2.2452558938921734,0.21633991511542885,0.4642069347574266,
sin,0.3,1,14.0,0.7705562197465737,2.2661991053142443,0.2042319410073043,0.4060889821841533,
sin,0.3,1,15.0,0.8002587530966899,2.289920051289184,0.18065457917444364,0.3111912042491046,0.4253126407859663
sin,0.3,1,16.0,0.9130673336256976,2.325858575270243,0.217139731430204,0.4357947454702227,
sin,0.3,1,17.0,0.9616766678594288,2.3572843215093964,0.20608384643947716,0.38215009528682936,
sin,0.3,1,18.0,0.9710389675315064,2.3847420566793667,0.18413779934858512,0.2981076216467489,
sin,0.3,1,19.0,1.0800353965525695,2.4268060666141524,0.21167283223036287,0.38039088527726783,
sin,0.3,1,20.0,1.160668270688739,2.4712164859177954,0.2155725862256226,0.3804831979597177,0.7666667912246605
sin,0.3,1,21.0,1.1649704091839643,2.5035483273216137,0.20358044827453708,0.33062080465418786,
sin,0.3,1,22.0,1.24809434321902,2.547055510577571,0.20510465023694288,0.3242232823912856,
sin,0.3,1,23.0,1.3577893862904835,2.603726293415366,0.23680707490913352,0.413588727546132,
sin,0.3,1,24.0,1.3779885641427385,2.644638057422212,0.23210956370532693,0.3851444005060415,
sin,0.3,1,25.0,1.4219872025133329,2.6859874690221504,0.2014380316202374,0.2812192061448564,0.7761431419002183
sin,0.3,1,26.0,1.5451186264723116,2.7493065505456666,0.24648722388234595,0.401894902413951,
sin,0.3,1,27.0,1.5974874943180772,2.802849880019449,0.2540447403152951,0.41076245855933086,
sin,0.3,1,28.0,1.609491093479917,2.8427022683135537,0.20570583487391114,0.26181858635146343,
sin,0.3,1,29.0,1.7198353654295029,2.9037803377567877,0.24604958819882228,0.3589944784844736,
sin,0.3,1,30.0,1.806539723991753,2.9694192907964414,0.2658560711579636,0.40079299094666043,1.2324212404568629
sin,0.3,1,31.0,1.8126573786716245,3.0137166855697104,0.236622847416415,0.3082325586954254,
sin,0.3,1,32.0,1.8844002086505718,3.0651774334334583,0.24878933480908505,0.32939900512886583,
sin,0.3,1,33.0,1.99088312816894,3.1351234181440644,0.28082864770021543,0.4011839384498468,
sin,0.3,1,34.0,2.016613921624086,3.189521513367864,0.29828552232444616,0.4373038313555358,
sin,0.3,1,35.0,2.0440738277047723,3.2322590010013625,0.26195888182280574,0.32841573229639953,1.2166406352807058
sin,0.3,1,36.0,2.1463001163131565,3.2955171052149943,0.29073000720041847,0.3891370498700742,
sin,0.3,1,37.0,2.1966834738441836,3.3571987052334378,0.3300146647513662,0.4831504498670966,
sin,0.3,1,38.0,2.200662867427388,3.4006167076889358,0.289673451553177,0.36280396449735464,
sin,0.3,1,39.0,2.2782330744501453,3.452169740021345,0.3030121464894825,0.3852173127236047,
sin,0.3,1,40.0,2.3453895921829138,3.513000969158925,0.3320518903996758,0.44670969614907835,1.726676969758883
sin,0.3,1,41.0,2.3496194727818596,3.5620931001908738,0.33638659936958226,0.4458993558755623,
sin,0.3,1,42.0,2.392538573038082,3.604547814892772,0.32965880949445914,0.41821325598048825,
sin,0.3,1,43.0,2.464041863937746,3.657161066103416,0.3365677503037963,0.42347407561758155,
sin,0.3,1,44.0,2.4777498980777173,3.7079728020528644,0.372844608582454,0.5055366653669213,
sin,0.3,1,45.0,2.497099256997058,3.7497764074665954,0.3564066878066888,0.4517008931688818,1.7549097393020812
sin,0.3,1,46.0,2.5726460070161075,3.79896474769794,0.3568605779981622,0.4412011404276214,
sin,0.3,1,47.0,2.610116999845927,3.851802055015188,0.42322280074337615,0.6036430392202243,
sin,0.3,1,48.0,2.6082156337483617,3.888487748900769,0.5291977432689732,0.9260714624764802,
sin,0.3,1,49.0,2.6084056832250178,3.892722876378294,0.23093374559263244,0.17596967375885172,
sin,0.3,1,50.0,2.7008126125627214,3.9561873248360726,0.2041551905754314,0.133148771062123,0.8697642068096049
sin,0.3,1,51.0,2.935622086266167,4.109940877080682,0.2217131636418738,0.14550630535948006,
sin,0.3,1,52.0,3.21880315943706,4.3068167898775185,0.24671756232645664,0.16408063956328664,
sin,0.3,1,53.0,3.5100086406866815,4.523628827297074,0.2321301764701121,0.13166164637738192,
sin,0.3,1,54.0,3.8308702085166515,4.766114250417031,0.19556366069213052,0.08418164788156622,
sin,0.3,1,55.0,4.173698660152695,5.0346434743311,0.1881603240284572,0.06983749698766507,0.5233945965823219
sin,0.3,1,56.0,4.533461682636526,5.326400567501947,0.11135546419131516,0.021853722367714098,
sin,0.3,1,57.0,4.909584976893674,5.638041773308223,0.12268919167879756,0.023676965212610285,
sin,0.3,1,58.0,5.293292399913401,5.962979245248671,0.12727551196974346,0.022778919205546616,
sin,0.3,1,59.0,5.681345987992303,6.298401043621373,0.040696011575545046,0.0020874355712545024,
sin,0.3,1,60.0,6.073771480241186,6.643619008313649,0.03527998241739011,0.0014099940707027676,0.0682218910772004
sin,0.3,1,61.0,6.4684795826059425,6.996086770723122,0.014398912592297655,0.00021179661777282862,
sin,0.3,1,62.0,6.86449746526684,7.354183814196648,0.00815760731763688,6.152146019671426e-05,
sin,0.3,1,63.0,7.260809826577948,7.716372621073934,0.01636023698352051,0.00022476195556853963,
sin,0.3,1,64.0,7.656247179152294,8.081066336616521,0.00690445198213813,3.649985068502233e-05,
sin,0.3,1,65.0,8.050217095622308,8.447256848271248,0.0005893231855927363,2.4335801857498665e-07,0.0006750709864051782
sin,0.3,1,66.0,8.442295641702026,8.8141546969702,0.00019242527163926832,2.38304851458821e-08,
sin,0.3,1,67.0,8.832075934101114,9.181042556300135,0.00011077533416551523,7.279007067074071e-09,
sin,0.3,1,68.0,9.219258381641291,9.54735082263058,3.0297212779435633e-05,5.035117339054966e-10,
sin,0.3,1,69.0,9.603623003671284,9.91262592269461,7.299116172960111e-05,2.711022497496844e-09,
sin,0.3,1,70.0,9.98500004102254,10.276496711584755,5.1254716086308096e-05,1.2437912392635738e-09,5.313324469185623e-05
sin,0.3,1,71.0,10.363259663322221,10.638659269409194,6.164297101957161e-06,1.6786622713710686e-11,
sin,0.3,1,72.0,10.738301552383305,10.998862466903464,1.0071454395572876e-06,4.1923626422591957e-13,
sin,0.3,1,73.0,11.110047390732126,11.356896992910038,9.200887408159982e-07,3.28178452898763e-13,
sin,0.3,1,74.0,11.478437114129477,11.712588591554763,2.008464306606452e-07,1.470254315608916e-14,
sin,0.3,1,75.0,11.84342558365016,12.065792238534122,3.4140652883936867e-07,4.0031509119757e-14,3.4633403776204027e-07
sin,0.3,1,76.0,12.204979825541582,12.416387297977064,4.140548412919405e-07,5.5602617500918307e-14,
sin,0.3,1,77.0,12.563076923507655,12.764273664310835,8.143101230759078e-08,2.0349674089042573e-15,
sin,0.3,1,78.0,12.917702320665967,13.109368594426943,7.881520018158442e-09,1.8072840715344958e-17,
sin,0.3,1,79.0,13.268848430315671,13.45160408111588,8.777481362305162e-09,2.1289314792272706e-17,
sin,0.3,1,80.0,13.616513512585207,13.790924684102931,2.755143165541351e-09,1.995591167247428e-18,5.2555838016636535e-09
sin,0.3,1,81.0,13.960700747947085,14.127285717707522,1.9745778712238847e-09,9.767897154488344e-19,
sin,0.3,1,82.0,14.301417467218588,14.460651727942974,3.799795460086338e-09,3.4523491411320466e-18,
sin,0.3,1,83.0,14.638674510520415,14.790995209427427,1.3058067123852198e-09,3.8970233230231165e-19,
sin,0.3,1,84.0,14.972485690755487,15.11829551960626,1.183210619579204e-10,3.0625871890318415e-21,
sin,0.3,1,85.0,15.302867342286685,15.4425379560782,9.56086506908266e-11,1.9165803343987926e-21,1.8566641604131792e-10
sin,0.3,1,86.0,15.629837939898765,15.763712969800752,5.048762276981664e-11,5.128883233265884e-22,
sin,0.3,1,87.0,15.953417775781002,16.0818154917259,1.5390170742400525e-11,4.5791696134210004e-23,
sin,0.3,1,88.0,16.27362868462674,16.396844354502715,3.9522569277682974e-11,2.904957578679017e-22,
sin,0.3,1,89.0,16.590493808880918,16.708801794228766,2.433663465431962e-11,1.0607192112187006e-22,
sin,0.3,1,90.0,16.90403739760876,17.017693019835903,2.901677344607519e-12,1.4536734942327396e-24,4.834744400653693e-12
sin,0.3,1,91.0,17.21428463362756,17.323525839817794,1.1996703061314608e-12,2.397845776235771e-25,
sin,0.3,1,92.0,17.52126148449342,17.626310337745714,1.067394848967318e-12,1.8335695376798034e-25,
sin,0.3,1,93.0,17.824994573697936,17.92605858943102,2.2622479353784568e-13,7.963074563434587e-27,
sin,0.3,1,94.0,18.125511069043686,18.222784415750024,4.695565292535292e-13,3.3198334574545354e-26,
sin,0.3,1,95.0,18.422838585674523,18.516503166101742,5.0882549177269e-13,3.7756330483638705e-26,5.976645794291521e-13
sin,0.3,1,96.0,18.717005101646848,18.80723152825603,9.291682601654739e-14,1.2204190963357447e-27,
sin,0.3,1,97.0,19.008038884267414,19.09498736100195,1.8403093348858555e-14,4.644221364262402e-29,
sin,0.3,1,98.0,19.295968425700874,19.379789546548945,2.5066813550607958e-14,8.36508103896361e-29,
sin,0.3,1,99.0,19.580822386582543,19.66165786008604,7.11284826702172e-15,6.543601208808293e-30,
sin,0.3,1,100.0,19.862629546561926,19.94061285428337,6.494705980341716e-15,5.304103511479778e-30,7.320951603768589e-15
sin,0.3,1,101.0,20.14141876086472,20.21667575683854,1.1614988254444029e-14,1.6503956213355094e-29,
sin,0.3,1,102.0,20.417218922092168,20.489868379438498,3.578941063122112e-15,1.5254597754711316e-30,
sin,0.3,1,103.0,20.690058926590584,20.760213036733965,3.8012504770880767e-16,1.6763294235946502e-32,
sin,0.3,1,104.0,20.95996764481762,21.027732474115513,6.333467991674025e-16,4.535950205020818e-32,
sin,0.3,1,105.0,21.226973895211838,21.292449803243283,2.836724162668329e-16,8.874685183736382e-33,4.89462231727213e-16
sin,0.3,1,106.0,21.491106421139623,21.55438844442129,9.572071333084369e-17,9.860761315262648e-34,
sin,0.3,1,107.0,21.752393870550684,21.813572075025913,2.906151596041695e-16,8.874685183736382e-33,
sin,0.3,1,108.0,22.010864778022334,22.070024583299766,9.801059778569049e-17,9.860761315262648e-34,
sin,0.3,1,109.0,22.26654754891499,22.323770026909276,0.0,0.0,
sin,0.3,1,110.0,22.519470445395964,22.57483259573945,0.0,0.0,0.0
sin,0.3,1,111.0,22.76966157412036,22.823236578464037,0.0,0.0,
sin,0.3,1,112.0,23.017148875383704,23.069006332485124,0.0,0.0,
sin,0.3,1,113.0,23.261960113583925,23.31216625688491,0.0,0.0,
sin,0.3,1,114.0,23.504122868849638,23.55274076807425,0.0,0.0,
sin,0.3,1,115.0,23.7436645297094,23.790754277859413,0.0,0.0,0.0
sin,0.3,1,116.0,23.98061228669069,24.026231173680237,0.0,0.0,
sin,0.3,1,117.0,24.21499312675069,24.259195800800963,0.0,0.0,
sin,0.3,1,118.0,24.446833828452174,24.489672446259192,0.0,0.0,
sin,0.3,1,119.0,24.676160957807138,24.717685324400072,0.0,0.0,
sin,0.3,1,120.0,24.903000864720184,24.94325856384141,0.0,0.0,0.0
sin,0.3,1,121.0,25.127379679970886,25.166416195732165,0.0,0.0,
sin,0.3,1,122.0,25.34932331268001,25.387182143181082,0.0,0.0,
sin,0.3,1,123.0,25.568857448212363,25.605580211745465,0.0,0.0,
sin,0.3,1,124.0,25.786007546472405,25.821634080881108,0.0,0.0,
sin,0.3,1,125.0,26.000798840553557,26.035367296264813,0.0,0.0,0.0
sin,0.3,1,126.0,26.213256335707214,26.24680326290966,0.0,0.0,
sin,0.3,1,127.0,26.423404808599646,26.455965239001223,0.0,0.0,
sin,0.3,1,128.0,26.63126880682938,26.662876330390095,0.0,0.0,
sin,0.3,1,129.0,26.836872648679314,26.867559485682175,0.0,0.0,
sin,0.3,1,130.0,27.04024042308103,27.070037491874064,0.0,0.0,0.0
sin,0.3,1,131.0,27.24139598977116,27.270332970485736,0.0,0.0,
sin,0.3,1,132.0,27.440362979620765,27.468468374147275,0.0,0.0,
sin,0.3,1,133.0,27.63716479512146,27.664465983600426,0.0,0.0,
sin,0.3,1,134.0,27.83182461101269,27.85834790507943,0.0,0.0,
sin,0.3,1,135.0,28.024365375037295,28.050136068038732,0.0,0.0,0.0
sin,0.3,1,136.0,28.2148098088117,28.239852223198177,0.0,0.0,
sin,0.3,1,137.0,28.403180408800747,28.427517940878918,0.0,0.0,
sin,0.3,1,138.0,28.589499447385744,28.613154609605584,0.0,0.0,
sin,0.3,1,139.0,28.7737889740176,28.796783434952495,0.0,0.0,
sin,0.3,1,140.0,28.9560708164456,28.978425438613552,0.0,0.0,0.0
sin,0.3,1,141.0,29.13636658201427,29.15810145767721,0.0,0.0,
sin,0.3,1,142.0,29.314697659022087,29.33583214408958,0.0,0.0,
sin,0.3,1,143.0,29.491085218134607,29.511637964290077,0.0,0.0,
sin,0.3,1,144.0,29.665550213846448,29.68553919900536,0.0,0.0,
sin,0.3,1,145.0,29.838113385987498,29.85755594318845,0.0,0.0,0.0
sin,0.3,1,146.0,30.00879526126734,30.02770810609118,0.0,0.0,
sin,0.3,1,147.0,30.17761615485409,30.196015411458728,0.0,0.0,
sin,0.3,1,148.0,30.344596171983774,30.362497397836353,0.0,0.0,
sin,0.3,1,149.0,30.50975520959558,30.527173418978865,0.0,0.0,
sin,0.3,1,150.0,30.673112957990774,30.690062644354317,0.0,0.0,0.0
sin,0.3,1,151.0,30.834688902511026,30.851184059734052,0.0,0.0,
sin,0.3,1,152.0,30.994502325234187,31.010556467861814,0.0,0.0,
sin,0.3,1,153.0,31.152572306684103,31.16819848919523,0.0,0.0,
sin,0.3,1,154.0,31.30891772755258,31.32412856271347,0.0,0.0,
sin,0.3,1,155.0,31.463557270431277,31.478364946785426,0.0,0.0,0.0
sin,0.3,1,156.0,31.616509421550944,31.63092572009307,0.0,0.0,
sin,0.3,1,157.0,31.767792472526907,31.781828782605224,0.0,0.0,
sin,0.3,1,158.0,31.917424522108522,31.931091856597128,0.0,0.0,
sin,0.3,1,159.0,32.065423477931034,32.07873248771173,0.0,0.0,
sin,0.3,1,160.0,32.21180705826938,32.22476804605885,0.0,0.0,0.0
sin,0.3,1,161.0,32.356592793790455,32.369215727348546,0.0,0.0,
sin,0.3,1,162.0,32.49979802930539,32.5120925540556,0.0,0.0,
sin,0.3,1,163.0,32.64143992551841,32.65341537661175,0.0,0.0,
sin,0.3,1,164.0,32.78153546077244,32.7932008746232,0.0,0.0,
sin,0.3,1,165.0,32.92010143279037,32.9314655581105,0.0,0.0,0.0
sin,0.3,1,166.0,33.05715446041102,33.06822576876846,0.0,0.0,
sin,0.3,1,167.0,33.19271098531854,33.20349768124386,0.0,0.0,
sin,0.3,1,168.0,33.32678727376564,33.337297304428894,0.0,0.0,
sin,0.3,1,169.0,33.459399418288925,33.4696404827683,0.0,0.0,
sin,0.3,1,170.0,33.590563339416434,33.60054289757841,0.0,0.0,0.0
sin,0.3,1,171.0,33.72029478736601,33.73002006837652,0.0,0.0,
sin,0.3,1,172.0,33.848609343735205,33.858087354218966,0.0,0.0,
sin,0.3,1,173.0,33.97552242318144,33.98475995504643,0.0,0.0,
sin,0.3,1,174.0,34.10104927509172,34.11005291303519,0.0,0.0,
sin,0.3,1,175.0,34.22520498524282,34.2339811139531,0.0,0.0,0.0
sin,0.3,1,176.0,34.34800447744957,34.356559288519,0.0,0.0,
sin,0.3,1,177.0,34.469462515203446,34.47780201376474,0.0,0.0,
sin,0.3,1,178.0,34.589593703298945,34.59772371439848,0.0,0.0,
sin,0.3,1,179.0,34.70841248944893,34.716338664168696,0.0,0.0,
sin,0.3,1,180.0,34.82593316588778,34.833660987227795,0.0,0.0,0.0
sin,0.3,1,181.0,34.942169870962886,34.94970465949461,0.0,0.0,
sin,0.3,1,182.0,35.05713659071426,35.06448351001505,0.0,0.0,
sin,0.3,1,183.0,35.17084716044097,35.178011222320286,0.0,0.0,
sin,0.3,1,184.0,35.28331526625619,35.29030133578165,0.0,0.0,
sin,0.3,1,185.0,35.39455444662908,35.40136724696188,0.0,0.0,0.0
sin,0.3,1,186.0,35.50457809391419,35.51122221096204,0.0,0.0,
sin,0.3,1,187.0,35.61339945586812,35.619879342763596,0.0,0.0,
sin,0.3,1,188.0,35.72103163715342,35.72735161856528,0.0,0.0,
sin,0.3,1,189.0,35.82748760082962,35.83365187711425,0.0,0.0,
sin,0.3,1,190.0,35.93278016983123,35.93879282103112,0.0,0.0,0.0
sin,0.3,1,191.0,36.036922028433075,36.04278701812856,0.0,0.0,
sin,0.3,1,192.0,36.13992572370237,36.14564690272309,0.0,0.0,
sin,0.3,1,193.0,36.241803666938004,36.247384776939754,0.0,0.0,
sin,0.3,1,194.0,36.34256813509679,36.34801281200945,0.0,0.0,
sin,0.3,1,195.0,36.44223127220667,36.44754304955851,0.0,0.0,0.0
sin,0.3,1,196.0,36.54080509076703,36.5459874028905,0.0,0.0,
sin,0.3,1,197.0,36.63830147313625,36.64335765825978,0.0,0.0,
sin,0.3,1,198.0,36.7347321729057,36.73966547613685,0.0,0.0,
sin,0.3,1,199.0,36.83010881626153,36.83492239246516,0.0,0.0,
sin,0.3,1,200.0,36.92444290333339,36.92913981990923,0.0,0.0,0.0
sin,0.3,1,201.0,37.01774580953016,37.02232904909401,0.0,0.0,
sin,0.3,1,202.0,37.11002878686304,37.11450124983526,0.0,0.0,
sin,0.3,1,203.0,37.20130296525566,37.20566747236082,0.0,0.0,
sin,0.3,1,204.0,37.29157935384241,37.29583864852283,0.0,0.0,
sin,0.3,1,205.0,37.380868842252774,37.385025593000535,0.0,0.0,0.0
sin,0.3,1,206.0,37.469182201884394,37.473239004493784,0.0,0.0,
sin,0.3,1,207.0,37.556530087162905,37.56048946690715,0.0,0.0,
sin,0.3,1,208.0,37.64292303678971,37.646787450524485,0.0,0.0,
sin,0.3,1,209.0,37.72837147497718,37.732143313173935,0.0,0.0,
sin,0.3,1,210.0,37.81288571267176,37.816567301383415,0.0,0.0,0.0
sin,0.3,1,211.0,37.896475948765044,37.90006955152635,0.0,0.0,
sin,0.3,1,212.0,37.979152271292136,37.98266009095786,0.0,0.0,
sin,0.3,1,213.0,38.06092465861894,38.06434883914116,0.0,0.0,
sin,0.3,1,214.0,38.14180298061651,38.14514560876435,0.0,0.0,
sin,0.3,1,215.0,38.22179699982421,38.225060106847394,0.0,0.0,0.0
sin,0.3,1,216.0,38.30091637260091,38.30410193583946,0.0,0.0,
sin,0.3,1,217.0,38.379170650264456,38.3822805947065,0.0,0.0,
sin,0.3,1,218.0,38.45656928021957,38.45960548000915,0.0,0.0,
sin,0.3,1,219.0,38.533121607074186,38.53608588697087,0.0,0.0,
sin,0.3,1,220.0,38.60883687374459,38.611731010536474,0.0,0.0,0.0
sin,0.3,1,221.0,38.683724222548854,38.686549946420975,0.0,0.0,
sin,0.3,1,222.0,38.75779269628938,38.76055169214875,0.0,0.0,
sin,0.3,1,223.0,38.83105123932408,38.83374514808313,0.0,0.0,
sin,0.3,1,224.0,38.903508698626716,38.906139118446404,0.0,0.0,
sin,0.3,1,225.0,38.9751738248359,38.97774231233028,0.0,0.0,0.0
sin,0.3,1,226.0,39.04605527329388,39.04856334469679,0.0,0.0,
sin,0.3,1,227.0,39.116161605073664,39.1186107373698,0.0,0.0,
sin,0.3,1,228.0,39.18550128799624,39.187892920017035,0.0,0.0,
sin,0.3,1,229.0,39.254082697637,39.25641823112273,0.0,0.0,
sin,0.3,1,230.0,39.321914118321224,39.32419491895094,0.0,0.0,0.0
sin,0.3,1,231.0,39.38900374410978,39.391231142499585,0.0,0.0,
sin,0.3,1,232.0,39.455359679774226,39.457534972445245,0.0,0.0,
sin,0.3,1,233.0,39.52098994176172,39.52311439207875,0.0,0.0,
sin,0.3,1,234.0,39.58590245914971,39.58797729823165,0.0,0.0,
sin,0.3,1,235.0,39.65010507459093,39.65213150219364,0.0,0.0,0.0
sin,0.3,1,236.0,39.713605545248015,39.715584730620904,0.0,0.0,
sin,0.3,1,237.0,39.77641154371858,39.77834462643557,0.0,0.0,
sin,0.3,1,238.0,39.83853065895039,39.840418749716186,0.0,0.0,
sin,0.3,1,239.0,39.899970397147264,39.901814578579454,0.0,0.0,
sin,0.3,1,240.0,39.960738182664606,39.962539510053055,0.0,0.0,0.0
sin,0.3,1,241.0,40.020841358896234,40.02260086093988,0.0,0.0,
sin,0.3,1,242.0,40.0802871891516,40.08200586867356,0.0,0.0,
sin,0.3,1,243.0,40.13908285752344,40.140761692165356,0.0,0.0,
sin,0.3,1,244.0,40.19723546974657,40.198875412642586,0.0,0.0,
sin,0.3,1,245.0,40.25475205404756,40.256354034478626,0.0,0.0,0.0
sin,0.3,1,246.0,40.31163956198484,40.31320448601436,0.0,0.0,
sin,0.3,1,247.0,40.36790486928081,40.36943362037148,0.0,0.0,
sin,0.3,1,248.0,40.42355477664425,40.42504821625743,0.0,0.0,
sin,0.3,1,249.0,40.478596010584255,40.48005497876215,0.0,0.0,
sin,0.3,1,250.0,40.53303522421583,40.5344605401467,0.0,0.0,0.0
sin,0.3,1,251.0,40.5868789980562,40.58827146062386,0.0,0.0,
sin,0.3,1,252.0,40.64013384081331,40.64149422913065,0.0,0.0,
sin,0.3,1,253.0,40.69280619016574,40.69413526409304,0.0,0.0,
sin,0.3,1,254.0,40.74490241353361,40.74620091418268,0.0,0.0,
sin,0.3,1,255.0,40.79642880884247,40.79769745906587,0.0,0.0,0.0
sin,0.3,1,256.0,40.84739160527772,40.848631110144886,0.0,0.0,
sin,0.3,1,257.0,40.897796964031976,40.89900801129154,0.0,0.0,
sin,0.3,1,258.0,40.94765097904388,40.948834239573166,0.0,0.0,
sin,0.3,1,259.0,40.996959677729045,40.99811580597116,0.0,0.0,
sin,0.3,1,260.0,41.045729021703586,41.04685865609198,0.0,0.0,0.0
sin,0.3,1,261.0,41.093964907499085,41.09506867087077,0.0,0.0,
sin,0.3,1,262.0,41.141673167270646,41.14275166726773,0.0,0.0,
sin,0.3,1,263.0,41.18885956949691,41.189913398957096,0.0,0.0,
sin,0.3,1,264.0,41.23552981967291,41.23655955700907,0.0,0.0,
sin,0.3,1,265.0,41.281689560994806,41.28269577056457,0.0,0.0,0.0
sin,0.3,1,266.0,41.32734437503819,41.328327607502864,0.0,0.0,
sin,0.3,1,267.0,41.372499782428314,41.37346057510234,0.0,0.0,
sin,0.3,1,268.0,41.417161243503394,41.41810012069423,0.0,0.0,
sin,0.3,1,269.0,41.46133415897089,41.46225163230951,0.0,0.0,
sin,0.3,1,270.0,41.50502387055658,41.505920439319084,0.0,0.0,0.0
sin,0.3,1,271.0,41.548235661646466,41.54911181306711,0.0,0.0,
sin,0.3,1,272.0,41.590974757922176,41.591830967497735,0.0,0.0,
sin,0.3,1,273.0,41.633246327989156,41.634083059775215,0.0,0.0,
sin,0.3,1,274.0,41.67505548399826,41.675873190897484,0.0,0.0,
sin,0.3,1,275.0,41.71640728226054,41.717206406303276,0.0,0.0,0.0
sin,0.3,1,276.0,41.75730672385559,41.75808769647277,0.0,0.0,
sin,0.3,1,277.0,41.797758755232685,41.79852199752199,0.0,0.0,
sin,0.3,1,278.0,41.83776826880673,41.838514191790765,0.0,0.0,
sin,0.3,1,279.0,41.87734010354619,41.87806910842466,0.0,0.0,
sin,0.3,1,280.0,41.91647904555588,41.91719152395053,0.0,0.0,0.0
sin,0.3,1,281.0,41.955189828652756,41.95588616284612,0.0,0.0,
sin,0.3,1,282.0,41.993477134935866,41.994157698103564,0.0,0.0,
sin,0.3,1,283.0,42.03134559534995,42.032010751786906,0.0,0.0,
sin,0.3,1,284.0,42.06879979024297,42.0694498955837,0.0,0.0,
sin,0.3,1,285.0,42.10584424991761,42.1064796513507,0.0,0.0,0.0
sin,0.3,1,286.0,42.142483455176844,42.14310449165384,0.0,0.0,
sin,0.3,1,287.0,42.178721837863655,42.17932884030237,0.0,0.0,
sin,0.3,1,288.0,42.21456378139455,42.215157072877325,0.0,0.0,
sin,0.3,1,289.0,42.25001362128794,42.25059351725442,0.0,0.0,
sin,0.3,1,290.0,42.28507564568596,42.28564245412129,0.0,0.0,0.0
sin,0.3,1,291.0,42.31975409587162,42.32030811748919,0.0,0.0,
sin,0.3,1,292.0,42.35405316677944,42.354594695199374,0.0,0.0,
sin,0.3,1,293.0,42.38797700750098,42.3885063294239,0.0,0.0,
sin,0.3,1,294.0,42.42152972178498,42.42204711716118,0.0,0.0,
sin,0.3,1,295.0,42.45471536853209,42.455221110726164,0.0,0.0,0.0
sin,0.3,1,296.0,42.48753796228327,42.488032318235355,0.0,0.0,
sin,0.3,1,297.0,42.520001473704866,42.52048470408658,0.0,0.0,
sin,0.3,1,298.0,42.55210983006638,42.5525821894336,0.0,0.0,
sin,0.3,1,299.0,42.5838669157143,42.58432865265571,0.0,0.0,
sin,0.7,0,0.0,0.6901761773626632,4.949201631842346,0.49293685671548565,0.49600070326865797,0.5161687903422658
sin,0.7,0,1.0,0.6894216876593338,4.942031093395668,0.46828263263601294,0.4489264146302033,
sin,0.7,0,2.0,0.708738206896392,4.934396986120774,0.4537391904901695,0.42277998068411704,
sin,0.7,0,3.0,0.7463232106526724,4.929008626756353,0.497148393891923,0.5086545447748507,
sin,0.7,0,4.0,0.7479365748911204,4.919684478273218,0.4877174120231144,0.4913964615062477,
sin,0.7,0,5.0,0.767328052807193,4.911342647670686,0.4345877714318081,0.39149348496177544,0.47887227966616136
sin,0.7,0,6.0,0.8197384231136821,4.908841966288675,0.4756262294192198,0.46940044411623205,
sin,0.7,0,7.0,0.8363972692561333,4.903708342336545,0.48814927396867897,0.4954798942603671,
sin,0.7,0,8.0,0.8436958486002881,4.896097327049024,0.4217275679238789,0.37096582500933695,
sin,0.7,0,9.0,0.9176440150664364,4.8961649045987095,0.45055436379743824,0.42340144113659745,
sin,0.7,0,10.0,0.9696876185419986,4.897008532402856,0.48188558197793685,0.4841680728673377,0.7171786941696962
sin,0.7,0,11.0,0.9658123350518637,4.891264085216849,0.42484670803087216,0.3772179027168447,
sin,0.7,0,12.0,1.0364903633703095,4.892344008251462,0.4282084999873106,0.38304217764758264,
sin,0.7,0,13.0,1.1234744615299803,4.899312880273401,0.4642287795240665,0.44891464658238145,
sin,0.7,0,14.0,1.1331613513044987,4.897968048603275,0.44792735988171506,0.4181704014537242,
sin,0.7,0,15.0,1.1742073911218711,4.898898782194623,0.41178947889089806,0.35328367064025346,0.515711922410685
sin,0.7,0,16.0,1.280610451804996,4.910674004669431,0.4445975634634302,0.40984718080491284,
sin,0.7,0,17.0,1.3219121209428968,4.916582071659307,0.47188175188914705,0.46058499377153667,
sin,0.7,0,18.0,1.3324128874327263,4.917515148498462,0.4043767087404662,0.3381044274085106,
sin,0.7,0,19.0,1.4352421907918997,4.9313474477560915,0.4246273348625384,0.37072740802875026,
sin,0.7,0,20.0,1.5109426151662841,4.945848484665637,0.4803438983868479,0.4716207947339695,1.084364200615364
sin,0.7,0,21.0,1.511912685291033,4.9493440039625565,0.4146010858374655,0.35086140142496347,
sin,0.7,0,22.0,1.5880403057603774,4.962065882151207,0.4061638438642238,0.33500205643838404,
sin,0.7,0,23.0,1.6884509201694358,4.98370165884048,0.4572562938196044,0.4209061932565893,
sin,0.7,0,24.0,1.7060031864971292,4.9938981498977135,0.4517310352560125,0.40911980220637034,
sin,0.7,0,25.0,1.7428322361668538,5.00385644628045,0.402500152717382,0.3235135084345025,0.7045995583876676
sin,0.7,0,26.0,1.8500102950257504,5.028584219546621,0.423990402347968,0.35545988792755023,
sin,0.7,0,27.0,1.89846411969304,5.048035277921352,0.4917291555118489,0.4744354804295694,
sin,0.7,0,28.0,1.9045434851932344,5.057400201613914,0.4220034234003226,0.3481346968741709,
sin,0.7,0,29.0,1.9961598907100344,5.0800986375298764,0.4055954011887176,0.3187217922995431,
sin,0.7,0,30.0,2.072301538377549,5.107237216603922,0.4939766574049516,0.46774677123420316,1.4890502620637363
sin,0.7,0,31.0,2.074059071730475,5.121464313289405,0.46572761443946353,0.4134715968320101,
sin,0.7,0,32.0,2.130200328879901,5.138760859003381,0.404152814898415,0.3092747077972966,
sin,0.7,0,33.0,2.2197849279338855,5.168487688754562,0.47053616780372354,0.4144088813257749,
sin,0.7,0,34.0,2.240257663903115,5.191141283470813,0.5161865501590324,0.49437633673600195,
sin,0.7,0,35.0,2.2571406610629032,5.205011973628546,0.4206165765142713,0.3265121202134121,1.1217846767309994
sin,0.7,0,36.0,2.3416248857797974,5.231250958498145,0.43890131240688884,0.3519594687248297,
sin,0.7,0,37.0,2.385103609649244,5.260123822298168,0.5210736201590395,0.4906550167468557,
sin,0.7,0,38.0,2.3810901304322023,5.276824455413928,0.4776602087343417,0.4096970521209488,
sin,0.7,0,39.0,2.442051908331182,5.296291358688221,0.4308818297084547,0.33093494440820787,
sin,0.7,0,40.0,2.500788455470604,5.325594387430517,0.5042100100955982,0.44818442361741373,1.7926740377523653
sin,0.7,0,41.0,2.4982757264858506,5.348011509971984,0.5482026639867558,0.5253728443853561,
sin,0.7,0,42.0,2.527130066699968,5.3632844337744805,0.4563249829365065,0.36195688109423607,
sin,0.7,0,43.0,2.5910186142208715,5.388147629731368,0.5046660990574775,0.4386309732173299,
sin,0.7,0,44.0,2.600262563027736,5.413509305010622,0.5696944193634733,0.553727585335138,
sin,0.7,0,45.0,2.603189943713795,5.428906765639017,0.5084383568795795,0.43855276232525225,1.6007193163300828
sin,0.7,0,46.0,2.6610504041202736,5.447761102756008,0.5186196590884348,0.4531394217181194,
sin,0.7,0,47.0,2.681743194592606,5.471885675793889,0.562838462445482,0.5290095473836357,
sin,0.7,0,48.0,2.673304847157196,5.489237401386713,0.5354629800621878,0.4757785716194908,
sin,0.7,0,49.0,2.729122955602538,5.507764262408334,0.5090533352200511,0.4271160497450419,
sin,0.7,0,50.0,2.7801747284815495,5.536784392332094,0.5468865985648671,0.4878084764558804,2.03545867100563
sin,0.7,0,51.0,2.7880004532362705,5.56480580163673,0.6021736061962246,0.5854818147547762,
sin,0.7,0,52.0,2.835269508189813,5.593196299545832,0.36742185316058207,0.21576442864956888,
sin,0.7,0,53.0,3.021765269100483,5.663588272280798,0.33039156082851673,0.17015493444713464,
sin,0.7,0,54.0,3.2908170933769636,5.78093932863486,0.231761074427111,0.08036263578084724,
sin,0.7,0,55.0,3.5835257677540184,5.926942524493719,0.24032284630743556,0.08220508652823062,0.6492772195964885
sin,0.7,0,56.0,3.884924410589883,6.093285967280473,0.23365457626693548,0.07352168733866297,
sin,0.7,0,57.0,4.20817930804777,6.281173295508255,0.192308308973545,0.04686887736289494,
sin,0.7,0,58.0,4.55628962991944,6.491339510941829,0.18076727876610438,0.0387740348585778,
sin,0.7,0,59.0,4.919296153837401,6.721602486835953,0.14252667089645407,0.02248105234408796,
sin,0.7,0,60.0,5.294044574209337,6.97157951227601,0.13365364584634165,0.018376773163744555,0.13872825427998098
sin,0.7,0,61.0,5.674792247443148,7.237299413111132,0.08020493714093513,0.006140717659452767,
sin,0.7,0,62.0,6.059362818609236,7.516154022662879,0.04780631964036809,0.0020227829476270063,
sin,0.7,0,63.0,6.4478037969812725,7.807194832678527,0.10901672798726544,0.00974913883938231,
sin,0.7,0,64.0,6.838095875836938,8.10822563246648,0.14900256395285694,0.016885185508447944,
sin,0.7,0,65.0,7.2281960012698,8.416816804121083,0.09440915616119444,0.006290750876330275,0.02139449557384696
sin,0.7,0,66.0,7.617853913364984,8.731856125168022,0.012088763014623947,9.58342149558661e-05,
sin,0.7,0,67.0,8.006972133279781,9.052473797862215,0.001632637680667499,1.6263540021115051e-06,
sin,0.7,0,68.0,8.394970819451387,9.377560926699692,0.0008394898940615204,4.0070167712073404e-07,
sin,0.7,0,69.0,8.781306775035201,9.706087984421043,0.0019964866441754187,2.1155065542992095e-06,
sin,0.7,0,70.0,9.165546767273472,10.037149732850285,0.004020299106512436,8.021691009738213e-06,0.0014285176394017557
sin,0.7,0,71.0,9.547367559058719,10.369978632834997,0.0016055275686201493,1.1985325020071502e-06,
sin,0.7,0,72.0,9.926564031259796,10.703957314367242,0.00013106924943918436,7.496920271454557e-09,
sin,0.7,0,73.0,10.302965809501229,11.038549293712967,1.1588157507730488e-05,5.5102941217690357e-11,
sin,0.7,0,74.0,10.676421797010498,11.373279444353932,3.5937493332914116e-06,4.992224959244094e-12,
sin,0.7,0,75.0,11.046814154276703,11.707740297354588,6.300353195470839e-06,1.4479502385720018e-11,3.1841296392294246e-06
sin,0.7,0,76.0,11.414051923356645,12.041582319924123,1.6851050669909083e-05,9.791671960130471e-11,
sin,0.7,0,77.0,11.77806468065216,12.374504433896544,1.1965151955086128e-05,4.674668406386945e-11,
sin,0.7,0,78.0,12.138798456717012,12.706246815899169,1.4379227577232743e-06,6.403339738406937e-13,
sin,0.7,0,79.0,12.496212443811217,13.03658476645959,1.0882707449183645e-07,3.4843056705950263e-15,
sin,0.7,0,80.0,12.850276540238404,13.365323689452566,2.59618389521664e-08,1.8866091872177392e-16,2.8696902878331745e-08
sin,0.7,0,81.0,13.200969690478507,13.692295131193724,2.72649469482251e-08,1.9825621706057562e-16,
sin,0.7,0,82.0,13.548278437913929,14.017353324689513,8.367591914395207e-08,1.7817179145976984e-15,
sin,0.7,0,83.0,13.892195717569356,14.340372224039138,1.028708133654104e-07,2.5729627768596345e-15,
sin,0.7,0,84.0,14.232719865291653,14.66124297369415,2.0307113918825588e-08,9.592345927396978e-17,
sin,0.7,0,85.0,14.56985379505994,14.979871738333374,1.4864047950863973e-09,4.922979303849977e-19,1.0601621304717578e-09
sin,0.7,0,86.0,14.903604310478151,15.296177835327825,3.1621509479396465e-10,2.1368269433862047e-20,
sin,0.7,0,87.0,15.233981528939633,15.610092126389175,1.774111889503338e-10,6.4583426776794934e-21,
sin,0.7,0,88.0,15.560998395236531,15.921555626375152,5.153371653581532e-10,5.2381983068888336e-20,
sin,0.7,0,89.0,15.884670269025785,16.23051829693439,1.011294738031937e-09,1.9411572675159036e-19,
sin,0.7,0,90.0,16.20501457389947,16.536937998168913,3.5005103955632945e-10,2.2403844598460753e-20,2.568316798990185e-10
sin,0.7,0,91.0,16.52205049777198,16.84077957541934,2.95532394810836e-11,1.5397698353738634e-22,
sin,0.7,0,92.0,16.835798736174723,17.14201406185276,5.439223815832581e-12,5.034080658819611e-24,
sin,0.7,0,93.0,17.14628127163886,17.440617980597423,1.9664508173583323e-12,6.356417916773974e-25,
sin,0.7,0,94.0,17.453521183502826,17.736572732609627,4.045931731774619e-12,2.601762783180319e-24,
sin,0.7,0,95.0,17.75754248347144,18.02986405855635,1.128791868654718e-11,1.9598049236143737e-23,8.89022693695038e-12
sin,0.7,0,96.0,18.058369973059563,18.32048156475855,7.0189148347729176e-12,7.33898803587915e-24,
sin,0.7,0,97.0,18.35602911969449,18.60841830470268,8.066279511014931e-13,9.395018034035389e-26,
sin,0.7,0,98.0,18.650545948777555,18.893670408862526,1.171036227860194e-13,1.9207816409045373e-27,
sin,0.7,0,99.0,18.941946949439295,19.17623675661515,3.912932957149568e-14,2.081843371923511e-28,
sin,0.7,0,100.0,19.23025899208008,19.45611868491473,4.2200889017892e-14,2.352343776323796e-28,4.4549834830968724e-14
sin,0.7,0,101.0,19.51550925608188,19.73331972913247,1.438306475817495e-13,2.6562721615828214e-27,
sin,0.7,0,102.0,19.797725166324373,20.007845392103647,1.5764654486416994e-13,3.104118358238105e-27,
sin,0.7,0,103.0,20.07693433734098,20.279702937960465,2.8030072328752135e-14,9.552020878481775e-29,
sin,0.7,0,104.0,20.353164524122263,20.548901207787758,3.1214167477302006e-15,1.1537090738857297e-30,
sin,0.7,0,105.0,20.626443578717318,20.815450454530225,1.1396666211639422e-15,1.4988357199199224e-31,1.967792111943525e-15
sin,0.7,0,106.0,20.8967994119036,21.07936219491501,6.619309523219985e-16,4.930380657631324e-32,
sin,0.7,0,107.0,21.164259959299084,21.34064907644102,2.0849734369297153e-15,4.772608476587121e-31,
sin,0.7,0,108.0,21.428853151374373,21.599324757733655,3.836810825982734e-15,1.5777218104420236e-30,
sin,0.7,0,109.0,21.690606886897744,21.85540380077638,1.1646898805809004e-15,1.4199496293978212e-31,
sin,0.7,0,110.0,21.94954900940712,22.108901573714622,9.818324630523733e-17,9.860761315262648e-34,8.18473067366219e-17
sin,0.7,0,111.0,22.205707286356095,22.359834163086262,0.0,0.0,
sin,0.7,0,112.0,22.459109390627315,22.608218294470817,0.0,0.0,
sin,0.7,0,113.0,22.709782884144886,22.85407126066911,0.0,0.0,
sin,0.7,0,114.0,22.95775520335123,23.097410856629132,1.0257310936902688e-16,9.860761315262648e-34,
sin,0.7,0,115.0,23.203053646342813,23.338255320424604,0.0,0.0,0.0
sin,0.7,0,116.0,23.445705361483824,23.576623279671907,0.0,0.0,
sin,0.7,0,117.0,23.68573733733946,23.81253370284023,0.0,0.0,
sin,0.7,0,118.0,23.923176393787703,24.046005854970556,0.0,0.0,
sin,0.7,0,119.0,24.158049174186495,24.27705925737232,0.0,0.0,
sin,0.7,0,120.0,24.390382138485876,24.50571365091335,0.0,0.0,0.0
sin,0.7,0,121.0,24.620201557188885,24.731988962560017,0.0,0.0,
sin,0.7,0,122.0,24.84753350607379,24.955905274860783,0.0,0.0,
sin,0.7,0,123.0,25.07240386160165,25.177482798098545,0.0,0.0,
sin,0.7,0,124.0,25.29483829694037,25.39674184486553,0.0,0.0,
sin,0.7,0,125.0,25.514862278544513,25.61370280683971,0.0,0.0,0.0
sin,0.7,0,126.0,25.732501063235894,25.828386133563967,0.0,0.0,
sin,0.7,0,127.0,25.9477796957365,26.040812313049262,0.0,0.0,
sin,0.7,0,128.0,26.16072300660992,26.251001854040542,0.0,0.0,
sin,0.7,0,129.0,26.371355610571705,26.45897526979997,0.0,0.0,
sin,0.7,0,130.0,26.57970190513398,26.664753063276116,0.0,0.0,0.0
sin,0.7,0,131.0,26.785786069551886,26.868355713540186,0.0,0.0,
sin,0.7,0,132.0,26.98963206404368,27.06980366338183,0.0,0.0,
sin,0.7,0,133.0,27.191263629258714,27.26911730796678,0.0,0.0,
sin,0.7,0,134.0,27.390704285969925,27.466316984467994,0.0,0.0,
sin,0.7,0,135.0,27.587977334969334,27.661422962589725,0.0,0.0,0.0
sin,0.7,0,136.0,27.783105857148694,27.85445543591147,0.0,0.0,
sin,0.7,0,137.0,27.97611271374658,28.045434513985146,0.0,0.0,
sin,0.7,0,138.0,28.1670205467472,28.23438021512489,0.0,0.0,
sin,0.7,0,139.0,28.35585177941686,28.42131245983408,0.0,0.0,
sin,0.7,0,140.0,28.54262861696428,28.60625106481904,0.0,0.0,0.0
sin,0.7,0,141.0,28.72737304731373,28.789215737543337,0.0,0.0,
sin,0.7,0,142.0,28.91010684198045,28.970226071280276,0.0,0.0,
sin,0.7,0,143.0,29.090851557037908,29.149301540625093,0.0,0.0,
sin,0.7,0,144.0,29.269628534168678,29.32646149743128,0.0,0.0,
sin,0.7,0,145.0,29.44645890179068,29.501725167138577,0.0,0.0,0.0
sin,0.7,0,146.0,29.621363576250857,29.675111645462884,0.0,0.0,
sin,0.7,0,147.0,29.794363263080694,29.84663989542054,0.0,0.0,
sin,0.7,0,148.0,29.965478458306315,30.01632874466193,0.0,0.0,
sin,0.7,0,149.0,30.134729449807725,30.184196883091154,0.0,0.0,
sin,0.7,0,150.0,30.302136318722724,30.350262860750437,0.0,0.0,0.0
sin,0.7,0,151.0,30.467718940889924,30.514545085949678,0.0,0.0,
sin,0.7,0,152.0,30.631496988326745,30.6770618236229,0.0,0.0,
sin,0.7,0,153.0,30.79348993073895,30.837831193894978,0.0,0.0,
sin,0.7,0,154.0,30.95371703705715,30.996871170843168,0.0,0.0,
sin,0.7,0,155.0,31.11219737699777,31.15419958143913,0.0,0.0,0.0
sin,0.7,0,156.0,31.268949822644807,31.309834104658314,0.0,0.0,
sin,0.7,0,157.0,31.42399305004986,31.463792270744445,0.0,0.0,
sin,0.7,0,158.0,31.577345540847944,31.616091460617874,0.0,0.0,
sin,0.7,0,159.0,31.729025583886077,31.76674890541726,0.0,0.0,
sin,0.7,0,160.0,31.87905127686349,31.915781686164944,0.0,0.0,0.0
sin,0.7,0,161.0,32.02744052798023,32.06320673354699,0.0,0.0,
sin,0.7,0,162.0,32.17421105759325,32.20904082779956,0.0,0.0,
sin,0.7,0,163.0,32.319380399878035,32.35330059869386,0.0,0.0,
sin,0.7,0,164.0,32.46296590449357,32.496002525612504,0.0,0.0,
sin,0.7,0,165.0,32.604984738250515,32.637162937710514,0.0,0.0,0.0
sin,0.7,0,166.0,32.74545388677958,32.77679801415491,0.0,0.0,
sin,0.7,0,167.0,32.884390156200716,32.91492378443696,0.0,0.0,
sin,0.7,0,168.0,33.02181017479017,33.05155612875168,0.0,0.0,
sin,0.7,0,169.0,33.157730394645725,33.18671077843979,0.0,0.0,
sin,0.7,0,170.0,33.29216709334886,33.32040331648722,0.0,0.0,0.0
sin,0.7,0,171.0,33.42513637562234,33.452649178077955,0.0,0.0,
sin,0.7,0,172.0,33.556654174983024,33.58346365119613,0.0,0.0,
sin,0.7,0,173.0,33.68673625538941,33.7128618772736,0.0,0.0,
sin,0.7,0,174.0,33.81539821288234,33.840858851879446,0.0,0.0,
sin,0.7,0,175.0,33.94265547721915,33.96746942544816,0.0,0.0,0.0
sin,0.7,0,176.0,34.06852331350018,34.09270830404339,0.0,0.0,
sin,0.7,0,177.0,34.193016823786834,34.21659005015448,0.0,0.0,
sin,0.7,0,178.0,34.31615094871216,34.339129083522906,0.0,0.0,
sin,0.7,0,179.0,34.43794046908145,34.460339681996444,0.0,0.0,
sin,0.7,0,180.0,34.558400007464066,34.58023598240839,0.0,0.0,0.0
sin,0.7,0,181.0,34.677544029775504,34.69883198147984,0.0,0.0,
sin,0.7,0,182.0,34.795386846849425,34.816141536743025,0.0,0.0,
sin,0.7,0,183.0,34.91194261599932,34.93217836748357,0.0,0.0,
sin,0.7,0,184.0,35.027225342569665,35.046956055700164,0.0,0.0,
sin,0.7,0,185.0,35.14124888147624,35.16048804707969,0.0,0.0,0.0
sin,0.7,0,186.0,35.25402693873543,35.272787651986576,0.0,0.0,
sin,0.7,0,187.0,35.365573072982464,35.38386804646451,0.0,0.0,
sin,0.7,0,188.0,35.47590069697791,35.49374227324955,0.0,0.0,
sin,0.7,0,189.0,35.585023079102896,35.60242324279302,0.0,0.0,
sin,0.7,0,190.0,35.6929533448426,35.7099237342932,0.0,0.0,0.0
sin,0.7,0,191.0,35.799704478257944,35.81625639673453,0.0,0.0,
sin,0.7,0,192.0,35.90528932344528,35.9214337499335,0.0,0.0,
sin,0.7,0,193.0,36.00972058598438,36.02546818558992,0.0,0.0,
sin,0.7,0,194.0,36.1130108343738,36.12837196834297,0.0,0.0,
sin,0.7,0,195.0,36.2151725014549,36.23015723683094,0.0,0.0,0.0
sin,0.7,0,196.0,36.316217885823,36.33083600475394,0.0,0.0,
sin,0.7,0,197.0,36.41615915322678,36.43042016193884,0.0,0.0,
sin,0.7,0,198.0,36.515008337955166,36.52892147540574,0.0,0.0,
sin,0.7,0,199.0,36.61277734421203,36.62635159043514,0.0,0.0,
sin,0.7,0,200.0,36.709477947478625,36.722722031635534,0.0,0.0,0.0
sin,0.7,0,201.0,36.805121795864295,36.81804420401043,0.0,0.0,
sin,0.7,0,202.0,36.89972041144345,36.91232939402461,0.0,0.0,
sin,0.7,0,203.0,36.99328519158217,37.00558877066892,0.0,0.0,
sin,0.7,0,204.0,37.08582741025101,37.097833386523185,0.0,0.0,
sin,0.7,0,205.0,37.17735821932662,37.18907417881677,0.0,0.0,0.0
sin,0.7,0,206.0,37.26788864988062,37.27932197048644,0.0,0.0,
sin,0.7,0,207.0,37.357429613456645,37.36858747123111,0.0,0.0,
sin,0.7,0,208.0,37.445991903334985,37.45688127856299,0.0,0.0,
sin,0.7,0,209.0,37.5335861957855,37.54421387885509,0.0,0.0,
sin,0.7,0,210.0,37.620223051308294,37.63059564838446,0.0,0.0,0.0
sin,0.7,0,211.0,37.705912915862605,37.71603685437102,0.0,0.0,
sin,0.7,0,212.0,37.7906661220835,37.80054765601177,0.0,0.0,
sin,0.7,0,213.0,37.87449289048716,37.884138105510004,0.0,0.0,
sin,0.7,0,214.0,37.95740333066394,37.96681814909931,0.0,0.0,
sin,0.7,0,215.0,38.03940744246019,38.048597628062275,0.0,0.0,0.0
sin,0.7,0,216.0,38.12051511714787,38.12948627974353,0.0,0.0,
sin,0.7,0,217.0,38.200736138583146,38.209493738557015,0.0,0.0,
sin,0.7,0,218.0,38.28008018435302,38.28862953698732,0.0,0.0,
sin,0.7,0,219.0,38.358556826911006,38.36690310658496,0.0,0.0,
sin,0.7,0,220.0,38.43617553470083,38.44432377895527,0.0,0.0,0.0
sin,0.7,0,221.0,38.51294567326965,38.5209007867411,0.0,0.0,
sin,0.7,0,222.0,38.58887650636908,38.59664326459882,0.0,0.0,
sin,0.7,0,223.0,38.66397719704626,38.671560250167865,0.0,0.0,
sin,0.7,0,224.0,38.738256808722824,38.74566068503346,0.0,0.0,
sin,0.7,0,225.0,38.811724306263656,38.81895341568259,0.0,0.0,0.0
sin,0.7,0,226.0,38.884388557034214,38.89144719445308,0.0,0.0,
sin,0.7,0,227.0,38.956258331947716,38.96315068047562,0.0,0.0,
sin,0.7,0,228.0,39.0273423065008,39.03407244060893,0.0,0.0,
sin,0.7,0,229.0,39.09764906179963,39.10422095036766,0.0,0.0,
sin,0.7,0,230.0,39.16718708557411,39.17360459484323,0.0,0.0,0.0
sin,0.7,0,231.0,39.235964773183134,39.242231669617496,0.0,0.0,
sin,0.7,0,232.0,39.30399042860821,39.3101103816691,0.0,0.0,
sin,0.7,0,233.0,39.37127226543766,39.377248850272665,0.0,0.0,
sin,0.7,0,234.0,39.43781840784028,39.44365510789064,0.0,0.0,
sin,0.7,0,235.0,39.50363689152887,39.5093371010578,0.0,0.0,0.0
sin,0.7,0,236.0,39.56873566471392,39.57430269125847,0.0,0.0,
sin,0.7,0,237.0,39.63312258904732,39.63855965579636,0.0,0.0,
sin,0.7,0,238.0,39.69680544055608,39.70211568865708,0.0,0.0,
sin,0.7,0,239.0,39.7597919105668,39.7649784013633,0.0,0.0,
sin,0.7,0,240.0,39.822089606619656,39.82715532382244,0.0,0.0,0.0
sin,0.7,0,241.0,39.88370605337361,39.888653905167146,0.0,0.0,
sin,0.7,0,242.0,39.94464869350171,39.94948151458832,0.0,0.0,
sin,0.7,0,243.0,40.00492488857722,40.00964544216084,0.0,0.0,
sin,0.7,0,244.0,40.06454191995013,40.069152899661894,0.0,0.0,
sin,0.7,0,245.0,40.12350698961494,40.1280110213821,0.0,0.0,0.0
sin,0.7,0,246.0,40.181827221068765,40.18622686492917,0.0,0.0,
sin,0.7,0,247.0,40.23950966016064,40.24380741202443,0.0,0.0,
sin,0.7,0,248.0,40.29656127593201,40.300759569292005,0.0,0.0,
sin,0.7,0,249.0,40.35298896144821,40.35709016904081,0.0,0.0,
sin,0.7,0,250.0,40.408799534620975,40.41280597003924,0.0,0.0,0.0
sin,0.7,0,251.0,40.46399973902261,40.467913658282804,0.0,0.0,
sin,0.7,0,252.0,40.518596244691246,40.52241984775455,0.0,0.0,
sin,0.7,0,253.0,40.57259564892753,40.57633108117831,0.0,0.0,
sin,0.7,0,254.0,40.62600447708319,40.62965383076496,0.0,0.0,
sin,0.7,0,255.0,40.67882918334101,40.68239449895157,0.0,0.0,0.0
sin,0.7,0,256.0,40.73107615148626,40.73455941913352,0.0,0.0,
sin,0.7,0,257.0,40.782751695670505,40.786154856389736,0.0,0.0,
sin,0.7,0,258.0,40.833862061166734,40.83718700820082,0.0,0.0,
sin,0.7,0,259.0,40.884413425116854,40.88766200516048,0.0,0.0,
sin,0.7,0,260.0,40.9344118972706,40.93758591167988,0.0,0.0,0.0
sin,0.7,0,261.0,40.983863520717776,40.986964726685414,0.0,0.0,
sin,0.7,0,262.0,41.03277427261102,41.035804384309486,0.0,0.0,
sin,0.7,0,263.0,41.08115006488235,41.08411075457468,0.0,0.0,
sin,0.7,0,264.0,41.12899674495102,41.13188964407124,0.0,0.0,
sin,0.7,0,265.0,41.17632009642445,41.17914679662783,0.0,0.0,0.0
sin,0.7,0,266.0,41.2231258397915,41.22588789397581,0.0,0.0,
sin,0.7,0,267.0,41.269419633107745,41.27211855640684,0.0,0.0,
sin,0.7,0,268.0,41.31520707267442,41.31784434342408,0.0,0.0,
sin,0.7,0,269.0,41.36049369370932,41.36307075438688,0.0,0.0,
sin,0.7,0,270.0,41.40528497101071,41.40780322914905,0.0,0.0,0.0
sin,0.7,0,271.0,41.44958631961436,41.45204714869082,0.0,0.0,
sin,0.7,0,272.0,41.49340309544292,41.495807835744436,0.0,0.0,
sin,0.7,0,273.0,41.536740595949226,41.53909055541348,0.0,0.0,
sin,0.7,0,274.0,41.57960406075167,41.58190051578607,0.0,0.0,
sin,0.7,0,275.0,41.6219986722638,41.62424286854176,0.0,0.0,0.0
sin,0.7,0,276.0,41.663929556315864,41.66612270955239,0.0,0.0,
sin,0.7,0,277.0,41.70540178277128,41.7075450794769,0.0,0.0,
sin,0.7,0,278.0,41.74642036613476,41.74851496435003,0.0,0.0,
sin,0.7,0,279.0,41.786990266155364,41.78903729616513,0.0,0.0,
sin,0.7,0,280.0,41.82711638842203,41.829116953451,0.0,0.0,0.0
sin,0.7,0,281.0,41.86680358495321,41.86875876184291,0.0,0.0,
sin,0.7,0,282.0,41.90605665477999,41.90796749464773,0.0,0.0,
sin,0.7,0,283.0,41.9448803445229,41.94674787340331,0.0,0.0,
sin,0.7,0,284.0,41.98327934896264,41.985104568432206,0.0,0.0,
sin,0.7,0,285.0,42.02125831160444,42.023042199389614,0.0,0.0,0.0
sin,0.7,0,286.0,42.05882182523657,42.060565335805755,0.0,0.0,
sin,0.7,0,287.0,42.09597443248251,42.097678497622695,0.0,0.0,
sin,0.7,0,288.0,42.13272062634751,42.13438615572557,0.0,0.0,
sin,0.7,0,289.0,42.16906485075896,42.17069273246843,0.0,0.0,
sin,0.7,0,290.0,42.20501150110115,42.20660260219454,0.0,0.0,0.0
sin,0.7,0,291.0,42.240564924743865,42.24212009175142,0.0,0.0,
sin,0.7,0,292.0,42.27572942156595,42.27724948100046,0.0,0.0,
sin,0.7,0,293.0,42.31050924447232,42.311995003321314,0.0,0.0,
sin,0.7,0,294.0,42.34490859990632,42.34636084611105,0.0,0.0,
sin,0.7,0,295.0,42.378931648355696,42.38035115127806,0.0,0.0,0.0
sin,0.7,0,296.0,42.41258250485365,42.41397001573094,0.0,0.0,
sin,0.7,0,297.0,42.44586523947426,42.44722149186215,0.0,0.0,
sin,0.7,0,298.0,42.478783877822465,42.48010958802676,0.0,0.0,
sin,0.7,0,299.0,42.51134240151892,42.512638269016094,0.0,0.0,
sin,0.7,1,0.0,0.7040559543748491,4.979398875406972,0.5157476378593092,0.5364023424080121,0.5246126670971626
sin,0.7,1,1.0,0.703026297729532,4.972891842071593,0.4824351832170105,0.47057616100967664,
sin,0.7,1,2.0,0.7019876986096221,4.964300738914834,0.45709605425559346,0.4239052375068447,
sin,0.7,1,3.0,0.7063974329259062,4.9576919495386615,0.49372877061096604,0.495892795472157,
sin,0.7,1,4.0,0.7007100912611397,4.951750021402877,0.4695756245307648,0.44963868564916226,
sin,0.7,1,5.0,0.6991426616969927,4.943818980543049,0.4588039220909191,0.4306248885764257,0.45902150100944805
sin,0.7,1,6.0,0.7036665102861942,4.937360907854681,0.48235179921885785,0.47720838024194157,
sin,0.7,1,7.0,0.6973172934323839,4.933426463647664,0.4604728202443168,0.43559279496214387,
sin,0.7,1,8.0,0.7013703751367678,4.928159840972992,0.4610517961965084,0.437622729150346,
sin,0.7,1,9.0,0.7266579078826754,4.924014459717288,0.4648247493738126,0.44556375236097345,
sin,0.7,1,10.0,0.8348877123024478,4.923563430584507,0.46691323719323147,0.44965901287774707,0.635748458246645
sin,0.7,1,11.0,0.8729688778946685,4.921786680065463,0.4584248571181659,0.4337712338058275,
sin,0.7,1,12.0,0.8792130048215135,4.919874545231597,0.4379981917605042,0.39628404040857,
sin,0.7,1,13.0,0.9642943619535329,4.9227164622513255,0.46568877562899363,0.44745761239258264,
sin,0.7,1,14.0,1.0135007235523414,4.9250497616637245,0.4463075416042414,0.41059835926133337,
sin,0.7,1,15.0,1.0034482339198116,4.925842747727591,0.41081367321722356,0.34777527080601606,0.4894948226724193
sin,0.7,1,16.0,1.0852258315497538,4.931708851876436,0.4537889146791858,0.4233337659949789,
sin,0.7,1,17.0,1.1584164088816513,4.938767361310743,0.43534141607438004,0.3885016224099816,
sin,0.7,1,18.0,1.1351171178148947,4.942895074272127,0.40628828182467036,0.33781257683871013,
sin,0.7,1,19.0,1.1993414221969554,4.951156699585895,0.44839646690121704,0.4100917430299916,
sin,0.7,1,20.0,1.3057585999696355,4.963190023559241,0.4382720295768814,0.3898842647312597,0.8758272494737817
sin,0.7,1,21.0,1.2857897049863078,4.97143581292288,0.42838339392201874,0.37125437975108616,
sin,0.7,1,22.0,1.2967722854336463,4.981484027040213,0.44387189380378117,0.3969792550440727,
sin,0.7,1,23.0,1.449304769166908,4.998005648396151,0.4558912000116086,0.41600537070192856,
sin,0.7,1,24.0,1.4583640816268812,5.01115611173655,0.44272539503755004,0.3902680583038293,
sin,0.7,1,25.0,1.410518038936093,5.022866200666753,0.4264744385226094,0.3604564468725412,0.797321628089328
sin,0.7,1,26.0,1.5812962526005423,5.042435092986575,0.45568048142757145,0.4083289989646823,
sin,0.7,1,27.0,1.6368340257714047,5.060945989539799,0.44607118861691974,0.3884319509040532,
sin,0.7,1,28.0,1.5759454381644251,5.0749896065221,0.41058708669785,0.3272730641712417,
sin,0.7,1,29.0,1.6880718540652477,5.095544613799324,0.4460330270175079,0.3831094132498902,
sin,0.7,1,30.0,1.803110642264808,5.118877518030148,0.45091654352544147,0.38798315179093135,1.2134025863719273
sin,0.7,1,31.0,1.7347175846306362,5.136453739868406,0.42723773630016987,0.3459254007547576,
sin,0.7,1,32.0,1.7837407901951081,5.156318462819387,0.4553248667969372,0.38988208350684767,
sin,0.7,1,33.0,1.9438255398302828,5.182407260510217,0.4691121907729687,0.4096947174391744,
sin,0.7,1,34.0,1.8859315797293885,5.204160487400789,0.4604100377752746,0.39134357610961873,
sin,0.7,1,35.0,1.9356871907403337,5.223285023247416,0.47226616138669647,0.4087485377043019,1.2231599367466552
sin,0.7,1,36.0,2.040179623872445,5.2490402750495875,0.48642177693605076,0.429374465776659,
sin,0.7,1,37.0,2.0546722915395934,5.273856086602108,0.48202384565470713,0.41768656062338877,
sin,0.7,1,38.0,2.0780273138680703,5.293691661177919,0.48140027372232813,0.41349035803627393,
sin,0.7,1,39.0,2.1170564428026935,5.31683835434883,0.4901386949447331,0.4249140297737378,
sin,0.7,1,40.0,2.159250178385197,5.341980858704686,0.495709742750065,0.4305466938220411,1.673487424066546
sin,0.7,1,41.0,2.2075173400728745,5.363217204613854,0.4946469250150641,0.42531417769309426,
sin,0.7,1,42.0,2.2454495638890433,5.383929610421712,0.4982783453523094,0.42826766439381264,
sin,0.7,1,43.0,2.280252790881871,5.407114398864227,0.5143792109199027,0.45248658068244796,
sin,0.7,1,44.0,2.3232672200556506,5.428610711919091,0.5123297653967527,0.4453400794823553,
sin,0.7,1,45.0,2.3606966112098173,5.447938533383962,0.5335127580170479,0.47950730184417567,1.6314404973178767
sin,0.7,1,46.0,2.3899490924504723,5.46809687335932,0.5348939773702549,0.47844610170826274,
sin,0.7,1,47.0,2.4257921568359264,5.488060498045903,0.5278765163313951,0.46259071111754385,
sin,0.7,1,48.0,2.4620839122585276,5.506931162151488,0.5578854853284907,0.5131458649848579,
sin,0.7,1,49.0,2.4902278261383937,5.526429305170718,0.5472140944546968,0.49022484332505933,
sin,0.7,1,50.0,2.5223522414733384,5.546901904272359,0.5591777741441439,0.5081229786237954,2.0950968989945338
sin,0.7,1,51.0,2.5571424290246196,5.565364395965215,0.6108698905611376,0.6023934385290932,
sin,0.7,1,52.0,2.5736785562389435,5.573058488516432,0.6382914185571341,0.6558746020997474,
sin,0.7,1,53.0,2.5757414621385113,5.571119548479352,0.35672299480038855,0.20499688379428807,
sin,0.7,1,54.0,2.6170481933654357,5.605961304499536,0.38783290853292546,0.2393090525643144,
sin,0.7,1,55.0,2.81563536517356,5.678174860678632,0.3867796200399259,0.23199554434592323,1.2401373115154397
sin,0.7,1,56.0,3.047852752054988,5.770015025869939,0.38601420006735787,0.22378072590193818,
sin,0.7,1,57.0,3.2775688092727453,5.878220406937857,0.2998962129823091,0.13014282668253924,
sin,0.7,1,58.0,3.567923842112544,6.013090475166551,0.22595188796728044,0.07060028860551211,
sin,0.7,1,59.0,3.8975400429510736,6.177595517058465,0.20508494448231004,0.05510596665405583,
sin,0.7,1,60.0,4.2485386606856075,6.3687644336129505,0.15596241009659836,0.029984686232782037,0.36669680164459967
sin,0.7,1,61.0,4.610631656392142,6.5819903240055,0.18009471462737983,0.03743324357637262,
sin,0.7,1,62.0,4.977382327247928,6.812728843264273,0.20301568899387923,0.04440041195811651,
sin,0.7,1,63.0,5.349648072368657,7.059555034631245,0.20607348047308469,0.04260490097184551,
sin,0.7,1,64.0,5.727268015632187,7.3210571486309535,0.18556772222882165,0.03212382743837446,
sin,0.7,1,65.0,6.107911872144056,7.594941965707526,0.2019414114752808,0.03534857084822765,0.32327542378192764
sin,0.7,1,66.0,6.491162650276076,7.880161207725248,0.053050729937736546,0.0022661180382042827,
sin,0.7,1,67.0,6.876755608133189,8.175601891069954,0.017836252484336363,0.00023797851839205228,
sin,0.7,1,68.0,7.263668297065136,8.479713603677249,0.032252391824316176,0.0007233216925132433,
sin,0.7,1,69.0,7.6507582790896915,8.790899899380912,0.0744432486914233,0.003585535027136994,
sin,0.7,1,70.0,8.036834771129442,9.107476639835504,0.06006735125546088,0.0021749578035970742,0.10136377874832714
sin,0.7,1,71.0,8.421511139667176,9.428370570914554,0.010381601105070682,6.0621320575723886e-05,
sin,0.7,1,72.0,8.80497563541688,9.753102930845856,0.0007091472688119475,2.643365748314358e-07,
sin,0.7,1,73.0,9.18684454133356,10.08083494363115,0.00011336227998433184,6.3228683656029425e-09,
sin,0.7,1,74.0,9.566646346131387,10.410690481051805,0.00014270544267661867,9.39489669649831e-09,
sin,0.7,1,75.0,9.944048759390792,10.741950357946886,0.00039569269015026393,6.784530153985652e-08,0.0006431555917714621
sin,0.7,1,76.0,10.318816613035853,11.074022378794924,0.0004036081684999669,6.641697707959034e-08,
sin,0.7,1,77.0,10.690778987026615,11.406412015070952,8.458661772989059e-05,2.7496360554194566e-09,
sin,0.7,1,78.0,11.059807979724667,11.738700851266067,6.688702466723012e-06,1.6233556962751685e-11,
sin,0.7,1,79.0,11.425799541174701,12.070525745273484,6.89047652484876e-07,1.6293566065017344e-13,
sin,0.7,1,80.0,11.7886703398705,12.40157193591927,5.355090692140274e-07,9.322882086887019e-14,8.293435033879825e-07
sin,0.7,1,81.0,12.1483553181124,12.731567393645149,1.5027938080255529e-06,6.96634617272799e-13,
sin,0.7,1,82.0,12.504804202625943,13.060276604223784,2.4749509699273168e-06,1.7955539302527906e-12,
sin,0.7,1,83.0,12.85797880853487,13.38749539626327,8.296649007077018e-07,1.9203339957651032e-13,
sin,0.7,1,84.0,13.207851002117058,13.713046686125077,8.704300872384771e-08,2.0145121173371583e-15,
sin,0.7,1,85.0,13.554401032251839,14.03677685022819,6.982038409121179e-09,1.2370853959574352e-17,1.0534875428279624e-08
sin,0.7,1,86.0,13.897616224434802,14.358552687684872,3.1183578055447837e-09,2.3583082096016155e-18,
sin,0.7,1,87.0,14.23748991734127,14.678258835835418,7.3927459358981245e-09,1.2683306372281608e-17,
sin,0.7,1,88.0,14.574020563472468,14.995795537399532,1.776048413921006e-08,7.013593386868991e-17,
sin,0.7,1,89.0,14.90721097456967,15.311076715901534,9.926205010514896e-09,2.1014788359357167e-17,
sin,0.7,1,90.0,15.237067687238197,15.624028314330928,1.4696513078952563e-09,4.423974150065903e-19,2.0931556629899832e-09
sin,0.7,1,91.0,15.563600426391314,15.934586856611983,1.122980919722863e-10,2.4833226141272545e-21,
sin,0.7,1,92.0,15.886821649918135,16.242698199275733,2.8475505306675e-11,1.5367263339553296e-22,
sin,0.7,1,93.0,16.20674616091384,16.54831644570291,4.906655951857384e-11,4.395756064247325e-22,
sin,0.7,1,94.0,16.52339077594547,16.851402999240495,1.490158567489256e-10,3.909874727634059e-21,
sin,0.7,1,95.0,16.836774040376906,17.1519257356056,1.407299370697675e-10,3.3660240607826198e-21,2.102721931254039e-10
sin,0.7,1,96.0,17.146915983342478,17.449858277963497,3.059798953274234e-11,1.5373472650106678e-22,
sin,0.7,1,97.0,17.453837906215078,17.74517936054715,2.6467524686955804e-12,1.1123356879617556e-24,
sin,0.7,1,98.0,17.757562199475252,18.037872268808204,4.0172945447101934e-13,2.4800859948584977e-26,
sin,0.7,1,99.0,18.058112183749625,18.327924345872486,4.684075950558012e-13,3.2658128543106797e-26,
sin,0.7,1,100.0,18.355511971477558,18.615326556560035,1.4804060369130098e-12,3.1622076199690127e-25,2.1106879344864544e-12
sin,0.7,1,101.0,18.649786346244433,18.900073101494932,2.2910012231851247e-12,7.346723220359981e-25,
sin,0.7,1,102.0,18.940960657289594,19.18216107489554,7.591807127453314e-13,7.831866385905184e-26,
sin,0.7,1,103.0,19.229060727088527,19.461590160536286,8.422966696968488e-14,9.365770818759094e-28,
sin,0.7,1,104.0,19.514112770229815,19.738362361136307,8.804514230602003e-15,9.948522090968485e-30,
sin,0.7,1,105.0,19.79614332207676,20.012481757079886,6.8766322432539505e-15,5.903637799447747e-30,1.301329334602195e-14
sin,0.7,1,106.0,20.075179175928163,20.283954290926648,1.7937683029271916e-14,3.9101862919542505e-29,
sin,0.7,1,107.0,20.351247327578495,20.552787574641528,4.1802104920423904e-14,2.068353850444232e-28,
sin,0.7,1,108.0,20.624374926338184,20.81899071687819,2.1977249181371338e-14,5.571823181189159e-29,
sin,0.7,1,109.0,20.894589231704543,21.08257416799556,3.3574870192519585e-15,1.2680939051427764e-30,
sin,0.7,1,110.0,21.161917574988703,21.34354958078399,2.6809076990665753e-16,7.888609052210118e-33,3.9244178835541005e-16
sin,0.7,1,111.0,21.426387325296478,21.601929685133392,1.3566810756658047e-16,1.9721522630525296e-33,
sin,0.7,1,112.0,21.688025859344496,21.857728175095772,3.0695537449671267e-16,9.860761315262648e-33,
sin,0.7,1,113.0,21.94686053465935,22.110959606985137,8.156472151172896e-16,6.803925307531226e-32,
sin,0.7,1,114.0,22.2029186657681,22.361639307322356,7.161030624123814e-16,5.127595883936577e-32,
sin,0.7,1,115.0,22.456227503038118,22.60978328957555,1.4199780094174803e-16,1.9721522630525296e-33,2.072844681451597e-16
sin,0.7,1,116.0,22.706814213867098,22.855408178770578,0.0,0.0,
sin,0.7,1,117.0,22.954705865962808,23.098531143154368,0.0,0.0,
sin,0.7,1,118.0,23.19992941248191,23.339169832187977,0.0,0.0,
sin,0.7,1,119.0,23.442511678827614,23.57734232022857,0.0,0.0,
sin,0.7,1,120.0,23.682479350927476,23.813067055331576,0.0,0.0,0.0
sin,0.7,1,121.0,23.91985896483591,24.046362812667372,0.0,0.0,
sin,0.7,1,122.0,24.154676897522133,24.27724865210237,0.0,0.0,
sin,0.7,1,123.0,24.386959358721292,24.505743879542912,0.0,0.0,
sin,0.7,1,124.0,24.616732383740313,24.731868011683712,0.0,0.0,
sin,0.7,1,125.0,24.8440218271214,24.955640743840085,0.0,0.0,0.0
sin,0.7,1,126.0,25.068853357077906,25.177081920576924,0.0,0.0,
sin,0.7,1,127.0,25.29125245062551,25.396211508877034,0.0,0.0,
sin,0.7,1,128.0,25.511244389340327,25.613049573617534,0.0,0.0,
sin,0.7,1,129.0,25.728854255683395,25.827616255146545,0.0,0.0,
sin,0.7,1,130.0,25.944106929836114,26.03993174877297,0.0,0.0,0.0
sin,0.7,1,131.0,26.15702708699823,26.250016286000736,0.0,0.0,
sin,0.7,1,132.0,26.367639195103813,26.457890117355216,0.0,0.0,
sin,0.7,1,133.0,26.57596751291635,26.663573496664274,0.0,0.0,
sin,0.7,1,134.0,26.782036088466427,26.867086666669508,0.0,0.0,
sin,0.7,1,135.0,26.985868757800844,27.06844984585497,0.0,0.0,0.0
sin,0.7,1,136.0,27.18748914401359,27.267683216391195,0.0,0.0,
sin,0.7,1,137.0,27.38692065653288,27.464806913101768,0.0,0.0,
sin,0.7,1,138.0,27.584186490640338,27.65984101336817,0.0,0.0,
sin,0.7,1,139.0,27.779309627201165,27.852805527896248,0.0,0.0,
sin,0.7,1,140.0,27.972312832586073,28.04372039227451,0.0,0.0,0.0
sin,0.7,1,141.0,28.163218658766485,28.232605459260615,0.0,0.0,
sin,0.7,1,142.0,28.352049443568543,28.419480491738103,0.0,0.0,
sin,0.7,1,143.0,28.538827311069813,28.604365156290275,0.0,0.0,
sin,0.7,1,144.0,28.723574172126696,28.78727901734284,0.0,0.0,
sin,0.7,1,145.0,28.906311725019933,28.968241531831055,0.0,0.0,0.0
sin,0.7,1,146.0,29.08706145620736,29.147272044350736,0.0,0.0,
sin,0.7,1,147.0,29.265844641173715,29.324389782755944,0.0,0.0,
sin,0.7,1,148.0,29.442682345369153,29.499613854169336,0.0,0.0,
sin,0.7,1,149.0,29.61759542522712,29.672963241373793,0.0,0.0,
sin,0.7,1,150.0,29.790604529254423,29.84445679955658,0.0,0.0,0.0
sin,0.7,1,151.0,29.961730099187005,30.014113253379627,0.0,0.0,
sin,0.7,1,152.0,30.130992371203956,30.181951194351615,0.0,0.0,
sin,0.7,1,153.0,30.298411377194995,30.34798907847936,0.0,0.0,
sin,0.7,1,154.0,30.464006946075557,30.512245224178013,0.0,0.0,
sin,0.7,1,155.0,30.627798705144468,30.674737810420872,0.0,0.0,0.0
sin,0.7,1,156.0,30.789806081479906,30.83548487511137,0.0,0.0,
sin,0.7,1,157.0,30.950048303369766,30.994504313660933,0.0,0.0,
sin,0.7,1,158.0,31.108544401771976,31.151813877757746,0.0,0.0,
sin,0.7,1,159.0,31.265313211801665,31.307431174312583,0.0,0.0,
sin,0.7,1,160.0,31.42037337424234,31.461373664568832,0.0,0.0,0.0
sin,0.7,1,161.0,31.57374333707726,31.61365866336487,0.0,0.0,
sin,0.7,1,162.0,31.72544135703891,31.764303338537804,0.0,0.0,
sin,0.7,1,163.0,31.875485501174108,31.91332471045833,0.0,0.0,
sin,0.7,1,164.0,32.02389364842206,32.06073965168732,0.0,0.0,
sin,0.7,1,165.0,32.170683491203356,32.20656488674529,0.0,0.0,0.0
sin,0.7,1,166.0,32.315872537018436,32.35081699198667,0.0,0.0,
sin,0.7,1,167.0,32.45947811005281,32.49351239557126,0.0,0.0,
sin,0.7,1,168.0,32.60151735278839,32.63466737752587,0.0,0.0,
sin,0.7,1,169.0,32.742007227618664,32.77429806988959,0.0,0.0,
sin,0.7,1,170.0,32.88096451846653,32.91242045693657,0.0,0.0,0.0
sin,0.7,1,171.0,33.01840583240368,33.04905037547075,0.0,0.0,
sin,0.7,1,172.0,33.15434760127025,33.184203515187114,0.0,0.0,
sin,0.7,1,173.0,33.288806083293274,33.317895419094704,0.0,0.0,
sin,0.7,1,174.0,33.42179736470351,33.45014148399677,0.0,0.0,
sin,0.7,1,175.0,33.553337361349584,33.58095696102364,0.0,0.0,0.0
sin,0.7,1,176.0,33.68344182030788,33.710356956214646,0.0,0.0,
sin,0.7,1,177.0,33.812126321488556,33.838356431145044,0.0,0.0,
sin,0.7,1,178.0,33.93940627923626,33.96497020359471,0.0,0.0,
sin,0.7,1,179.0,34.06529694392445,34.09021294825526,0.0,0.0,
sin,0.7,1,180.0,34.18981340354397,34.214099197472564,0.0,0.0,0.0
sin,0.7,1,181.0,34.312970585284475,34.33664334202195,0.0,0.0,
sin,0.7,1,182.0,34.43478325710752,34.45785963191329,0.0,0.0,
sin,0.7,1,183.0,34.55526602931293,34.57776217722357,0.0,0.0,
sin,0.7,1,184.0,34.67443335609564,34.69636494895474,0.0,0.0,
sin,0.7,1,185.0,34.79229953709402,34.81368177991452,0.0,0.0,0.0
sin,0.7,1,186.0,34.908878718929664,34.9297263656182,0.0,0.0,
sin,0.7,1,187.0,35.024184896736294,35.04451226520963,0.0,0.0,
sin,0.7,1,188.0,35.138231915680535,35.15805290239955,0.0,0.0,
sin,0.7,1,189.0,35.25103347247082,35.27036156641952,0.0,0.0,
sin,0.7,1,190.0,35.36260311685781,35.38145141299015,0.0,0.0,0.0
sin,0.7,1,191.0,35.47295425312241,35.49133546530196,0.0,0.0,
sin,0.7,1,192.0,35.58210014155464,35.60002661500749,0.0,0.0,
sin,0.7,1,193.0,35.69005389992097,35.70753762322369,0.0,0.0,
sin,0.7,1,194.0,35.79682850491983,35.813881121543,0.0,0.0,
sin,0.7,1,195.0,35.90243679362723,35.91906961305223,0.0,0.0,0.0
sin,0.7,1,196.0,36.00689146493054,36.02311547335827,0.0,0.0,
sin,0.7,1,197.0,36.110205080950145,36.12603095161938,0.0,0.0,
sin,0.7,1,198.0,36.21239006845084,36.227828171581415,0.0,0.0,
sin,0.7,1,199.0,36.31345872024037,36.32851913261798,0.0,0.0,
sin,0.7,1,200.0,36.41342319655719,36.42811571077369,0.0,0.0,0.0
sin,0.7,1,201.0,36.512295526446074,36.52662965980995,0.0,0.0,
sin,0.7,1,202.0,36.61008760912202,36.62407261225231,0.0,0.0,
sin,0.7,1,203.0,36.70681121532251,36.72045608043896,0.0,0.0,
sin,0.7,1,204.0,36.80247798864757,36.81579145756955,0.0,0.0,
sin,0.7,1,205.0,36.897099446888426,36.91009001875398,0.0,0.0,0.0
sin,0.7,1,206.0,36.99068698334415,37.00336292206037,0.0,0.0,
sin,0.7,1,207.0,37.08325186812612,37.09562120956187,0.0,0.0,
sin,0.7,1,208.0,37.17480524945124,37.18687580838184,0.0,0.0,
sin,0.7,1,209.0,37.265358154922765,37.277137531736834,0.0,0.0,
sin,0.7,1,210.0,37.354921492799775,37.36641707997711,0.0,0.0,0.0
sin,0.7,1,211.0,37.443506053254495,37.45472504162417,0.0,0.0,
sin,0.7,1,212.0,37.53112250961797,37.54207189440509,0.0,0.0,
sin,0.7,1,213.0,37.617781419614346,37.62846800628316,0.0,0.0,
sin,0.7,1,214.0,37.70349322658281,37.71392363648465,0.0,0.0,
sin,0.7,1,215.0,37.788268260688454,37.79844893652133,0.0,0.0,0.0
sin,0.7,1,216.0,37.872116740121506,37.88205395120853,0.0,0.0,
sin,0.7,1,217.0,37.955048772284506,37.9647486196784,0.0,0.0,
sin,0.7,1,218.0,38.03707435496868,38.046542776388264,0.0,0.0,
sin,0.7,1,219.0,38.11820337751851,38.1274461521237,0.0,0.0,
sin,0.7,1,220.0,38.19844562198484,38.20746837499632,0.0,0.0,0.0
sin,0.7,1,221.0,38.277810764267294,38.28661897143585,0.0,0.0,
sin,0.7,1,222.0,38.356308375244275,38.36490736717658,0.0,0.0,
sin,0.7,1,223.0,38.43394792189323,38.44234288823776,0.0,0.0,
sin,0.7,1,224.0,38.51073876839872,38.51893476189808,0.0,0.0,
sin,0.7,1,225.0,38.58669017725003,38.594692117663826,0.0,0.0,0.0
sin,0.7,1,226.0,38.661811310327465,38.66962398823079,0.0,0.0,
sin,0.7,1,227.0,38.736111229978164,38.74373931043971,0.0,0.0,
sin,0.7,1,228.0,38.80959890008068,38.817046926225196,0.0,0.0,
sin,0.7,1,229.0,38.88228318709914,38.88955558355803,0.0,0.0,
sin,0.7,1,230.0,38.9541728611267,38.96127393738068,0.0,0.0,0.0
sin,0.7,1,231.0,39.02527659691846,39.03221055053613,0.0,0.0,
sin,0.7,1,232.0,39.09560297491332,39.10237389468974,0.0,0.0,
sin,0.7,1,233.0,39.16516048224653,39.17177235124428,0.0,0.0,
sin,0.7,1,234.0,39.23395751375103,39.240414212247885,0.0,0.0,
sin,0.7,1,235.0,39.30200237294885,39.30830768129506,0.0,0.0,0.0
sin,0.7,1,236.0,39.36930327303205,39.375460874420604,0.0,0.0,
sin,0.7,1,237.0,39.435868337834414,39.44188182098638,0.0,0.0,
sin,0.7,1,238.0,39.501705602791894,39.507578464561,0.0,0.0,
sin,0.7,1,239.0,39.56682301589428,39.57255866379233,0.0,0.0,
sin,0.7,1,240.0,39.63122843862643,39.63683019327283,0.0,0.0,0.0
sin,0.7,1,241.0,39.69492964689991,39.70040074439765,0.0,0.0,
sin,0.7,1,242.0,39.75793433197495,39.7632779262156,0.0,0.0,
sin,0.7,1,243.0,39.82025010137281,39.82546926627281,0.0,0.0,
sin,0.7,1,244.0,39.8818844797788,39.88698221144925,0.0,0.0,
sin,0.7,1,245.0,39.942844909935545,39.94782412878798,0.0,0.0,0.0
sin,0.7,1,246.0,40.00313875352738,40.0080023063172,0.0,0.0,
sin,0.7,1,247.0,40.062773292055326,40.06752395386512,0.0,0.0,
sin,0.7,1,248.0,40.12175572770256,40.12639620386757,0.0,0.0,
sin,0.7,1,249.0,40.180093184191406,40.1846261121685,0.0,0.0,
sin,0.7,1,250.0,40.237792707630874,40.242220658813245,0.0,0.0,0.0
sin,0.7,1,251.0,40.29486126735566,40.29918674883466,0.0,0.0,
sin,0.7,1,252.0,40.35130575675606,40.35553121303216,0.0,0.0,
sin,0.7,1,253.0,40.40713299409909,40.41126080874356,0.0,0.0,
sin,0.7,1,254.0,40.46234972334131,40.46638222060997,0.0,0.0,
sin,0.7,1,255.0,40.51696261493272,40.520902061333445,0.0,0.0,0.0
sin,0.7,1,256.0,40.570978266612286,40.57482687242781,0.0,0.0,
sin,0.7,1,257.0,40.624403204195346,40.62816312496233,0.0,0.0,
sin,0.7,1,258.0,40.67724388235183,40.68091722029844,0.0,0.0,
sin,0.7,1,259.0,40.72950668537753,40.73309549081966,0.0,0.0,
sin,0.7,1,260.0,40.78119792795586,40.7847042006544,0.0,0.0,0.0
sin,0.7,1,261.0,40.83232385591256,40.835749546392115,0.0,0.0,
sin,0.7,1,262.0,40.88289064696186,40.88623765779248,0.0,0.0,
sin,0.7,1,263.0,40.93290441144473,40.93617459848782,0.0,0.0,
sin,0.7,1,264.0,40.98237119305956,40.98556636667885,0.0,0.0,
sin,0.7,1,265.0,41.031296969584844,41.03441889582362,0.0,0.0,0.0
sin,0.7,1,266.0,41.079687653593986,41.082738055319815,0.0,0.0,
sin,0.7,1,267.0,41.127549093163275,41.130529651180474,0.0,0.0,
sin,0.7,1,268.0,41.17488707257105,41.177799426703054,0.0,0.0,
sin,0.7,1,269.0,41.221707312990546,41.22455306313203,0.0,0.0,
sin,0.7,1,270.0,41.26801547317492,41.2707961803149,0.0,0.0,0.0
sin,0.7,1,271.0,41.31381715013473,41.31653433735188,0.0,0.0,
sin,0.7,1,272.0,41.35911787980841,41.361773033239025,0.0,0.0,
sin,0.7,1,273.0,41.40392313772572,41.40651770750512,0.0,0.0,
sin,0.7,1,274.0,41.448238339663725,41.45077374084217,0.0,0.0,
sin,0.7,1,275.0,41.49206884229591,41.494546455729726,0.0,0.0,0.0
sin,0.7,1,276.0,41.53541994383472,41.53784111705287,0.0,0.0,
sin,0.7,1,277.0,41.57829688466626,41.58066293271408,0.0,0.0,
sin,0.7,1,278.0,41.62070484797937,41.62301705423898,0.0,0.0,
sin,0.7,1,279.0,41.6626489603871,41.66490857737602,0.0,0.0,
sin,0.7,1,280.0,41.70413429254173,41.706342542690045,0.0,0.0,0.0
sin,0.7,1,281.0,41.74516585974328,41.74732393615002,0.0,0.0,
sin,0.7,1,282.0,41.785748622541604,41.78785768971065,0.0,0.0,
sin,0.7,1,283.0,41.82588748733159,41.82794868188825,0.0,0.0,
sin,0.7,1,284.0,41.86558730694226,41.867601738330755,0.0,0.0,
sin,0.7,1,285.0,41.90485288121962,41.906821632381835,0.0,0.0,0.0
sin,0.7,1,286.0,41.943688957603,41.94561308563942,0.0,0.0,
sin,0.7,1,287.0,41.98210023169537,41.98398076850842,0.0,0.0,
sin,0.7,1,288.0,42.020091347827154,42.02192930074784,0.0,0.0,
sin,0.7,1,289.0,42.057666899614595,42.05946325201235,0.0,0.0,
sin,0.7,1,290.0,42.09483143051166,42.09658714238815,0.0,0.0,0.0
sin,0.7,1,291.0,42.1315894343559,42.13330544292357,0.0,0.0,
sin,0.7,1,292.0,42.16794535590876,42.169622576154,0.0,0.0,
sin,0.7,1,293.0,42.20390359138991,42.205542916621525,0.0,0.0,
sin,0.7,1,294.0,42.239468489005816,42.241070791389234,0.0,0.0,
sin,0.7,1,295.0,42.274644349472425,42.27621048055011,0.0,0.0,0.0
sin,0.7,1,296.0,42.309435426532644,42.31096621773081,0.0,0.0,
sin,0.7,1,297.0,42.343845927467584,42.34534219059005,0.0,0.0,
sin,0.7,1,298.0,42.37788001360318,42.379342541312035,0.0,0.0,
sin,0.7,1,299.0,42.41154180081025,42.41297136709458,0.0,0.0,
sin,1.0,0,0.0,0.9859659676609493,7.070288045489066,0.7042892539245388,0.4961327698563639,0.7373845642023946
sin,1.0,0,1.0,0.9847999033556296,7.06032376293432,0.6589658950547546,0.43555865398986526,
sin,1.0,0,2.0,0.9997045505273732,7.047675680072358,0.6372208847731992,0.4087503954855829,
sin,1.0,0,3.0,1.047054666991193,7.035269122023426,0.7040442126863894,0.5007355662726538,
sin,1.0,0,4.0,1.0531525712659462,7.019915238996084,0.7075148290383048,0.5078990041521582,
sin,1.0,0,5.0,1.0644489683479925,7.00645538661798,0.6178436931138177,0.3888038152763458,0.7156506585966789
sin,1.0,0,6.0,1.1099360146673374,6.99685235374582,0.6683480863511981,0.4562154647962061,
sin,1.0,0,7.0,1.12635969612797,6.98462082495566,0.711799255455209,0.519277367137012,
sin,1.0,0,8.0,1.127767429570989,6.971393840108787,0.6054525405015244,0.3771299116251935,
sin,1.0,0,9.0,1.1876074399108654,6.963728395348924,0.6254482773313026,0.4033380158416463,
sin,1.0,0,10.0,1.2349166774304816,6.955877069823353,0.7010654037262073,0.5079059260210251,0.9436199003894647
sin,1.0,0,11.0,1.2269201522470057,6.943520499067194,0.6222267665111112,0.40152069929693296,
sin,1.0,0,12.0,1.279491129597532,6.936312706247582,0.5941586302822177,0.3668744739049854,
sin,1.0,0,13.0,1.3582241129269366,6.932746888009807,0.6660122364298108,0.4614490242695259,
sin,1.0,0,14.0,1.3643698891676215,6.923334619523254,0.6632973629865784,0.45893998886868465,
sin,1.0,0,15.0,1.3896806414318381,6.915760318769674,0.577934387956041,0.34917827111250466,0.627273280493499
sin,1.0,0,16.0,1.489971537799454,6.915433685390406,0.623210204139878,0.4060694090827868,
sin,1.0,0,17.0,1.5320960053061146,6.911037104486393,0.6830974089300916,0.48848229914202407,
sin,1.0,0,18.0,1.52689367788933,6.903325201484118,0.5806142157391144,0.35369479512729257,
sin,1.0,0,19.0,1.622083299091379,6.904100064674946,0.579332621759267,0.35205605477169255,
sin,1.0,0,20.0,1.7011361213245684,6.905453713604539,0.6837245257961121,0.4901713059336787,1.2957235130769567
sin,1.0,0,21.0,1.6927399502370049,6.899689367095871,0.6116898019214837,0.3929826772327526,
sin,1.0,0,22.0,1.7540535295882007,6.899332130335948,0.5425565573645498,0.30920459093672525,
sin,1.0,0,23.0,1.8568773355410417,6.905235668309741,0.637961818778718,0.42677833918156843,
sin,1.0,0,24.0,1.874541002629711,6.904249151875831,0.6633051360827034,0.46149161443987274,
sin,1.0,0,25.0,1.8902243483092789,6.901939234072635,0.5360767731736833,0.3016349930406501,0.7226584667605934
sin,1.0,0,26.0,1.9950104153203316,6.909428571391384,0.5872972263834662,0.36124483047799694,
sin,1.0,0,27.0,2.0484452893431726,6.914486935852855,0.6744489387932497,0.475716521767996,
sin,1.0,0,28.0,2.0367352527122584,6.912402799518885,0.5827191376001252,0.3553288679437417,
sin,1.0,0,29.0,2.116658509203484,6.917864298031784,0.550210498236382,0.316288697283082,
sin,1.0,0,30.0,2.197451125661476,6.927489461003454,0.6593489058320602,0.45294851118012674,1.6016056933444593
sin,1.0,0,31.0,2.1916845734898147,6.929412803143696,0.6642853369555551,0.4595010079662421,
sin,1.0,0,32.0,2.225636646685624,6.930976648765567,0.5432593991630937,0.30718190612730506,
sin,1.0,0,33.0,2.3163313278512363,6.941494372176071,0.6308712824072961,0.4129957377687786,
sin,1.0,0,34.0,2.3354386928246154,6.94883024286871,0.6914541197816444,0.495077668599431,
sin,1.0,0,35.0,2.3275599304239454,6.948919292408476,0.5750256728070451,0.34238122279172883,1.1308400849135456
sin,1.0,0,36.0,2.407436593726492,6.9564533341130845,0.5997579905796286,0.3716604408486787,
sin,1.0,0,37.0,2.451009668076637,6.967219392754766,0.6704480423847362,0.4630003141179209,
sin,1.0,0,38.0,2.4255242950678473,6.969840686392886,0.6586813378098124,0.4465550648762916,
sin,1.0,0,39.0,2.473252520699016,6.972806069253381,0.5975498369265545,0.36720035770664317,
sin,1.0,0,40.0,2.5328099448764547,6.98328630078207,0.6411132064659206,0.42142447588443316,1.813612523510827
sin,1.0,0,41.0,2.510151220682456,6.989428199249679,0.7137441558054946,0.5214009752060285,
sin,1.0,0,42.0,2.518436984487949,6.990534909125527,0.6202317879701608,0.39360193820475325,
sin,1.0,0,43.0,2.5916509500926748,6.99914949435584,0.6357078026277516,0.41247207255684165,
sin,1.0,0,44.0,2.588239944596964,7.008532315114008,0.7206623462117382,0.5286637187614308,
sin,1.0,0,45.0,2.528812333311052,7.00912531150297,0.7537195191143454,0.5781784227358913,1.855966117903407
sin,1.0,0,46.0,2.5481180628588564,7.004456934385521,0.7130275294547883,0.5181239423278733,
sin,1.0,0,47.0,2.5470320817014978,7.001927793487912,0.4885262861496421,0.2433944226499664,
sin,1.0,0,48.0,2.724512056510094,7.023583040707334,0.42444547800853344,0.18259815429507065,
sin,1.0,0,49.0,2.932009590943551,7.069978943259747,0.4713159912771929,0.2222071934136923,
sin,1.0,0,50.0,3.1230989519054457,7.128751878569146,0.4741696044444949,0.22121288942010342,1.2258000219404055
sin,1.0,0,51.0,3.3494974271120137,7.200282212937683,0.41540641185414334,0.16642453723289305,
sin,1.0,0,52.0,3.639339256918965,7.294505038977258,0.3007011405146764,0.08496665042070038,
sin,1.0,0,53.0,3.9687562376537775,7.4148012176307905,0.2766782058567368,0.06961789390307305,
sin,1.0,0,54.0,4.318561750565837,7.558747808900067,0.28163429546998037,0.06941308889381123,
sin,1.0,0,55.0,4.672366137414214,7.720151590904644,0.2712204947772116,0.061711109680236804,0.3102292460612573
sin,1.0,0,56.0,5.03081396597106,7.897761330600299,0.1797912670391685,0.025911895278893572,
sin,1.0,0,57.0,5.401676361342966,8.094173534629274,0.13129097691237288,0.013155117807126542,
sin,1.0,0,58.0,5.782444190706757,8.308193237500873,0.1482817129684611,0.0159269279339321,
sin,1.0,0,59.0,6.16835887179476,8.537540516368665,0.06236233260167838,0.0026677747103641745,
sin,1.0,0,60.0,6.557807314709535,8.780995311471301,0.05154386277249256,0.0017228062475118378,0.06971716099580834
sin,1.0,0,61.0,6.948649196578222,9.036511505875016,0.034548812267702844,0.0007308607441712497,
sin,1.0,0,62.0,7.339988521846729,9.302518322808341,0.004917991550991764,1.3974764330602652e-05,
sin,1.0,0,63.0,7.731429931019341,9.577841705929181,0.003067892325708661,5.129971119667721e-06,
sin,1.0,0,64.0,8.121998181462128,9.86099421064461,0.0039025196542024055,7.831028321352477e-06,
sin,1.0,0,65.0,8.51096060271222,10.150640107468364,0.0008208550610518435,3.2697617162262005e-07,0.0005179120695621254
sin,1.0,0,66.0,8.897885710837715,10.445687449719651,0.00024016077514705936,2.6430178954256962e-08,
sin,1.0,0,67.0,9.28244067584142,10.745172878391623,0.0002161557647784054,2.02337712032264e-08,
sin,1.0,0,68.0,9.664373256356761,11.048253931418865,4.1560032097754795e-05,7.075130553173254e-10,
sin,1.0,0,69.0,10.043495941247652,11.354198139995836,1.0337276607107786e-05,4.144473256795659e-11,
sin,1.0,0,70.0,10.419659931982135,11.662360332356265,1.9477060447204496e-05,1.3945815558826844e-10,1.4064932136391343e-05
sin,1.0,0,71.0,10.792747794415748,11.972172497709892,7.174700045864498e-06,1.7956908569872458e-11,
sin,1.0,0,72.0,11.16266772933885,12.283134809899703,1.1128861973093377e-06,4.1044321404878634e-13,
sin,1.0,0,73.0,11.529347822352,12.59480657430565,1.4174469825058309e-06,6.332871085561745e-13,
sin,1.0,0,74.0,11.892732276712943,12.906798927798274,4.390883420582297e-07,5.786776762960302e-14,
sin,1.0,0,75.0,12.252778675558396,13.21876866159892,5.7739468685965406e-08,9.539674717270229e-16,7.09706107244492e-08
sin,1.0,0,76.0,12.60945566394207,13.530412703001508,1.1300742282197469e-07,3.4878826023026882e-15,
sin,1.0,0,77.0,12.962741131872361,13.841463339713759,7.512748955841798e-08,1.4730033832825584e-15,
sin,1.0,0,78.0,13.312620743626274,14.151684054421116,1.0038867130670144e-08,2.516072600983201e-17,
sin,1.0,0,79.0,13.659086714757693,14.460865868801637,1.1019043948161976e-08,2.9031484189564314e-17,
sin,1.0,0,80.0,14.002136800121772,14.768824144758645,5.639969705104672e-09,7.291748955989051e-18,8.831866217350278e-09
sin,1.0,0,81.0,14.3417734536293,15.075395786039374,7.571902090035144e-10,1.2613701167679352e-19,
sin,1.0,0,82.0,14.678003123790738,15.380436785358727,7.843745849757507e-10,1.3004081807593087e-19,
sin,1.0,0,83.0,15.010835661502528,15.683820073591434,9.090761339464878e-10,1.6798357292853208e-19,
sin,1.0,0,84.0,15.340283820256293,15.985433632091608,1.7293993905121726e-10,5.8521003412114334e-21,
sin,1.0,0,85.0,15.666362832402882,16.285178833779867,1.0104425479602133e-10,1.9249000810550092e-21,1.5393570132588787e-10
sin,1.0,0,86.0,15.989090048632214,16.58296898350448,8.538225672555043e-11,1.3255029121973604e-21,
sin,1.0,0,87.0,16.308484630214767,16.87872803205696,1.6337925426238883e-11,4.684728128599322e-23,
sin,1.0,0,88.0,16.62456728537799,17.172389441543856,6.7176371296515225e-12,7.651412701578592e-24,
sin,1.0,0,89.0,16.937360042779112,17.46389518283121,1.2396950247752332e-11,2.519518135005002e-23,
sin,1.0,0,90.0,17.246886056279365,17.753194848358955,4.0087127442330375e-12,2.549334589450884e-24,4.036962407773804e-12
sin,1.0,0,91.0,17.553169436214954,18.040244865844542,1.1292441839802753e-12,1.9591192553791016e-25,
sin,1.0,0,92.0,17.85623510317967,18.325007800328198,1.4873023267002304e-12,3.293670747482222e-25,
sin,1.0,0,93.0,18.15610866099674,18.607451733678303,4.4054546524551053e-13,2.8027068336971874e-26,
sin,1.0,0,94.0,18.45281628610102,18.887549712110363,8.177237188797294e-14,9.371992959149024e-28,
sin,1.0,0,95.0,18.746384630996886,19.16527925351209,1.8865954203096174e-13,4.84503872667612e-27,2.0224709537290487e-13
sin,1.0,0,96.0,19.03684073982677,19.44062190743593,1.086913563597641e-13,1.5629306684691296e-27,
sin,1.0,0,97.0,19.324211974388117,19.71356286154207,1.8407533547716536e-14,4.3594425774776167e-29,
sin,1.0,0,98.0,19.60852594919064,19.98409058907117,2.92499752313879e-14,1.0711547801543509e-28,
sin,1.0,0,99.0,19.88981047435534,20.25219653261378,1.3817680846627193e-14,2.3275341008545953e-29,
sin,1.0,0,100.0,20.168093505333623,20.51787482003831,2.027240138408532e-15,4.881076851055011e-31,3.816315588801017e-15
sin,1.0,0,101.0,20.44340309857232,20.781122008954373,3.2484401265096454e-15,1.2217483269610421e-30,
sin,1.0,0,102.0,20.715767372374398,21.041936856534644,3.279905175152557e-15,1.2148457940403582e-30,
sin,1.0,0,103.0,20.98521447231082,21.300320111905698,6.130289673149335e-16,4.141519752410312e-32,
sin,1.0,0,104.0,21.25177254062669,21.55627432865478,6.349949350880571e-16,4.338734978715565e-32,
sin,1.0,0,105.0,21.515469689161453,21.80980369529219,4.938654579952258e-16,2.5637979419682885e-32,7.722052324293706e-16
sin,1.0,0,106.0,21.77633397536582,22.06091388176403,9.797013814322864e-17,9.860761315262648e-34,
sin,1.0,0,107.0,22.03439338105356,22.309611900332467,9.9074579208802e-17,9.860761315262648e-34,
sin,1.0,0,108.0,22.289675793573362,22.55590597933505,1.0016834463815205e-16,9.860761315262648e-34,
sin,1.0,0,109.0,22.54220898912469,22.799805448504546,0.0,0.0,
sin,1.0,0,110.0,22.792020617978082,23.041320634679764,0.0,0.0,0.0
sin,1.0,0,111.0,23.03913819138873,23.280462766868318,0.0,0.0,
sin,1.0,0,112.0,23.283589070017918,23.517243889737227,0.0,0.0,
sin,1.0,0,113.0,23.525400453699785,23.75167678470801,0.0,0.0,
sin,1.0,0,114.0,23.7645993724102,23.98377489792193,0.0,0.0,
sin,1.0,0,115.0,24.001212678310075,24.21355227441952,0.0,0.0,0.0
sin,1.0,0,116.0,24.23526703875202,24.441023497947803,0.0,0.0,
sin,1.0,0,117.0,24.466788930149814,24.666203635869774,0.0,0.0,
sin,1.0,0,118.0,24.69580463262391,24.88910818870525,0.0,0.0,
sin,1.0,0,119.0,24.922340225342836,25.10975304388009,0.0,0.0,
sin,1.0,0,120.0,25.146421582492223,25.328154433303705,0.0,0.0,0.0
sin,1.0,0,121.0,25.368074369808014,25.544328894432734,0.0,0.0,
sin,1.0,0,122.0,25.587324041618725,25.758293234512664,0.0,0.0,
sin,1.0,0,123.0,25.804195838347088,25.97006449771921,0.0,0.0,
sin,1.0,0,124.0,26.018714784425917,26.179659934948475,0.0,0.0,
sin,1.0,0,125.0,26.230905686588862,26.387096976028616,0.0,0.0,0.0
sin,1.0,0,126.0,26.440793132499525,26.592393204147683,0.0,0.0,
sin,1.0,0,127.0,26.648401489687185,26.795566332311253,0.0,0.0,
sin,1.0,0,128.0,26.853754904759533,26.996634181660944,0.0,0.0,
sin,1.0,0,129.0,27.056877302866543,27.195614661500457,0.0,0.0,
sin,1.0,0,130.0,27.257792387391685,27.392525750889654,0.0,0.0,0.0
sin,1.0,0,131.0,27.45652363984894,27.587385481679846,0.0,0.0,
sin,1.0,0,132.0,27.653094319966485,27.78021192287467,0.0,0.0,
sin,1.0,0,133.0,27.847527465939475,27.971023166211324,0.0,0.0,
sin,1.0,0,134.0,28.039845894836006,28.159837312865903,0.0,0.0,
sin,1.0,0,135.0,28.230072203141745,28.346672461195148,0.0,0.0,0.0
sin,1.0,0,136.0,28.418228767430513,28.531546695434297,0.0,0.0,
sin,1.0,0,137.0,28.604337745148005,28.714478075277583,0.0,0.0,
sin,1.0,0,138.0,28.78842107549946,28.89548462627417,0.0,0.0,
sin,1.0,0,139.0,28.970500480429532,29.074584330977828,0.0,0.0,
sin,1.0,0,140.0,29.150597465686733,29.251795120793844,0.0,0.0,0.0
sin,1.0,0,141.0,29.32873332196363,29.427134868471217,0.0,0.0,
sin,1.0,0,142.0,29.504929126105786,29.600621381192436,0.0,0.0,
sin,1.0,0,143.0,29.6792057423817,29.772272394216998,0.0,0.0,
sin,1.0,0,144.0,29.85158382380881,29.94210556503825,0.0,0.0,
sin,1.0,0,145.0,30.022083813528567,30.11013846801643,0.0,0.0,0.0
sin,1.0,0,146.0,30.190725946226515,30.276388589453575,0.0,0.0,
sin,1.0,0,147.0,30.357530249591374,30.440873323078762,0.0,0.0,
sin,1.0,0,148.0,30.522516545809864,30.603609965914433,0.0,0.0,
sin,1.0,0,149.0,30.685704453092594,30.76461571449695,0.0,0.0,
sin,1.0,0,150.0,30.847113387227473,30.92390766142637,0.0,0.0,0.0
sin,1.0,0,151.0,31.006762563157377,31.081502792222523,0.0,0.0,
sin,1.0,0,152.0,31.164670996578696,31.237417982465978,0.0,0.0,
sin,1.0,0,153.0,31.320857505558394,31.39166999520422,0.0,0.0,
sin,1.0,0,154.0,31.475340712166258,31.544275478604757,0.0,0.0,
sin,1.0,0,155.0,31.6281390441206,31.69525096383809,0.0,0.0,0.0
sin,1.0,0,156.0,31.779270736445188,31.844612863174994,0.0,0.0,
sin,1.0,0,157.0,31.92875383313429,31.99237746828332,0.0,0.0,
sin,1.0,0,158.0,32.076606188825565,32.13856094871084,0.0,0.0,
sin,1.0,0,159.0,32.22284547047805,32.2831793505416,0.0,0.0,
sin,1.0,0,160.0,32.36748915905379,32.42624859521385,0.0,0.0,0.0
sin,1.0,0,161.0,32.510554551202006,32.56778447848884,0.0,0.0,
sin,1.0,0,162.0,32.6520587609438,32.70780266956028,0.0,0.0,
sin,1.0,0,163.0,32.7920187213575,32.84631871029491,0.0,0.0,
sin,1.0,0,164.0,32.930451186261365,32.983348014595514,0.0,0.0,
sin,1.0,0,165.0,33.067372731895084,33.118905867878034,0.0,0.0,0.0
sin,1.0,0,166.0,33.20279975859698,33.25300742665524,0.0,0.0,
sin,1.0,0,167.0,33.33674849247769,33.38566771821969,0.0,0.0,
sin,1.0,0,168.0,33.469234987088036,33.51690164041946,0.0,0.0,
sin,1.0,0,169.0,33.60027512508195,33.64672396152016,0.0,0.0,
sin,1.0,0,170.0,33.72988461987223,33.77514932014778,0.0,0.0,0.0
sin,1.0,0,171.0,33.85807901727941,33.90219222530655,0.0,0.0,
sin,1.0,0,172.0,33.984873697173114,34.02786705646694,0.0,0.0,
sin,1.0,0,173.0,34.11028387510539,34.15218806371906,0.0,0.0,
sin,1.0,0,174.0,34.234324603934645,34.27516936798683,0.0,0.0,
sin,1.0,0,175.0,34.35701077544133,34.396824961298925,0.0,0.0,0.0
sin,1.0,0,176.0,34.47835712193378,34.51716870711251,0.0,0.0,
sin,1.0,0,177.0,34.59837821784417,34.6362143406861,0.0,0.0,
sin,1.0,0,178.0,34.717088481314434,34.75397546949817,0.0,0.0,
sin,1.0,0,179.0,34.83450217577174,34.87046557370822,0.0,0.0,
sin,1.0,0,180.0,34.95063341149296,34.985698006657366,0.0,0.0,0.0
sin,1.0,0,181.0,35.065496147158726,35.09968599540559,0.0,0.0,
sin,1.0,0,182.0,35.17910419139565,35.21244264130302,0.0,0.0,
sin,1.0,0,183.0,35.29147120430777,35.323980920592675,0.0,0.0,
sin,1.0,0,184.0,35.40261069899613,35.43431368504244,0.0,0.0,
sin,1.0,0,185.0,35.51253604306651,35.5434536626041,0.0,0.0,0.0
sin,1.0,0,186.0,35.62126046012585,35.65141345809718,0.0,0.0,
sin,1.0,0,187.0,35.728797031266275,35.75820555391592,0.0,0.0,
sin,1.0,0,188.0,35.83515869653733,35.86384231075731,0.0,0.0,
sin,1.0,0,189.0,35.940358256405766,35.968335968368784,0.0,0.0,
sin,1.0,0,190.0,36.0444083732036,36.07169864631356,0.0,0.0,0.0
sin,1.0,0,191.0,36.147321572563484,36.173942344752575,0.0,0.0,
sin,1.0,0,192.0,36.249110244841944,36.27507894524121,0.0,0.0,
sin,1.0,0,193.0,36.34978664653056,36.37512021153974,0.0,0.0,
sin,1.0,0,194.0,36.44936290165404,36.47407779043603,0.0,0.0,
sin,1.0,0,195.0,36.547851003156495,36.57196321257955,0.0,0.0,0.0
sin,1.0,0,196.0,36.645262814275334,36.668787893325394,0.0,0.0,
sin,1.0,0,197.0,36.74161006990252,36.76456313358733,0.0,0.0,
sin,1.0,0,198.0,36.83690437793317,36.859300120698904,0.0,0.0,
sin,1.0,0,199.0,36.93115722060266,36.95300992928175,0.0,0.0,
sin,1.0,0,200.0,37.02437995581025,37.045703522120036,0.0,0.0,0.0
sin,1.0,0,201.0,37.11658381843138,37.13739175104047,0.0,0.0,
sin,1.0,0,202.0,37.20777992161698,37.228085357796935,0.0,0.0,
sin,1.0,0,203.0,37.29797925808075,37.3177949749591,0.0,0.0,
sin,1.0,0,204.0,37.38719270137435,37.40653112680426,0.0,0.0,
sin,1.0,0,205.0,37.47543100715012,37.49430423021193,0.0,0.0,0.0
sin,1.0,0,206.0,37.562704814411966,37.58112459556035,0.0,0.0,
sin,1.0,0,207.0,37.64902464675411,37.66700242762454,0.0,0.0,
sin,1.0,0,208.0,37.73440091358745,37.75194782647532,0.0,0.0,
sin,1.0,0,209.0,37.81884391135459,37.835970788378724,0.0,0.0,
sin,1.0,0,210.0,37.90236382473251,37.919081206695374,0.0,0.0,0.0
sin,1.0,0,211.0,37.98497072782367,38.001288872779504,0.0,0.0,
sin,1.0,0,212.0,38.066674585335065,38.082603476877,0.0,0.0,
sin,1.0,0,213.0,38.14748525374603,38.16303460902222,0.0,0.0,
sin,1.0,0,214.0,38.22741248246388,38.242591759933184,0.0,0.0,
sin,1.0,0,215.0,38.30646591496874,38.321284321904834,0.0,0.0,0.0
sin,1.0,0,216.0,38.38465508994605,38.39912158969992,0.0,0.0,
sin,1.0,0,217.0,38.46198944240853,38.476112761437385,0.0,0.0,
sin,1.0,0,218.0,38.53847830480621,38.55226693947784,0.0,0.0,
sin,1.0,0,219.0,38.61413090812551,38.62759313130593,0.0,0.0,
sin,1.0,0,220.0,38.68895638297731,38.702100250409266,0.0,0.0,0.0
sin,1.0,0,221.0,38.762963760673614,38.775797117153836,0.0,0.0,
sin,1.0,0,222.0,38.83616197429381,38.84869245965556,0.0,0.0,
sin,1.0,0,223.0,38.908559859739114,38.92079491464774,0.0,0.0,
sin,1.0,0,224.0,38.980166156777365,38.99211302834447,0.0,0.0,
sin,1.0,0,225.0,39.050989510076235,39.0626552572995,0.0,0.0,0.0
sin,1.0,0,226.0,39.121038470226146,39.132429969260635,0.0,0.0,
sin,1.0,0,227.0,39.190321494752666,39.20144544401944,0.0,0.0,
sin,1.0,0,228.0,39.25884694911855,39.26970987425609,0.0,0.0,
sin,1.0,0,229.0,39.32662310771498,39.33723136637923,0.0,0.0,
sin,1.0,0,230.0,39.39365815484309,39.404017941360806,0.0,0.0,0.0
sin,1.0,0,231.0,39.45996018568506,39.47007753556567,0.0,0.0,
sin,1.0,0,232.0,39.52553720726497,39.53541800157588,0.0,0.0,
sin,1.0,0,233.0,39.590397139399975,39.60004710900961,0.0,0.0,
sin,1.0,0,234.0,39.6545478156412,39.66397254533461,0.0,0.0,
sin,1.0,0,235.0,39.71799698420521,39.72720191667609,0.0,0.0,0.0
sin,1.0,0,236.0,39.780752308895366,39.78974274861897,0.0,0.0,
sin,1.0,0,237.0,39.842821370013766,39.85160248700445,0.0,0.0,
sin,1.0,0,238.0,39.904211665263524,39.91278849872083,0.0,0.0,
sin,1.0,0,239.0,39.964930610641765,39.97330807248852,0.0,0.0,
sin,1.0,0,240.0,40.02498554132273,40.03316841963922,0.0,0.0,0.0
sin,1.0,0,241.0,40.08438371253232,40.09237667488915,0.0,0.0,
sin,1.0,0,242.0,40.14313230041288,40.15093989710645,0.0,0.0,
sin,1.0,0,243.0,40.20123840287891,40.20886507007251,0.0,0.0,
sin,1.0,0,244.0,40.25870904046393,40.266159103237385,0.0,0.0,
sin,1.0,0,245.0,40.31555115715864,40.32282883246918,0.0,0.0,0.0
sin,1.0,0,246.0,40.37177162123924,40.37888102079737,0.0,0.0,
sin,1.0,0,247.0,40.427377226088254,40.43432235915016,0.0,0.0,
sin,1.0,0,248.0,40.48237469100563,40.48915946708563,0.0,0.0,
sin,1.0,0,249.0,40.536770662011854,40.54339889351699,0.0,0.0,
sin,1.0,0,250.0,40.59057171264228,40.59704711743166,0.0,0.0,0.0
sin,1.0,0,251.0,40.643784344732914,40.65011054860427,0.0,0.0,
sin,1.0,0,252.0,40.69641498919814,40.70259552830361,0.0,0.0,
sin,1.0,0,253.0,40.74847000679995,40.75450832999354,0.0,0.0,
sin,1.0,0,254.0,40.79995568890914,40.80585516002775,0.0,0.0,
sin,1.0,0,255.0,40.85087825825817,40.85664215833854,0.0,0.0,0.0
sin,1.0,0,256.0,40.90124386968613,40.90687539911949,0.0,0.0,
sin,1.0,0,257.0,40.95105861087581,40.956560891502185,0.0,0.0,
sin,1.0,0,258.0,41.000328503082855,41.00570458022676,0.0,0.0,
sin,1.0,0,259.0,41.049059501857066,41.05431234630664,0.0,0.0,
sin,1.0,0,260.0,41.09725749775589,41.1023900076871,0.0,0.0,0.0
sin,1.0,0,261.0,41.14492831705068,41.14994331989801,0.0,0.0,
sin,1.0,0,262.0,41.19207772242502,41.19697797670053,0.0,0.0,
sin,1.0,0,263.0,41.238711413665484,41.24349961072796,0.0,0.0,
sin,1.0,0,264.0,41.28483502834553,41.2895137941206,0.0,0.0,
sin,1.0,0,265.0,41.33045414250136,41.335026039154855,0.0,0.0,0.0
sin,1.0,0,266.0,41.37557427130123,41.380041798866365,0.0,0.0,
sin,1.0,0,267.0,41.42020086970698,41.42456646766744,0.0,0.0,
sin,1.0,0,268.0,41.46433933312881,41.46860538195859,0.0,0.0,
sin,1.0,0,269.0,41.50799499807276,41.512163820734386,0.0,0.0,
sin,1.0,0,270.0,41.55117314278173,41.555247006183556,0.0,0.0,0.0
sin,1.0,0,271.0,41.593878987869,41.59786010428337,0.0,0.0,
sin,1.0,0,272.0,41.636117696945185,41.64000822538837,0.0,0.0,
sin,1.0,0,273.0,41.67789437723862,41.68169642481351,0.0,0.0,
sin,1.0,0,274.0,41.71921408020869,41.72292970341164,0.0,0.0,
sin,1.0,0,275.0,41.7600818021532,41.76371300814546,0.0,0.0,0.0
sin,1.0,0,276.0,41.800502484808156,41.80405123265394,0.0,0.0,
sin,1.0,0,277.0,41.84048101594222,41.84394921781326,0.0,0.0,
sin,1.0,0,278.0,41.88002222994381,41.883411752292275,0.0,0.0,
sin,1.0,0,279.0,41.919130908402806,41.922443573102576,0.0,0.0,
sin,1.0,0,280.0,41.95781178068485,41.961049366143186,0.0,0.0,0.0
sin,1.0,0,281.0,41.99606952450051,41.9992337667399,0.0,0.0,
sin,1.0,0,282.0,42.033908766467704,42.03700136017929,0.0,0.0,
sin,1.0,0,283.0,42.07133408266813,42.0743566822375,0.0,0.0,
sin,1.0,0,284.0,42.10834999919787,42.1113042197038,0.0,0.0,
sin,1.0,0,285.0,42.14496099271187,42.14784841089892,0.0,0.0,0.0
sin,1.0,0,286.0,42.18117149096247,42.18399364618826,0.0,0.0,
sin,1.0,0,287.0,42.21698587333239,42.219744268490004,0.0,0.0,
sin,1.0,0,288.0,42.2524084713619,42.25510457377813,0.0,0.0,
sin,1.0,0,289.0,42.287443569269726,42.290078811580415,0.0,0.0,
sin,1.0,0,290.0,42.32209540446927,42.32467118547146,0.0,0.0,0.0
sin,1.0,0,291.0,42.35636816807837,42.35888585356073,0.0,0.0,
sin,1.0,0,292.0,42.390266005424344,42.3927269289757,0.0,0.0,
sin,1.0,0,293.0,42.42379301654245,42.426198480340155,0.0,0.0,
sin,1.0,0,294.0,42.45695325667057,42.459304532247614,0.0,0.0,
sin,1.0,0,295.0,42.48975073673671,42.49204906573002,0.0,0.0,0.0
sin,1.0,0,296.0,42.5221894238425,42.524436018721616,0.0,0.0,
sin,1.0,0,297.0,42.55427324174131,42.556469286518166,0.0,0.0,
sin,1.0,0,298.0,42.5860060713104,42.58815272223148,0.0,0.0,
sin,1.0,0,299.0,42.617391751018914,42.61949013723932,0.0,0.0,
sin,1.0,1,0.0,1.0057942205355008,7.113426964867102,0.7365735894171145,0.5360984308587764,0.7499728896103286
sin,1.0,1,1.0,1.0043215902051477,7.103864982113863,0.6849542432627834,0.46484025222890546,
sin,1.0,1,2.0,1.002597911489156,7.090493096264741,0.6463360208579271,0.41546443014499873,
sin,1.0,1,3.0,1.006379566181627,7.078787877251907,0.6720706408590382,0.4506942891519763,
sin,1.0,1,4.0,1.0049712007014104,7.067385674617062,0.6721788533566371,0.4522953383295016,
sin,1.0,1,5.0,1.002403368878728,7.0529977577920775,0.668542260726272,0.44924188828894096,0.7171278585010806
sin,1.0,1,6.0,1.0084719767481403,7.040312464851506,0.6605773807922193,0.44018327029780707,
sin,1.0,1,7.0,1.004447591194124,7.030479393038857,0.6565453863738857,0.43604331508015903,
sin,1.0,1,8.0,1.0045543540986344,7.0182300882136195,0.6631448137258035,0.44640757446424506,
sin,1.0,1,9.0,1.017467614364273,7.006502571251664,0.6449817706546966,0.42370375539117716,
sin,1.0,1,10.0,1.011645351973653,6.999113595405045,0.6633045328547486,0.44906566462460973,0.6868553865058672
sin,1.0,1,11.0,1.0566766172280748,6.990018243277276,0.6475698636730749,0.4291277948990379,
sin,1.0,1,12.0,1.0640688733072388,6.979197716212227,0.6327912253316674,0.41103603486888735,
sin,1.0,1,13.0,1.1321928481104966,6.9734424208558385,0.6469476291073336,0.4303420822997898,
sin,1.0,1,14.0,1.1956177172716003,6.967956333195722,0.6247275350891687,0.40192077921385333,
sin,1.0,1,15.0,1.1858809076071328,6.959072095896558,0.6149025221900074,0.39037309829900435,0.706365069743947
sin,1.0,1,16.0,1.2282282121528436,6.954329806128885,0.6156660024894544,0.3918770071748872,
sin,1.0,1,17.0,1.3037510643274428,6.952433302288541,0.6093762610969603,0.384120429325589,
sin,1.0,1,18.0,1.276343334066664,6.946645712017679,0.6072143363038738,0.382035515066007,
sin,1.0,1,19.0,1.2749077483819597,6.942494656984934,0.5956930739037362,0.36811540912794555,
sin,1.0,1,20.0,1.3714834775780056,6.9435596412246054,0.6144003003974651,0.39147902919405114,1.0022603351647157
sin,1.0,1,21.0,1.3074965574598754,6.941743530751797,0.6065025386819503,0.38167887374340786,
sin,1.0,1,22.0,1.402107861103784,6.938531154140112,0.608234066658814,0.38421684456989547,
sin,1.0,1,23.0,1.430857708935211,6.941410086595243,0.627421224855842,0.4085008943982884,
sin,1.0,1,24.0,1.5108022358027984,6.9436819040516475,0.5966222122013228,0.3691383834830133,
sin,1.0,1,25.0,1.6003996736695334,6.942473103506729,0.623191442708703,0.40288820677642123,0.7360065913585261
sin,1.0,1,26.0,1.6477310625529253,6.945956420594918,0.6178431656090478,0.3956055629620499,
sin,1.0,1,27.0,1.6996858257799143,6.951606959702301,0.5904436886200989,0.3607086483071734,
sin,1.0,1,28.0,1.7721198418921302,6.953457636577954,0.6193594583833126,0.39669244236904405,
sin,1.0,1,29.0,1.8233509845620341,6.956949034315372,0.5894468135371852,0.35893979412718663,
sin,1.0,1,30.0,1.8672308752110982,6.964570635017647,0.5999663387530328,0.37105225846391915,1.2666636231928463
sin,1.0,1,31.0,1.9288825041699948,6.969685931792724,0.6010727882848308,0.37187563254016,
sin,1.0,1,32.0,1.9827655651634688,6.97358343611699,0.6013914416948855,0.3718540263980378,
sin,1.0,1,33.0,2.022439346518641,6.981392066575461,0.6160866790446279,0.3893763639516631,
sin,1.0,1,34.0,2.0735106570304467,6.988725675881974,0.6007202087698043,0.36941838163848734,
sin,1.0,1,35.0,2.1276548669706674,6.993899796094122,0.6613912406477885,0.44714468271990476,1.242982150073862
sin,1.0,1,36.0,2.1652766180823284,7.000586186254498,0.6303234146337067,0.4053480342907663,
sin,1.0,1,37.0,2.2058833694247144,7.008161321866389,0.6199142513306216,0.39122361766781966,
sin,1.0,1,38.0,2.255725006595774,7.01446402158291,0.6797141624902042,0.4694979045360613,
sin,1.0,1,39.0,2.29318949484477,7.020286229871891,0.6508401863280301,0.4297432727105797,
sin,1.0,1,40.0,2.325197732880911,7.026558482000613,0.6460816348279381,0.4227264925814276,1.6364449290443237
sin,1.0,1,41.0,2.3667070432143,7.032488214941751,0.6405265011562716,0.41478800057105575,
sin,1.0,1,42.0,2.4037773791144175,7.03821847224841,0.6613126098881201,0.44142621898226575,
sin,1.0,1,43.0,2.430614429696361,7.043138578575196,0.661410958649553,0.44094082453713346,
sin,1.0,1,44.0,2.4636454594416337,7.047742949785051,0.6253979250749961,0.3937157285589833,
sin,1.0,1,45.0,2.498783781356451,7.053419750257294,0.6815135751981846,0.4667878758375417,1.4482754952173464
sin,1.0,1,46.0,2.523169101210504,7.057588180736428,0.6738904409746495,0.4558647066357976,
sin,1.0,1,47.0,2.549094217119659,7.060670897153278,0.6548120526847112,0.43004251702469987,
sin,1.0,1,48.0,2.5797570403353594,7.065240967152586,0.6981046762871661,0.4881543252320625,
sin,1.0,1,49.0,2.6018531631027697,7.068519105636752,0.6934860062816846,0.4812697175325067,
sin,1.0,1,50.0,2.620725074938029,7.069369654855155,0.6818595168208951,0.46515579345162195,1.8115715712939524
sin,1.0,1,51.0,2.645096311761066,7.071952778015709,0.6846685992142508,0.46865377645107675,
sin,1.0,1,52.0,2.668769325926091,7.077344263643633,0.6626661540805159,0.438347909866339,
sin,1.0,1,53.0,2.696802430827666,7.084909657839837,0.6542526994221292,0.4263756722750294,
sin,1.0,1,54.0,2.737329880516572,7.096639051371975,0.626040084327131,0.38910682940666463,
sin,1.0,1,55.0,2.7808933912651166,7.11133826992022,0.6940151178358216,0.47621732482400075,1.5974917785589042
sin,1.0,1,56.0,2.8217284104403224,7.126786204635401,0.559050983518519,0.30767015811347187,
sin,1.0,1,57.0,2.885895079458339,7.160008448494557,0.39289236494076724,0.15055324246917567,
sin,1.0,1,58.0,2.984344968528111,7.2226439429000395,0.3485314570547636,0.116429104312742,
sin,1.0,1,59.0,3.1019505231494544,7.309492921079781,0.3248769232145418,0.09877185986706247,
sin,1.0,1,60.0,3.3883897237207985,7.41088710879203,0.30677511539339336,0.08567810756178025,0.7994544649729212
sin,1.0,1,61.0,3.8128372033687885,7.524005414172678,0.36610685109387237,0.1183825028732282,
sin,1.0,1,62.0,4.169287694481189,7.651346517834743,0.3163851392956463,0.08549218466492998,
sin,1.0,1,63.0,4.529224044389394,7.7965275228871045,0.22765692875306062,0.04263137270348835,
sin,1.0,1,64.0,4.897115657833659,7.9606674322931665,0.2502729953059423,0.0494195771278878,
sin,1.0,1,65.0,5.27072296440733,8.143734922794723,0.28048808177375006,0.05931322947375751,0.42625859623851137
sin,1.0,1,66.0,5.643806004213818,8.34175749769994,0.25545983315602877,0.046892148536428105,
sin,1.0,1,67.0,6.015859064531375,8.552300003313258,0.2557266008196337,0.04470498590635921,
sin,1.0,1,68.0,6.391655086632559,8.776910386096512,0.158732841107069,0.016353859235029956,
sin,1.0,1,69.0,6.771017887576278,9.014555987107885,0.078906176554543,0.003830922122038411,
sin,1.0,1,70.0,7.152067996558733,9.263244559442786,0.13162703156820066,0.010095641467077261,0.07983925554309379
sin,1.0,1,71.0,7.533405840097284,9.521756464194574,0.22403323718119947,0.027679661455908892,
sin,1.0,1,72.0,7.912868547668282,9.788035226428496,0.2467778363274514,0.031782734594010445,
sin,1.0,1,73.0,8.289463822386558,10.060267991336765,0.20870674455298435,0.021519088539658227,
sin,1.0,1,74.0,8.664680662474545,10.338541284712859,0.0485614144321251,0.001103148877060064,
sin,1.0,1,75.0,9.039167593349186,10.622499444126714,0.011909207301708346,6.28466713384378e-05,0.007039602049092292
sin,1.0,1,76.0,9.412563181779223,10.911390341118736,0.014039723710046841,8.278028975444389e-05,
sin,1.0,1,77.0,9.784400873955553,11.204474521884132,0.038120547752182675,0.0005787690278199633,
sin,1.0,1,78.0,10.154181574110467,11.500928215766152,0.04797998330379796,0.0008702106695411696,
sin,1.0,1,79.0,10.521624852265646,11.800045909888272,0.010857051132336652,4.232786629778625e-05,
sin,1.0,1,80.0,10.886779657078835,12.1013997421245,0.0007029981934570588,1.6873578959123785e-07,0.00047642583119079826
sin,1.0,1,81.0,11.249515306003142,12.404499051435314,7.887400234917027e-05,2.0215258628973435e-09,
sin,1.0,1,82.0,11.609635064624714,12.708835620995922,5.2813544597658274e-05,8.634736955188913e-10,
sin,1.0,1,83.0,11.966992390354402,13.013965382818768,0.00013593763121233737,5.4554440444831e-09,
sin,1.0,1,84.0,12.321480075871456,13.319503122318707,0.0002517347678318272,1.7859954951529424e-08,
sin,1.0,1,85.0,12.673017110395278,13.625111955931473,8.589328852987588e-05,1.987047762930812e-09,6.502542957355667e-05
sin,1.0,1,86.0,13.021542367675217,13.93049657623853,6.599078905858673e-06,1.1220273706574584e-11,
sin,1.0,1,87.0,13.367006950417407,14.235394842610692,5.486880296876347e-07,7.428171815234798e-14,
sin,1.0,1,88.0,13.709371884221493,14.539573612253719,2.252326197136901e-07,1.1998563094098927e-14,
sin,1.0,1,89.0,14.048607403868095,14.842826105057494,4.813047147136709e-07,5.257472834833131e-14,
sin,1.0,1,90.0,14.384691533836568,15.144968878977329,1.2437542564244985e-06,3.3721151306167396e-13,9.963363824181763e-07
sin,1.0,1,91.0,14.717608888493247,15.445839156788653,7.682026534560007e-07,1.2367974868189874e-13,
sin,1.0,1,92.0,15.047349731566971,15.74529253411714,8.460345310819515e-08,1.4435928256645097e-15,
sin,1.0,1,93.0,15.37390918038472,16.04320096107519,6.015020034501033e-09,7.028491331109165e-18,
sin,1.0,1,94.0,15.69728654315561,16.339450975228008,1.5195589946510663e-09,4.3244433898255145e-19,
sin,1.0,1,95.0,16.017484769074223,16.6339421563936,2.3693442719828986e-09,1.014462433639143e-18,2.0078012676733483e-09
sin,1.0,1,96.0,16.334509970023547,16.926585754895445,7.401683915166253e-09,9.560758370353285e-18,
sin,1.0,1,97.0,16.648371007165224,17.21730347590773,8.04432491021083e-09,1.0914879417524232e-17,
sin,1.0,1,98.0,16.959079133830013,17.506026401961343,1.415998199620812e-09,3.2712990568241406e-19,
sin,1.0,1,99.0,17.2666476858548,17.7926940363742,9.980470160267021e-11,1.5732168309496684e-21,
sin,1.0,1,100.0,17.57109181226908,18.077253452834285,1.6209034767570752e-11,4.019938580932736e-23,1.5143948187317005e-11
sin,1.0,1,101.0,17.872428240688365,18.35965853852477,1.6656100762753073e-11,4.1151671855090024e-23,
sin,1.0,1,102.0,18.170675072272406,18.63986931941491,5.386778083320284e-11,4.1758265070709972e-22,
sin,1.0,1,103.0,18.46585160212701,18.9178513579827,9.60724450557696e-11,1.2895080989573911e-21,
sin,1.0,1,104.0,18.757978161675684,19.193575214878248,2.913903855320751e-11,1.1524144165292749e-22,
sin,1.0,1,105.0,19.04707598003171,19.467015967082244,2.370472331637278e-12,7.413802548042775e-25,2.3910220501525635e-12
sin,1.0,1,106.0,19.33316706184082,19.738152776042437,2.694856065998652e-13,9.320262419213025e-27,
sin,1.0,1,107.0,19.616274079441823,20.00696850008554,1.7099011062054248e-13,3.652156792389378e-27,
sin,1.0,1,108.0,19.896420277499825,20.273449346100655,4.9048355722105e-13,2.926601678989513e-26,
sin,1.0,1,109.0,20.17362938852935,20.537584556103543,1.29193127974586e-12,1.9785639963002688e-25,
sin,1.0,1,110.0,20.447925557948317,20.79936612482449,6.999472770211547e-13,5.662398908427664e-26,6.947080610667146e-13
sin,1.0,1,111.0,20.719333277490442,21.058788544926124,7.580113578098423e-14,6.478204639765471e-28,
sin,1.0,1,112.0,20.987877325964014,21.31584857686211,6.8208765516762745e-15,5.119707274884367e-30,
sin,1.0,1,113.0,21.253582716479592,21.570545040740576,2.6040754260504996e-15,7.287102611979096e-31,
sin,1.0,1,114.0,21.516474649386147,21.82287862786461,5.731814951149455e-15,3.449294308078874e-30,
sin,1.0,1,115.0,21.776578470253583,22.07285172989151,1.9569801410112903e-14,3.930302245037386e-29,1.8764277773315546e-14
sin,1.0,1,116.0,22.03391963232458,22.320468283788845,1.885575004313773e-14,3.568215089540942e-29,
sin,1.0,1,117.0,22.288523662932167,22.56573363097191,3.014699077871659e-15,8.923988990312697e-31,
sin,1.0,1,118.0,22.540416133441873,22.80865438918893,2.2649305404309935e-16,4.930380657631324e-33,
sin,1.0,1,119.0,22.789622632331433,23.049238335879597,0.0,0.0,
sin,1.0,1,120.0,23.03616874106878,23.28749430187286,1.0341724943906554e-16,9.860761315262648e-34,9.455331767947041e-17
sin,1.0,1,121.0,23.28008001248858,23.523432074413503,3.1339507088663733e-16,8.874685183736382e-33,
sin,1.0,1,122.0,23.52138195140385,23.7570623086157,5.379595626620986e-16,2.5637979419682885e-32,
sin,1.0,1,123.0,23.760099997219623,23.988396446538182,1.065298802351319e-16,9.860761315262648e-34,
sin,1.0,1,124.0,23.99625950834227,24.217446643160365,0.0,0.0,
sin,1.0,1,125.0,24.22988574820149,24.44422569861427,0.0,0.0,0.0
sin,1.0,1,126.0,24.461003872723055,24.66874699609358,0.0,0.0,
sin,1.0,1,127.0,24.68963891910747,24.891024444920312,0.0,0.0,
sin,1.0,1,128.0,24.91581579578621,25.111072428302286,0.0,0.0,
sin,1.0,1,129.0,25.13955927344036,25.3289057553612,0.0,0.0,
sin,1.0,1,130.0,25.360893976980297,25.544539617052692,0.0,0.0,0.0
sin,1.0,1,131.0,25.579844378392842,25.75798954563708,0.0,0.0,
sin,1.0,1,132.0,25.79643479037576,25.969271377392396,0.0,0.0,
sin,1.0,1,133.0,26.010689360684133,26.17840121829107,0.0,0.0,
sin,1.0,1,134.0,26.222632067123833,26.38539541238809,0.0,0.0,
sin,1.0,1,135.0,26.432286713131138,26.590270512692086,0.0,0.0,0.0
sin,1.0,1,136.0,26.63967692388626,26.793043254312302,0.0,0.0,
sin,1.0,1,137.0,26.84482614291109,26.993730529693266,0.0,0.0,
sin,1.0,1,138.0,27.047757629108737,27.19234936576633,0.0,0.0,
sin,1.0,1,139.0,27.24849445420405,27.388916902862583,0.0,0.0,
sin,1.0,1,140.0,27.447059500550665,27.58345037524567,0.0,0.0,0.0
sin,1.0,1,141.0,27.64347545927137,27.77596709313545,0.0,0.0,
sin,1.0,1,142.0,27.837764828702817,27.96648442610493,0.0,0.0,
sin,1.0,1,143.0,28.02994991311775,28.15501978774295,0.0,0.0,
sin,1.0,1,144.0,28.220052821700946,28.341590621484535,0.0,0.0,
sin,1.0,1,145.0,28.408095467756013,28.52621438751902,0.0,0.0,0.0
sin,1.0,1,146.0,28.594099568124044,28.70890855069384,0.0,0.0,
sin,1.0,1,147.0,28.778086642795213,28.8896905693386,0.0,0.0,
sin,1.0,1,148.0,28.96007801469656,29.06857788494034,0.0,0.0,
sin,1.0,1,149.0,29.1400948096413,29.245587912606634,0.0,0.0,
sin,1.0,1,150.0,29.31815795642533,29.42073803225833,0.0,0.0,0.0
sin,1.0,1,151.0,29.494288187058206,29.594045580498292,0.0,0.0,
sin,1.0,1,152.0,29.668506037117236,29.765527843107005,0.0,0.0,
sin,1.0,1,153.0,29.84083184621403,29.935202048119677,0.0,0.0,
sin,1.0,1,154.0,30.01128575856319,30.10308535944304,0.0,0.0,
sin,1.0,1,155.0,30.179887723645056,30.269194870973394,0.0,0.0,0.0
sin,1.0,1,156.0,30.346657496953625,30.433547601180297,0.0,0.0,
sin,1.0,1,157.0,30.511614640822184,30.596160488123147,0.0,0.0,
sin,1.0,1,158.0,30.67477852532018,30.757050384870293,0.0,0.0,
sin,1.0,1,159.0,30.836168329214466,30.9162340552927,0.0,0.0,
sin,1.0,1,160.0,30.995803040988907,31.073728170206163,0.0,0.0,0.0
sin,1.0,1,161.0,31.15370145991776,31.229549303838144,0.0,0.0,
sin,1.0,1,162.0,31.30988219718717,31.383713930596944,0.0,0.0,
sin,1.0,1,163.0,31.464363677059893,31.53623842212257,0.0,0.0,
sin,1.0,1,164.0,31.617164138080245,31.68713904460025,0.0,0.0,
sin,1.0,1,165.0,31.768301634314025,31.83643195631877,0.0,0.0,0.0
sin,1.0,1,166.0,31.917794036620617,31.984133205457226,0.0,0.0,
sin,1.0,1,167.0,32.06565903395392,32.130258728084776,0.0,0.0,
sin,1.0,1,168.0,32.21191413468822,32.274824346359324,0.0,0.0,
sin,1.0,1,169.0,32.35657666796784,32.41784576691167,0.0,0.0,
sin,1.0,1,170.0,32.4996637850756,32.55933857940301,0.0,0.0,0.0
sin,1.0,1,171.0,32.64119246082021,32.699318255244215,0.0,0.0,
sin,1.0,1,172.0,32.78117949493818,32.83780014646616,0.0,0.0,
sin,1.0,1,173.0,32.91964151350961,32.97479948473125,0.0,0.0,
sin,1.0,1,174.0,33.05659497038537,33.11033138047672,0.0,0.0,
sin,1.0,1,175.0,33.19205614862372,33.24441082218115,0.0,0.0,0.0
sin,1.0,1,176.0,33.32604116193513,33.377052675746064,0.0,0.0,
sin,1.0,1,177.0,33.45856595613394,33.50827168398498,0.0,0.0,
sin,1.0,1,178.0,33.58964631059452,33.638082466213014,0.0,0.0,
sin,1.0,1,179.0,33.71929783971146,33.76649951793027,0.0,0.0,
sin,1.0,1,180.0,33.847535994362865,33.89353721059292,0.0,0.0,0.0
sin,1.0,1,181.0,33.97437606337432,34.019209791466245,0.0,0.0,
sin,1.0,1,182.0,34.099833174984056,34.143531383554155,0.0,0.0,
sin,1.0,1,183.0,34.22392229830709,34.26651598560015,0.0,0.0,
sin,1.0,1,184.0,34.34665824479833,34.388177472155014,0.0,0.0,
sin,1.0,1,185.0,34.46805566971327,34.50852959370681,0.0,0.0,0.0
sin,1.0,1,186.0,34.58812907356612,34.62758597686897,0.0,0.0,
sin,1.0,1,187.0,34.70689280358353,34.74536012462262,0.0,0.0,
sin,1.0,1,188.0,34.8243610551549,34.86186541660943,0.0,0.0,
sin,1.0,1,189.0,34.940547873277445,34.97711510947169,0.0,0.0,
sin,1.0,1,190.0,35.055467153995544,35.091122337236214,0.0,0.0,0.0
sin,1.0,1,191.0,35.16913264583469,35.203900111739195,0.0,0.0,
sin,1.0,1,192.0,35.28155795122865,35.31546132308909,0.0,0.0,
sin,1.0,1,193.0,35.39275652794001,35.42581874016493,0.0,0.0,
sin,1.0,1,194.0,35.50274169047347,35.534985011147455,0.0,0.0,
sin,1.0,1,195.0,35.61152661148138,35.6429726640809,0.0,0.0,0.0
sin,1.0,1,196.0,35.71912432316147,35.74979410746301,0.0,0.0,
sin,1.0,1,197.0,35.82554771864677,35.85546163086135,0.0,0.0,
sin,1.0,1,198.0,35.93080955338625,35.95998740555386,0.0,0.0,
sin,1.0,1,199.0,36.03492244651731,36.063383485192006,0.0,0.0,
sin,1.0,1,200.0,36.137898882229045,36.165661806484486,0.0,0.0,0.0
sin,1.0,1,201.0,36.23975121111667,36.266834189900116,0.0,0.0,
sin,1.0,1,202.0,36.34049165152585,36.36691234038835,0.0,0.0,
sin,1.0,1,203.0,36.44013229088824,36.46590784811581,0.0,0.0,
sin,1.0,1,204.0,36.53868508704709,36.56383218921768,0.0,0.0,
sin,1.0,1,205.0,36.636161869572724,36.660696726562556,0.0,0.0,0.0
sin,1.0,1,206.0,36.73257434106823,36.75651271052965,0.0,0.0,
sin,1.0,1,207.0,36.827934078465596,36.85129127979703,0.0,0.0,
sin,1.0,1,208.0,36.92225253431079,36.94504346214016,0.0,0.0,
sin,1.0,1,209.0,37.01554103803898,37.037780175239334,0.0,0.0,
sin,1.0,1,210.0,37.10781079723997,37.12951222749539,0.0,0.0,0.0
sin,1.0,1,211.0,37.19907289891229,37.220250318852656,0.0,0.0,
sin,1.0,1,212.0,37.289338310707706,37.310005041628294,0.0,0.0,
sin,1.0,1,213.0,37.378617882164455,37.398786881347334,0.0,0.0,
sin,1.0,1,214.0,37.46692234593108,37.486606217582526,0.0,0.0,
sin,1.0,1,215.0,37.55426231897842,37.57347332479846,0.0,0.0,0.0
sin,1.0,1,216.0,37.64064830380207,37.65939837319916,0.0,0.0,
sin,1.0,1,217.0,37.72609068961387,37.744391429578656,0.0,0.0,
sin,1.0,1,218.0,37.81059975352271,37.828462458173796,0.0,0.0,
sin,1.0,1,219.0,37.89418566170536,37.91162132151892,0.0,0.0,
sin,1.0,1,220.0,37.97685847056594,37.99387778130179,0.0,0.0,0.0
sin,1.0,1,221.0,38.058628127885484,38.07524149922021,0.0,0.0,
sin,1.0,1,222.0,38.13950447396054,38.15572203783908,0.0,0.0,
sin,1.0,1,223.0,38.21949724273177,38.23532886144725,0.0,0.0,
sin,1.0,1,224.0,38.29861606290187,38.31407133691391,0.0,0.0,
sin,1.0,1,225.0,38.37687045904242,38.391958734544055,0.0,0.0,0.0
sin,1.0,1,226.0,38.45426985269164,38.46900022893268,0.0,0.0,
sin,1.0,1,227.0,38.53082356344068,38.545204899817406,0.0,0.0,
sin,1.0,1,228.0,38.606540810009776,38.62058173292922,0.0,0.0,
sin,1.0,1,229.0,38.68143071131476,38.69513962084094,0.0,0.0,
sin,1.0,1,230.0,38.75550228752277,38.76888736381328,0.0,0.0,0.0
sin,1.0,1,231.0,38.82876446109757,38.84183367063806,0.0,0.0,
sin,1.0,1,232.0,38.901226057835544,38.91398715947861,0.0,0.0,
sin,1.0,1,233.0,38.97289580789103,38.98535635870673,0.0,0.0,
sin,1.0,1,234.0,39.04378234679162,39.055949707736424,0.0,0.0,
sin,1.0,1,235.0,39.11389421644385,39.12577555785387,0.0,0.0,0.0
sin,1.0,1,236.0,39.18323986612874,39.19484217304363,0.0,0.0,
sin,1.0,1,237.0,39.25182765348763,39.26315773081089,0.0,0.0,
sin,1.0,1,238.0,39.319665845498015,39.330730322999436,0.0,0.0,
sin,1.0,1,239.0,39.38676261944029,39.39756795660549,0.0,0.0,
sin,1.0,1,240.0,39.45312606385384,39.46367855458699,0.0,0.0,0.0
sin,1.0,1,241.0,39.518764179484734,39.52906995666826,0.0,0.0,
sin,1.0,1,242.0,39.583684880223004,39.5937499201401,0.0,0.0,
sin,1.0,1,243.0,39.64789599403075,39.65772612065498,0.0,0.0,
sin,1.0,1,244.0,39.71140526386126,39.721006153017335,0.0,0.0,
sin,1.0,1,245.0,39.77422034856827,39.78359753196886,0.0,0.0,0.0
sin,1.0,1,246.0,39.836348823806645,39.845507692968674,0.0,0.0,
sin,1.0,1,247.0,39.897798182922884,39.90674399296839,0.0,0.0,
sin,1.0,1,248.0,39.958575837838026,39.967313711181774,0.0,0.0,
sin,1.0,1,249.0,40.01868911991999,40.02722404984927,0.0,0.0,
sin,1.0,1,250.0,40.07814528084832,40.086482134996984,0.0,0.0,0.0
sin,1.0,1,251.0,40.13695149346918,40.14509501719033,0.0,0.0,
sin,1.0,1,252.0,40.19511485264173,40.20306967228209,0.0,0.0,
sin,1.0,1,253.0,40.25264237607654,40.26041300215507,0.0,0.0,
sin,1.0,1,254.0,40.309541005163965,40.317131835459044,0.0,0.0,
sin,1.0,1,255.0,40.36581760579539,40.37323292834218,0.0,0.0,0.0
sin,1.0,1,256.0,40.42147896917511,40.42872296517679,0.0,0.0,
sin,1.0,1,257.0,40.476531812624025,40.483608559279396,0.0,0.0,
sin,1.0,1,258.0,40.530982780375275,40.53789625362513,0.0,0.0,
sin,1.0,1,259.0,40.58483844436076,40.59159252155643,0.0,0.0,
sin,1.0,1,260.0,40.63810530499095,40.64470376748598,0.0,0.0,0.0
sin,1.0,1,261.0,40.69078979192493,40.697236327593934,0.0,0.0,
sin,1.0,1,262.0,40.742898264833514,40.749196470519394,0.0,0.0,
sin,1.0,1,263.0,40.79443701415416,40.8005903980461,0.0,0.0,
sin,1.0,1,264.0,40.84541226183755,40.85142424578241,0.0,0.0,
sin,1.0,1,265.0,40.89583016208689,40.90170408383553,0.0,0.0,0.0
sin,1.0,1,266.0,40.94569680208931,40.95143591747991,0.0,0.0,
sin,1.0,1,267.0,40.99501820273939,41.00062568781998,0.0,0.0,
sin,1.0,1,268.0,41.04380031935514,41.049279272447116,0.0,0.0,
sin,1.0,1,269.0,41.092049042386805,41.097402486090814,0.0,0.0,
sin,1.0,1,270.0,41.13977019811781,41.14500108126424,0.0,0.0,0.0
sin,1.0,1,271.0,41.18696954935812,41.19208074890401,0.0,0.0,
sin,1.0,1,272.0,41.23365279613116,41.23864711900427,0.0,0.0,
sin,1.0,1,273.0,41.27982557635254,41.28470576124513,0.0,0.0,
sin,1.0,1,274.0,41.325493466502024,41.33026218561539,0.0,0.0,
sin,1.0,1,275.0,41.37066198228847,41.37532184302969,0.0,0.0,0.0
sin,1.0,1,276.0,41.41533657930752,41.419890125939986,0.0,0.0,
sin,1.0,1,277.0,41.459522653692325,41.46397236894144,0.0,0.0,
sin,1.0,1,278.0,41.503225542757804,41.50757384937276,0.0,0.0,
sin,1.0,1,279.0,41.54645052563735,41.55069978791095,0.0,0.0,
sin,1.0,1,280.0,41.589202823913155,41.593355349160575,0.0,0.0,0.0
sin,1.0,1,281.0,41.63148760224008,41.6355456422375,0.0,0.0,
sin,1.0,1,282.0,41.67330996896245,41.677275721347186,0.0,0.0,
sin,1.0,1,283.0,41.71467497672444,41.7185505863575,0.0,0.0,
sin,1.0,1,284.0,41.755587623074085,41.75937518336619,0.0,0.0,
sin,1.0,1,285.0,41.79605285106057,41.7997544052629,0.0,0.0,0.0
sin,1.0,1,286.0,41.836075549825686,41.83969309228589,0.0,0.0,
sin,1.0,1,287.0,41.875660555188084,41.87919603257341,0.0,0.0,
sin,1.0,1,288.0,41.9148126502223,41.91826796270979,0.0,0.0,
sin,1.0,1,289.0,41.95353656583097,41.95691356826631,0.0,0.0,
sin,1.0,1,290.0,41.991836981310904,41.99513748433679,0.0,0.0,0.0
sin,1.0,1,291.0,42.02971852491347,42.03294429606808,0.0,0.0,
sin,1.0,1,292.0,42.06718577439885,42.07033853918532,0.0,0.0,
sin,1.0,1,293.0,42.10424325758398,42.10732470051213,0.0,0.0,
sin,1.0,1,294.0,42.14089545288527,42.14390721848568,0.0,0.0,
sin,1.0,1,295.0,42.17714678985509,42.18009048366681,0.0,0.0,0.0
sin,1.0,1,296.0,42.213001649712496,42.21587883924501,0.0,0.0,
sin,1.0,1,297.0,42.24846436586842,42.25127658153851,0.0,0.0,
sin,1.0,1,298.0,42.28353922444528,42.286287960489474,0.0,0.0,
sin,1.0,1,299.0,42.31823046479059,42.320917180154154,0.0,0.0,
sin,1.5,0,0.0,1.4789489514914178,10.6054320682336,1.0566552058644556,0.49634067321601966,1.106068874928602
sin,1.5,0,1.0,1.4770693469553835,10.590733068656496,0.9584370822617571,0.4094917692056951,
sin,1.5,0,2.0,1.4828409854640976,10.568444076697432,0.8950422368907599,0.35862037238275735,
sin,1.5,0,3.0,1.5532836274501896,10.541881397207545,0.9708558986043101,0.4240756143135551,
sin,1.5,0,4.0,1.5814349703253643,10.513692277137807,1.1288409014314535,0.5764013043082002,
sin,1.5,0,5.0,1.5771749350777682,10.490960233370462,0.949496950949151,0.4095686169909852,1.0598752253094996
sin,1.5,0,6.0,1.5972631077518744,10.470787986160333,0.9649713339880218,0.4246587690383389,
sin,1.5,0,7.0,1.6063311968914864,10.44644694016664,1.0795230912615734,0.5339451816260566,
sin,1.5,0,8.0,1.600854137265137,10.423874542918968,0.8941818319673401,0.36792842047427937,
sin,1.5,0,9.0,1.6515183504411153,10.404758869120474,0.8460274916757893,0.33057873690260925,
sin,1.5,0,10.0,1.708369300641182,10.382783136659997,0.9880672805834705,0.4528094421073958,1.1747067263064812
sin,1.5,0,11.0,1.7094231248137601,10.359170087641736,1.0341988618037687,0.49834279956084243,
sin,1.5,0,12.0,1.708165913376795,10.340500615046832,0.8257962649154897,0.31888398102053034,
sin,1.5,0,13.0,1.7458548846496849,10.321462142147999,0.9591593798667929,0.4317865527588636,
sin,1.5,0,14.0,1.7423550155776144,10.299094005608554,1.015738416013575,0.4863352134865952,
sin,1.5,0,15.0,1.7349486135483032,10.280223640110448,0.7933055404461375,0.2977459439419539,0.7854449532679396
sin,1.5,0,16.0,1.8102045652075127,10.264243863632583,0.87042848629814,0.35956902478676633,
sin,1.5,0,17.0,1.8621035049708499,10.24509762310313,1.0172752439233135,0.49296348792494,
sin,1.5,0,18.0,1.8132149395449755,10.225006003119072,0.9513412369408932,0.4328281568816355,
sin,1.5,0,19.0,1.8198624235521108,10.208391920048285,0.8259349923342397,0.3273007998119795,
sin,1.5,0,20.0,1.8637865111611553,10.19091835274826,0.9777695528123224,0.46027393201299455,1.559844152266894
sin,1.5,0,21.0,1.6961696551860406,10.171551999426805,0.9463802485903288,0.4328395058784016,
sin,1.5,0,22.0,1.7313347021555547,10.156141401620015,0.7123107489212992,0.2459526593264929,
sin,1.5,0,23.0,1.9611754447567358,10.143358963107211,0.8443035650092616,0.34642056082960687,
sin,1.5,0,24.0,1.9841568276096775,10.12816554194942,0.9573604255643668,0.44674465398880925,
sin,1.5,0,25.0,1.9553466342183445,10.109902535987002,0.9841160916984231,0.4737712830882201,1.2110597541565942
sin,1.5,0,26.0,1.9701806711831589,10.090948622160347,0.9222161344431875,0.41761053546397114,
sin,1.5,0,27.0,1.9846621964142317,10.072366254484447,0.8985256529009755,0.3978945101474185,
sin,1.5,0,28.0,1.9998730911478027,10.057380644999665,0.6550128356101155,0.2120800663891378,
sin,1.5,0,29.0,2.187756909450033,10.051245075985175,0.6977833918825687,0.2409747489928195,
sin,1.5,0,30.0,2.4397034533959934,10.047511654469588,0.7630663113708238,0.28838822745858067,1.1591103704358143
sin,1.5,0,31.0,2.6049356959064918,10.043520945336837,0.7082297692941393,0.2486259070002516,
sin,1.5,0,32.0,2.792992265805891,10.041770943703744,0.5951156344798261,0.17561115637178257,
sin,1.5,0,33.0,3.0547934794110745,10.048788275045325,0.48757437703296885,0.1177129819841097,
sin,1.5,0,34.0,3.373223056025849,10.071904235308228,0.4724076574860196,0.10999696087036064,
sin,1.5,0,35.0,3.7075038659992163,10.109737938138753,0.45581828562101184,0.10164211535441442,0.5835719011507043
sin,1.5,0,36.0,4.035345760219085,10.158608002228656,0.4019507281587225,0.07827935516137892,
sin,1.5,0,37.0,4.365920335473525,10.21851101519338,0.4223480629249432,0.08541532207212468,
sin,1.5,0,38.0,4.708804948535041,10.29289453508286,0.2995479448252768,0.042347487372009954,
sin,1.5,0,39.0,5.066188884500191,10.383509177676402,0.26089066844954933,0.03156449119990859,
sin,1.5,0,40.0,5.43558614333517,10.490488565478916,0.24463453410725824,0.027190306569516688,0.2726429398562249
sin,1.5,0,41.0,5.811443859682202,10.612471403684916,0.2505147473718992,0.02786143831171501,
sin,1.5,0,42.0,6.1881759266953775,10.747573561084856,0.2728941844596358,0.032235745109620934,
sin,1.5,0,43.0,6.565359199477706,10.895732227987898,0.2089743768836729,0.018392604792304406,
sin,1.5,0,44.0,6.945824125308217,11.057800274948507,0.19569226500438147,0.015659570315494153,
sin,1.5,0,45.0,7.328601755478459,11.232658747004692,0.1372908821616795,0.007469443825164729,0.09283962603473064
sin,1.5,0,46.0,7.712984574892911,11.419364630477354,0.02016370506759404,0.00015589306509698544,
sin,1.5,0,47.0,8.098326307484566,11.617235060085253,0.004260196421603896,6.723937951797126e-06,
sin,1.5,0,48.0,8.48321190345046,11.82515325444085,0.005568858639655355,1.108890942717764e-05,
sin,1.5,0,49.0,8.866691941485817,12.042044378749761,0.0027463640062549265,2.6006730353126594e-06,
sin,1.5,0,50.0,9.248271391484442,12.266959446433173,0.002493435628073492,2.0658199477092857e-06,0.002056742516181221
sin,1.5,0,51.0,9.627599356035049,12.4990110025181,0.0016184509091691798,8.383353231208121e-07,
sin,1.5,0,52.0,10.004425802653765,12.737387772790177,0.0001853793692300303,1.0590880394773316e-08,
sin,1.5,0,53.0,10.378563917955338,12.981346719703383,1.6825661970031452e-05,8.399913701213654e-11,
sin,1.5,0,54.0,10.74985661148184,13.230197665987035,2.27182032149316e-05,1.4742980757567257e-10,
sin,1.5,0,55.0,11.118181771933966,13.483308239701195,1.6513942473975825e-05,7.500299626718828e-11,1.3386969953644308e-05
sin,1.5,0,56.0,11.483445169070222,13.740100522529028,9.668396408383432e-06,2.4757060672099967e-11,
sin,1.5,0,57.0,11.84557283145306,14.00004581097405,9.90015917307518e-06,2.500319138154753e-11,
sin,1.5,0,58.0,12.20450662899537,14.26266056752442,1.8637413101399245e-06,8.537685916934896e-13,
sin,1.5,0,59.0,12.56020145909666,14.527502963602384,1.3400793793991988e-07,4.254505681094558e-15,
sin,1.5,0,60.0,12.91262294280648,14.794169520323837,1.2383927490127526e-07,3.5035282501398373e-15,1.6857578563284317e-07
sin,1.5,0,61.0,13.261745793123673,15.062292108421385,1.2736933766883443e-07,3.575342518973452e-15,
sin,1.5,0,62.0,13.607552442282792,15.331535092379248,5.651761472357365e-08,6.794638734969198e-16,
sin,1.5,0,63.0,13.950031878090984,15.60159263298263,7.205874448704472e-08,1.066609673542739e-15,
sin,1.5,0,64.0,14.289178677210494,15.87218617850842,2.367413673453431e-08,1.1123585812281388e-16,
sin,1.5,0,65.0,14.624992198353025,16.14306214317108,1.9223718699678844e-09,7.0904365134533355e-19,2.355712295976391e-09
sin,1.5,0,66.0,14.95747589974857,16.41398976254407,8.869681920459091e-10,1.4600165517622965e-19,
sin,1.5,0,67.0,15.286636761334643,16.68475912117333,1.20092421646007e-09,2.5903671680850995e-19,
sin,1.5,0,68.0,15.612484792774222,16.955179342804588,5.773265824549097e-10,5.797067241274578e-20,
sin,1.5,0,69.0,15.935032612697388,17.225076933270373,6.276207722256728e-10,6.638076934861621e-20,
sin,1.5,0,70.0,16.254295087936573,17.494294266161877,3.5941264897033004e-10,2.1103955589613737e-20,3.5742653506818687e-10
sin,1.5,0,71.0,16.57028902330071,17.76268820099563,3.990036740074029e-11,2.5229370166347035e-22,
sin,1.5,0,72.0,16.883032893977127,18.0301288235951,8.367462963907874e-12,1.0768617283060714e-23,
sin,1.5,0,73.0,17.192546614065073,18.296498298788727,1.3942064896364244e-11,2.903275471440937e-23,
sin,1.5,0,74.0,17.498851335830427,18.561689825975943,9.290879358626684e-12,1.25270446019518e-23,
sin,1.5,0,75.0,17.801969275155326,18.825606688645657,6.797561836058829e-12,6.518960900789367e-24,7.601151978896441e-12
sin,1.5,0,76.0,18.1019235594011,19.0881613895311,6.256476599169948e-12,5.371572686333323e-24,
sin,1.5,0,77.0,18.398738094504054,19.349274863688724,1.0735172708725997e-12,1.5390711167956997e-25,
sin,1.5,0,78.0,18.692437448622663,19.608875762390387,1.2093474425859156e-13,1.9018085500578405e-27,
sin,1.5,0,79.0,18.98304675006507,19.86689980130418,2.015377071274542e-13,5.145438931536544e-27,
sin,1.5,0,80.0,19.270591597574477,20.12328916699968,1.8940763179551354e-13,4.429625560062867e-27,2.374644959702251e-13
sin,1.5,0,81.0,19.555097981332878,20.37799197634101,9.929474713263429e-14,1.1871340965160755e-27,
sin,1.5,0,82.0,19.836592213286522,20.63096178382447,1.219988391548078e-13,1.7484066584285625e-27,
sin,1.5,0,83.0,20.11510086559722,20.882157132374218,3.505373836550784e-14,1.4089252982473575e-28,
sin,1.5,0,84.0,20.390650716194283,21.13154114353021,3.323151654661439e-15,1.236539468933936e-30,
sin,1.5,0,85.0,20.663268700543778,21.379081143347904,3.5346048733245255e-15,1.3667015182954029e-30,5.616448245930006e-15
sin,1.5,0,86.0,20.932981868875196,21.624748320681014,4.462185328613147e-15,2.1289383679652056e-30,
sin,1.5,0,87.0,21.199817348207574,21.86851741483846,2.169400994000268e-15,4.920519896316061e-31,
sin,1.5,0,88.0,21.463802308605004,22.11036642989711,2.672854174795223e-15,7.306824134609622e-31,
sin,1.5,0,89.0,21.724963933166975,22.350276373214616,1.2941290305086697e-15,1.67632942359465e-31,
sin,1.5,0,90.0,21.9833293913222,22.588231015924425,1.0031189663772554e-16,9.860761315262648e-34,1.0134298183257156e-16
sin,1.5,0,91.0,22.238925815050905,22.824216673409584,1.0135988347941087e-16,9.860761315262648e-34,
sin,1.5,0,92.0,22.491780277706397,23.058222003945456,1.448141619162042e-16,1.9721522630525296e-33,
sin,1.5,0,93.0,22.74191977514809,23.290237823875998,1.0342943312425132e-16,9.860761315262648e-34,
sin,1.5,0,94.0,22.98937120893389,23.52025693784538,0.0,0.0,
sin,1.5,0,95.0,23.23416137134958,23.748273982748223,0.0,0.0,0.0
sin,1.5,0,96.0,23.47631693207902,23.974285284189296,0.0,0.0,
sin,1.5,0,97.0,23.715864426343085,24.198288724358125,0.0,0.0,
sin,1.5,0,98.0,23.95283024435397,24.42028362032737,0.0,0.0,
sin,1.5,0,99.0,24.187240621949762,24.64027061187689,0.0,0.0,
sin,1.5,0,100.0,24.419121632289478,24.85825155802917,0.0,0.0,0.0
sin,1.5,0,101.0,24.64849917850078,25.07422944155739,0.0,0.0,
sin,1.5,0,102.0,24.875398987186983,25.288208280795413,0.0,0.0,
sin,1.5,0,103.0,25.099846602707007,25.500193048140442,0.0,0.0,
sin,1.5,0,104.0,25.321867382153762,25.710189594694455,0.0,0.0,
sin,1.5,0,105.0,25.54148649096294,25.9182045805405,0.0,0.0,0.0
sin,1.5,0,106.0,25.758728899091146,26.124245410195183,0.0,0.0,
sin,1.5,0,107.0,25.97361937771052,26.328320172819396,0.0,0.0,
sin,1.5,0,108.0,26.186182496369064,26.53043758680632,0.0,0.0,
sin,1.5,0,109.0,26.39644262057488,26.730606948399085,0.0,0.0,
sin,1.5,0,110.0,26.604423909762975,26.92883808402069,0.0,0.0,0.0
sin,1.5,0,111.0,26.810150315610905,27.125141306026315,0.0,0.0,
sin,1.5,0,112.0,27.013645580669372,27.31952737161276,0.0,0.0,
sin,1.5,0,113.0,27.214933237280324,27.512007444642524,0.0,0.0,
sin,1.5,0,114.0,27.41403660675527,27.702593060160293,0.0,0.0,
sin,1.5,0,115.0,27.61097879879058,27.89129609139835,0.0,0.0,0.0
sin,1.5,0,116.0,27.805782711098285,28.078128719084226,0.0,0.0,
sin,1.5,0,117.0,27.99847102923215,28.263103402879274,0.0,0.0,
sin,1.5,0,118.0,28.189066226592825,28.446232854790903,0.0,0.0,
sin,1.5,0,119.0,28.377590564593792,28.62753001441392,0.0,0.0,
sin,1.5,0,120.0,28.564066092975615,28.807008025868083,0.0,0.0,0.0
sin,1.5,0,121.0,28.74851465025358,28.98468021630951,0.0,0.0,
sin,1.5,0,122.0,28.930957864287414,29.160560075903312,0.0,0.0,
sin,1.5,0,123.0,29.111417152961312,29.334661239153743,0.0,0.0,
sin,1.5,0,124.0,29.289913724964848,29.50699746749606,0.0,0.0,
sin,1.5,0,125.0,29.46646858066525,29.677582633061846,0.0,0.0,0.0
sin,1.5,0,126.0,29.64110251306198,29.846430703536296,0.0,0.0,
sin,1.5,0,127.0,29.813836108816613,30.013555728032088,0.0,0.0,
sin,1.5,0,128.0,29.98468974935101,30.17897182391024,0.0,0.0,
sin,1.5,0,129.0,30.15368361200629,30.34269316448354,0.0,0.0,
sin,1.5,0,130.0,30.32083767125779,30.504733967542915,0.0,0.0,0.0
sin,1.5,0,131.0,30.486171699979735,30.665108484651526,0.0,0.0,
sin,1.5,0,132.0,30.64970527075518,30.823830991155408,0.0,0.0,
sin,1.5,0,133.0,30.811457757225835,30.9809157768632,0.0,0.0,
sin,1.5,0,134.0,30.971448335478684,31.136377137350934,0.0,0.0,
sin,1.5,0,135.0,31.129695985464195,31.29022936585102,0.0,0.0,0.0
sin,1.5,0,136.0,31.286219492443635,31.442486745687415,0.0,0.0,
sin,1.5,0,137.0,31.441037448461405,31.593163543221728,0.0,0.0,
sin,1.5,0,138.0,31.59416825384014,31.742274001277437,0.0,0.0,
sin,1.5,0,139.0,31.74563011869472,31.88983233301162,0.0,0.0,
sin,1.5,0,140.0,31.895441064463633,32.03585271620589,0.0,0.0,0.0
sin,1.5,0,141.0,32.04361892545487,32.1803492879499,0.0,0.0,
sin,1.5,0,142.0,32.19018135040426,32.32333613969295,0.0,0.0,
sin,1.5,0,143.0,32.33514580404376,32.46482731264043,0.0,0.0,
sin,1.5,0,144.0,32.47852956867878,32.60483679347385,0.0,0.0,
sin,1.5,0,145.0,32.620349745771904,32.74337851037439,0.0,0.0,0.0
sin,1.5,0,146.0,32.76062325753225,32.880466329331114,0.0,0.0,
sin,1.5,0,147.0,32.89936684850792,33.01611405071653,0.0,0.0,
sin,1.5,0,148.0,33.036597087181846,33.150335406113214,0.0,0.0,
sin,1.5,0,149.0,33.172330367567476,33.28314405537594,0.0,0.0,
sin,1.5,0,150.0,33.306582910806,33.41455358391542,0.0,0.0,0.0
sin,1.5,0,151.0,33.439370766761265,33.54457750018988,0.0,0.0,
sin,1.5,0,152.0,33.570709815613434,33.67322923339235,0.0,0.0,
sin,1.5,0,153.0,33.70061576944955,33.80052213132154,0.0,0.0,
sin,1.5,0,154.0,33.829104173850425,33.92646945842573,0.0,0.0,
sin,1.5,0,155.0,33.95619040947283,34.05108439400891,0.0,0.0,0.0
sin,1.5,0,156.0,34.08188969362681,34.17438003058998,0.0,0.0,
sin,1.5,0,157.0,34.20621708184725,34.29636937240552,0.0,0.0,
sin,1.5,0,158.0,34.32918746945865,34.417065334047926,0.0,0.0,
sin,1.5,0,159.0,34.45081559313308,34.536480739230754,0.0,0.0,
sin,1.5,0,160.0,34.57111603244116,34.65462831967381,0.0,0.0,0.0
sin,1.5,0,161.0,34.69010321139448,34.77152071410097,0.0,0.0,
sin,1.5,0,162.0,34.80779139998004,34.88717046734399,0.0,0.0,
sin,1.5,0,163.0,34.92419471568611,35.00159002954624,0.0,0.0,
sin,1.5,0,164.0,35.03932712501875,35.1147917554603,0.0,0.0,
sin,1.5,0,165.0,35.153202445009185,35.22678790383408,0.0,0.0,0.0
sin,1.5,0,166.0,35.26583434471161,35.337590636880115,0.0,0.0,
sin,1.5,0,167.0,35.37723634669053,35.44721201982329,0.0,0.0,
sin,1.5,0,168.0,35.48742182849893,35.555664020522215,0.0,0.0,
sin,1.5,0,169.0,35.59640402414515,35.662958509160084,0.0,0.0,
sin,1.5,0,170.0,35.704196025549734,35.769107258000815,0.0,0.0,0.0
sin,1.5,0,171.0,35.81081078399159,35.87412194120661,0.0,0.0,
sin,1.5,0,172.0,35.916261111542674,35.97801413471344,0.0,0.0,
sin,1.5,0,173.0,36.02055968249255,36.08079531616076,0.0,0.0,
sin,1.5,0,174.0,36.1237190347612,36.1824768648725,0.0,0.0,
sin,1.5,0,175.0,36.225751571300734,36.283070061886065,0.0,0.0,0.0
sin,1.5,0,176.0,36.32666956148587,36.382586090026635,0.0,0.0,
sin,1.5,0,177.0,36.42648514249305,36.481036034023845,0.0,0.0,
sin,1.5,0,178.0,36.52521032066791,36.57843088066844,0.0,0.0,
sin,1.5,0,179.0,36.622856972881166,36.674781519006444,0.0,0.0,
sin,1.5,0,180.0,36.71943684787349,36.77009874056841,0.0,0.0,0.0
sin,1.5,0,181.0,36.81496156758806,36.86439323963179,0.0,0.0,
sin,1.5,0,182.0,36.909442628491895,36.95767561351426,0.0,0.0,
sin,1.5,0,183.0,37.00289140288564,37.04995636289602,0.0,0.0,
sin,1.5,0,184.0,37.095319140201326,37.141245892169344,0.0,0.0,
sin,1.5,0,185.0,37.18673696828873,37.23155450981355,0.0,0.0,0.0
sin,1.5,0,186.0,37.27715589469034,37.320892428793854,0.0,0.0,
sin,1.5,0,187.0,37.36658680790385,37.40926976698241,0.0,0.0,
sin,1.5,0,188.0,37.4550404786343,37.496696547600244,0.0,0.0,
sin,1.5,0,189.0,37.54252756103342,37.583182699678524,0.0,0.0,
sin,1.5,0,190.0,37.629058593928264,37.668738058537954,0.0,0.0,0.0
sin,1.5,0,191.0,37.71464400203757,37.75337236628505,0.0,0.0,
sin,1.5,0,192.0,37.79929409717766,37.83709527232407,0.0,0.0,
sin,1.5,0,193.0,37.88301907945578,37.919916333883464,0.0,0.0,
sin,1.5,0,194.0,37.96582903845272,38.001845016555876,0.0,0.0,
sin,1.5,0,195.0,38.04773395439406,38.08289069485065,0.0,0.0,0.0
sin,1.5,0,196.0,38.12874369930993,38.16306265275783,0.0,0.0,
sin,1.5,0,197.0,38.208868038183425,38.24237008432291,0.0,0.0,
sin,1.5,0,198.0,38.28811663008819,38.32082209423127,0.0,0.0,
sin,1.5,0,199.0,38.36649902931452,38.398427698401726,0.0,0.0,
sin,1.5,0,200.0,38.44402468648478,38.475195824588255,0.0,0.0,0.0
sin,1.5,0,201.0,38.5207029496576,38.551135312989246,0.0,0.0,
sin,1.5,0,202.0,38.59654306542103,38.62625491686357,0.0,0.0,
sin,1.5,0,203.0,38.671554179975104,38.70056330315286,0.0,0.0,
sin,1.5,0,204.0,38.74574534020357,38.77406905310938,0.0,0.0,
sin,1.5,0,205.0,38.8191254947348,38.84678066292875,0.0,0.0,0.0
sin,1.5,0,206.0,38.89170349499208,38.9187065443873,0.0,0.0,
sin,1.5,0,207.0,38.963488096233284,38.98985502548319,0.0,0.0,
sin,1.5,0,208.0,39.034487958580655,39.06023435108099,0.0,0.0,
sin,1.5,0,209.0,39.10471164803886,39.12985268355928,0.0,0.0,
sin,1.5,0,210.0,39.174167637504425,39.198718103460585,0.0,0.0,0.0
sin,1.5,0,211.0,39.24286430776328,39.26683861014363,0.0,0.0,
sin,1.5,0,212.0,39.3108099484794,39.334222122437076,0.0,0.0,
sin,1.5,0,213.0,39.37801275917253,39.40087647929472,0.0,0.0,
sin,1.5,0,214.0,39.444480850186494,39.46680944045157,0.0,0.0,
sin,1.5,0,215.0,39.510222243647085,39.53202868708054,0.0,0.0,0.0
sin,1.5,0,216.0,39.57524487441033,39.59654182244955,0.0,0.0,
sin,1.5,0,217.0,39.63955659100111,39.660356372578505,0.0,0.0,
sin,1.5,0,218.0,39.703165156541914,39.72347978689605,0.0,0.0,
sin,1.5,0,219.0,39.766078249671985,39.785919438895775,0.0,0.0,
sin,1.5,0,220.0,39.82830346545723,39.847682626791624,0.0,0.0,0.0
sin,1.5,0,221.0,39.88984831629011,39.90877657417225,0.0,0.0,
sin,1.5,0,222.0,39.950720232780924,39.969208430654064,0.0,0.0,
sin,1.5,0,223.0,40.01092656463932,40.02898527253288,0.0,0.0,
sin,1.5,0,224.0,40.07047458154666,40.08811410343377,0.0,0.0,
sin,1.5,0,225.0,40.12937147401939,40.14660185495915,0.0,0.0,0.0
sin,1.5,0,226.0,40.1876243542637,40.20445538733472,0.0,0.0,
sin,1.5,0,227.0,40.245240257020406,40.26168149005322,0.0,0.0,
sin,1.5,0,228.0,40.302226140402,40.318286882515835,0.0,0.0,
sin,1.5,0,229.0,40.358588886719836,40.374278214670966,0.0,0.0,
sin,1.5,0,230.0,40.41433530330383,40.42966206765043,0.0,0.0,0.0
sin,1.5,0,231.0,40.469472123312514,40.48444495440283,0.0,0.0,
sin,1.5,0,232.0,40.524006006535124,40.538633320323925,0.0,0.0,
sin,1.5,0,233.0,40.57794354018484,40.59223354388403,0.0,0.0,
sin,1.5,0,234.0,40.63129123968449,40.64525193725225,0.0,0.0,
sin,1.5,0,235.0,40.68405554944271,40.697694746917435,0.0,0.0,0.0
sin,1.5,0,236.0,40.736242843622954,40.74956815430579,0.0,0.0,
sin,1.5,0,237.0,40.78785942690375,40.800878276395025,0.0,0.0,
sin,1.5,0,238.0,40.8389115352314,40.851631166325035,0.0,0.0,
sin,1.5,0,239.0,40.88940533656418,40.90183281400492,0.0,0.0,
sin,1.5,0,240.0,40.93934693160903,40.95148914671636,0.0,0.0,0.0
sin,1.5,0,241.0,40.98874235455027,41.00060602971325,0.0,0.0,
sin,1.5,0,242.0,41.03759757377067,41.04918926681756,0.0,0.0,
sin,1.5,0,243.0,41.08591849256464,41.09724460101122,0.0,0.0,
sin,1.5,0,244.0,41.13371094984415,41.144777715024304,0.0,0.0,
sin,1.5,0,245.0,41.18098072083675,41.19179423191906,0.0,0.0,0.0
sin,1.5,0,246.0,41.22773351777667,41.238299715670024,0.0,0.0,
sin,1.5,0,247.0,41.273974990587966,41.28429967174012,0.0,0.0,
sin,1.5,0,248.0,41.31971072756072,41.329799547652605,0.0,0.0,
sin,1.5,0,249.0,41.36494625602007,41.37480473355897,0.0,0.0,
sin,1.5,0,250.0,41.40968704298788,41.41932056280266,0.0,0.0,0.0
sin,1.5,0,251.0,41.453938495837455,41.46335231247868,0.0,0.0,
sin,1.5,0,252.0,41.4977059629414,41.50690520398892,0.0,0.0,
sin,1.5,0,253.0,41.54099473431197,41.54998440359337,0.0,0.0,
sin,1.5,0,254.0,41.58381004223555,41.59259502295704,0.0,0.0,
sin,1.5,0,255.0,41.62615706189932,41.634742119692675,0.0,0.0,0.0
sin,1.5,0,256.0,41.6680409120118,41.67643069789918,0.0,0.0,
sin,1.5,0,257.0,41.709466655416634,41.717665708695804,0.0,0.0,
sin,1.5,0,258.0,41.75043929969976,41.75845205075204,0.0,0.0,
sin,1.5,0,259.0,41.79096379778989,41.798794570813286,0.0,0.0,
sin,1.5,0,260.0,41.831045048552994,41.83869806422211,0.0,0.0,0.0
sin,1.5,0,261.0,41.870687897379675,41.87816727543538,0.0,0.0,
sin,1.5,0,262.0,41.909897136767256,41.91720689853698,0.0,0.0,
sin,1.5,0,263.0,41.948677506894434,41.95582157774631,0.0,0.0,
sin,1.5,0,264.0,41.98703369619065,41.9940159079225,0.0,0.0,
sin,1.5,0,265.0,42.02497034189908,42.03179443506431,0.0,0.0,0.0
sin,1.5,0,266.0,42.06249203063313,42.0691616568058,0.0,0.0,
sin,1.5,0,267.0,42.099603298927775,42.1061220229077,0.0,0.0,
sin,1.5,0,268.0,42.136308633784274,42.14267993574459,0.0,0.0,
sin,1.5,0,269.0,42.17261247320912,42.178839750787745,0.0,0.0,
sin,1.5,0,270.0,42.20851920674751,42.214605777083825,0.0,0.0,0.0
sin,1.5,0,271.0,42.244033176010745,42.24998227772927,0.0,0.0,
sin,1.5,0,272.0,42.27915867519808,42.284973470340624,0.0,0.0,
sin,1.5,0,273.0,42.31389995161288,42.31958352752045,0.0,0.0,
sin,1.5,0,274.0,42.34826120617338,42.3538165773193,0.0,0.0,
sin,1.5,0,275.0,42.382246593917436,42.38767670369335,0.0,0.0,0.0
sin,1.5,0,276.0,42.41586022450252,42.42116794695801,0.0,0.0,
sin,1.5,0,277.0,42.44910616269982,42.45429430423731,0.0,0.0,
sin,1.5,0,278.0,42.4819884288832,42.487059729909255,0.0,0.0,
sin,1.5,0,279.0,42.514510999512765,42.51946813604705,0.0,0.0,
sin,1.5,0,280.0,42.546677807613385,42.55152339285631,0.0,0.0,0.0
sin,1.5,0,281.0,42.578492743247615,42.58322932910812,0.0,0.0,
sin,1.5,0,282.0,42.60995965398418,42.6145897325682,0.0,0.0,
sin,1.5,0,283.0,42.641082345360765,42.645608350421966,0.0,0.0,
sin,1.5,0,284.0,42.671864581342206,42.67628888969566,0.0,0.0,
sin,1.5,0,285.0,42.7023100847733,42.70663501767353,0.0,0.0,0.0
sin,1.5,0,286.0,42.73242253782728,42.73665036231098,0.0,0.0,
sin,1.5,0,287.0,42.762205582448935,42.766338512644005,0.0,0.0,
sin,1.5,0,288.0,42.79166282079324,42.79570301919451,0.0,0.0,
sin,1.5,0,289.0,42.82079781565891,42.824747394371926,0.0,0.0,
sin,1.5,0,290.0,42.84961409091766,42.85347511287093,0.0,0.0,0.0
sin,1.5,0,291.0,42.878115131938664,42.881889612065365,0.0,0.0,
sin,1.5,0,292.0,42.906304386008,42.909994292398366,0.0,0.0,
sin,1.5,0,293.0,42.93418526274446,42.93779251776869,0.0,0.0,
sin,1.5,0,294.0,42.9617611345096,42.96528761591345,0.0,0.0,
sin,1.5,0,295.0,42.98903533681497,42.992482878786895,0.0,0.0,0.0
sin,1.5,0,296.0,43.01601116872298,43.01938156293578,0.0,0.0,
sin,1.5,0,297.0,43.04269189324523,43.04598688987085,0.0,0.0,
sin,1.5,0,298.0,43.06908073773525,43.072302046434885,0.0,0.0,
sin,1.5,0,299.0,43.09518089427764,43.098330185166965,0.0,0.0,
sin,1.5,1,0.0,1.5086913308032393,10.670140447300653,1.1043335182681915,0.535587262899038,1.1262746901596474
sin,1.5,1,1.0,1.5064761806929379,10.65540193218717,1.0065074346933591,0.44613295609449966,
sin,1.5,1,2.0,1.5033266129578282,10.633177205113139,0.8843234729870889,0.34583282064857906,
sin,1.5,1,3.0,1.505225888201452,10.609231608893078,0.8898476299040052,0.35174945995283374,
sin,1.5,1,4.0,1.5140289526478008,10.583431530449932,0.9679626682910688,0.41824832609337714,
sin,1.5,1,5.0,1.5204314310135825,10.556030729378067,1.0354206503207424,0.481063445210736,1.1606886089666826
sin,1.5,1,6.0,1.5351333896668613,10.533115797368682,0.9152900934185997,0.3775494227651545,
sin,1.5,1,7.0,1.5402043045110678,10.512443758843078,0.951590793467185,0.40969729531926874,
sin,1.5,1,8.0,1.5378019228031659,10.488395759367183,1.0152280035788854,0.46846704917210674,
sin,1.5,1,9.0,1.5480367994407713,10.46554833733599,0.868596631509429,0.3444152002120153,
sin,1.5,1,10.0,1.5554374243892966,10.445481929120932,0.9507289995294094,0.41421566811261584,0.9849178910588477
sin,1.5,1,11.0,1.5650403437962805,10.423340586724294,0.9605548482701877,0.4246200368018075,
sin,1.5,1,12.0,1.5954739614520619,10.4001789497557,0.9029987809773266,0.3769317392005304,
sin,1.5,1,13.0,1.6144357670043505,10.382113041249678,0.8857821917367847,0.36395893655851524,
sin,1.5,1,14.0,1.6295739304954608,10.363573840016082,0.911989111259191,0.38719542604816504,
sin,1.5,1,15.0,1.6773568420912957,10.34140192234053,0.9298455912722969,0.40423400264495024,1.107519801878191
sin,1.5,1,16.0,1.7154069681476474,10.322846137195627,0.8605177274928363,0.3474487385153854,
sin,1.5,1,17.0,1.7349748210216884,10.30638848346911,0.8691214218791024,0.35556409247980947,
sin,1.5,1,18.0,1.787521225043958,10.286715306649961,0.9320105419438924,0.4104480650126673,
sin,1.5,1,19.0,1.8425401870458005,10.2681075777062,0.8256804023229071,0.32330553328547323,
sin,1.5,1,20.0,1.871128338596112,10.253206191614975,0.8438603186847621,0.3386817169032232,1.059196834906141
sin,1.5,1,21.0,1.920804084045352,10.23661591807649,0.8885867326263703,0.37675310139669477,
sin,1.5,1,22.0,1.9880647098420672,10.218481891212278,0.8722911402509159,0.3643511695481045,
sin,1.5,1,23.0,2.028514643487024,10.20365341550492,0.8440272332705858,0.3421145354976625,
sin,1.5,1,24.0,2.0693172490879146,10.188911547197499,0.8374374140582325,0.3377684960192992,
sin,1.5,1,25.0,2.1345477676307296,10.1726177612706,0.9010343102271372,0.3922719095024326,1.3680419854295685
sin,1.5,1,26.0,2.1851968006733675,10.158262885475088,0.8520265892293136,0.3517526718261161,
sin,1.5,1,27.0,2.2214109725968485,10.14406188365836,0.8292678111946417,0.3341456723347078,
sin,1.5,1,28.0,2.2749127745233744,10.12925350354431,0.8695175125666611,0.3684442561149273,
sin,1.5,1,29.0,2.3293623367139515,10.115604662535652,0.8804704894847952,0.37880518707863353,
sin,1.5,1,30.0,2.3650469814390993,10.101590306488921,0.8966038634533458,0.39390520062569157,1.4381883896067
sin,1.5,1,31.0,2.4009448144404466,10.085759851075638,0.8353281146955801,0.34297854656364196,
sin,1.5,1,32.0,2.445868599841377,10.071858203803153,0.9078908146141625,0.4062730766002787,
sin,1.5,1,33.0,2.478977760771468,10.058440133536413,0.8808752106194486,0.383475400973175,
sin,1.5,1,34.0,2.503224762876067,10.041016975956637,0.8533652785190098,0.36114743821613887,
sin,1.5,1,35.0,2.533678630657123,10.025074034631148,0.8956841536648623,0.39912102736803495,1.6142878479498366
sin,1.5,1,36.0,2.561100210298198,10.011839622519881,0.8721558299746031,0.37942890500689025,
sin,1.5,1,37.0,2.5836034819889484,9.995934447656767,0.850701466880081,0.3621408935704087,
sin,1.5,1,38.0,2.6147185455111632,9.980461968720618,0.8630618921477143,0.37389753187691993,
sin,1.5,1,39.0,2.6485529255324143,9.968983268806515,0.8574059654989792,0.3698633268899885,
sin,1.5,1,40.0,2.677434179238119,9.956153806342307,0.8236348219876684,0.3421812506760923,1.3294556146607235
sin,1.5,1,41.0,2.7067852219687323,9.939778029025579,0.8547205986174793,0.3697132142048559,
sin,1.5,1,42.0,2.7377238938905935,9.925873794018086,0.783471106304357,0.3115146502550403,
sin,1.5,1,43.0,2.760734632019145,9.911105532293409,0.9107098919396126,0.42216858321867595,
sin,1.5,1,44.0,2.774749029360876,9.893260942829835,0.8121357678715281,0.336936726466117,
sin,1.5,1,45.0,2.8020339231351294,9.881156875741375,0.7163453415497095,0.26278422911362087,1.16911632797376
sin,1.5,1,46.0,2.866732262457443,9.882735564219727,0.6272317481348572,0.20140568248766147,
sin,1.5,1,47.0,2.9551155078522875,9.89658377115128,0.664797521874687,0.22562030281641499,
sin,1.5,1,48.0,3.054839164353615,9.918875627694975,0.6157662723790162,0.1926978680555785,
sin,1.5,1,49.0,3.1612844024411038,9.942681255189603,0.6101251789113279,0.1882785593336447,
sin,1.5,1,50.0,3.271026954480841,9.965603802426443,0.550985397213616,0.15284208299592955,1.0764807052553356
sin,1.5,1,51.0,3.3850944637462197,9.995855283679676,0.48409217726395776,0.11726980791603246,
sin,1.5,1,52.0,3.503653664007969,10.044147787102794,0.4193570788166156,0.08715890645681679,
sin,1.5,1,53.0,4.039955350739432,10.10921466729895,0.4714909183470687,0.10876316340086575,
sin,1.5,1,54.0,4.474524817544173,10.186960566260787,0.38186313656787324,0.07025807158096377,
sin,1.5,1,55.0,4.8474991012588,10.272751226400878,0.27457501793804756,0.03572058013599597,0.3427407491871295
sin,1.5,1,56.0,5.204530873118099,10.367627637572745,0.26743792989276505,0.0332703390533614,
sin,1.5,1,57.0,5.56963164199121,10.477611285669543,0.23380603348931422,0.024897564612039624,
sin,1.5,1,58.0,5.948301538170398,10.605773627083583,0.2220528551528387,0.021917853582884495,
sin,1.5,1,59.0,6.333500164195718,10.750353871149972,0.25409986440001914,0.027934014256439474,
sin,1.5,1,60.0,6.7177727445112145,10.908067707177054,0.30460194116941164,0.03898878376009028,0.5277142933040034
sin,1.5,1,61.0,7.095273622772317,11.075288148246718,0.23541442589258652,0.022590512342708462,
sin,1.5,1,62.0,7.467741642054335,11.251248930661866,0.1545398956345911,0.009432998528782254,
sin,1.5,1,63.0,7.841122071702134,11.438023223334131,0.22830573963327447,0.01992056793753392,
sin,1.5,1,64.0,8.217820015152004,11.636577641761557,0.12192287069463345,0.005488956898158471,
sin,1.5,1,65.0,8.596697068805526,11.84573757130525,0.1164262557757259,0.004830005796830715,0.2794051466181496
sin,1.5,1,66.0,8.974817273947354,12.063555771592185,0.23093695216465368,0.01832340543930876,
sin,1.5,1,67.0,9.348777955062033,12.287843487699698,0.17676898474946492,0.010347389505256245,
sin,1.5,1,68.0,9.716972483731999,12.516689102682117,0.1542472942697578,0.007593223503343223,
sin,1.5,1,69.0,10.081572534126543,12.750478230849163,0.25485441026618433,0.01997567037909478,
sin,1.5,1,70.0,10.445329817366403,12.990517758535814,0.11239111462236118,0.003742665716864611,0.24682198937838432
sin,1.5,1,71.0,10.808903682685827,13.236500803049285,0.06223110196469792,0.0011051942237292243,
sin,1.5,1,72.0,11.170963150391895,13.487097273036547,0.12681982516453616,0.0044208657327029065,
sin,1.5,1,73.0,11.530040688025771,13.741181291000187,0.2460088585192717,0.016025934273396353,
sin,1.5,1,74.0,11.884791072309552,13.997518302853136,0.24261225257646632,0.015020810823444232,
sin,1.5,1,75.0,12.23619291724549,14.256158040120578,0.05342351846192665,0.0007021501230415573,0.10762229751990943
sin,1.5,1,76.0,12.585965848391726,14.51777189410482,0.003783021980233765,3.3950626811426352e-06,
sin,1.5,1,77.0,12.93369817477408,14.781814697384606,0.0009884260429184701,2.2356450690787933e-07,
sin,1.5,1,78.0,13.278811891545528,15.047667051550528,0.0015262178380715205,5.14357063234032e-07,
sin,1.5,1,79.0,13.621027058336665,15.314870467656794,0.003979599675416883,3.3761530182623397e-06,
sin,1.5,1,80.0,13.960206364273137,15.58305340357508,0.003151064352094616,2.0444638295332653e-06,0.005954055344914071
sin,1.5,1,81.0,14.29630462832624,15.85191815400401,0.0004083605674690491,3.3181342927285184e-08,
sin,1.5,1,82.0,14.62930790218329,16.121207836371838,2.500752585671214e-05,1.2031403813820752e-10,
sin,1.5,1,83.0,14.959191978993772,16.390676686701557,4.218754125172237e-06,3.3124144197019334e-12,
sin,1.5,1,84.0,15.28594077332059,16.660101553693575,4.5189615288398015e-06,3.678679936976159e-12,
sin,1.5,1,85.0,15.609547299824682,16.92928191202762,1.3057425947083191e-05,2.9744595904229716e-11,2.3368040631409147e-05
sin,1.5,1,86.0,15.930010420392787,17.198036506464245,1.7515839683944044e-05,5.186497758580611e-11,
sin,1.5,1,87.0,16.247333205784777,17.466201048768056,3.833911042263373e-06,2.409112927560995e-12,
sin,1.5,1,88.0,16.56152202203338,17.733626464385885,2.569905634950828e-07,1.0500482243627994e-14,
sin,1.5,1,89.0,16.87258576835779,18.00017729244198,2.963584066109743e-08,1.3553483804120625e-16,
sin,1.5,1,90.0,17.180535585246012,18.26573053346666,2.022206971839614e-08,6.12840020219702e-17,3.4440974379753447e-08
sin,1.5,1,91.0,17.485384595999403,18.53017459679157,5.5217207124452665e-08,4.439763681399425e-16,
sin,1.5,1,92.0,17.78714764676039,18.79340831221455,1.1494357959050755e-07,1.870373501891846e-15,
sin,1.5,1,93.0,18.085841085361658,19.055340035616744,4.4953556538341025e-08,2.782689263188715e-16,
sin,1.5,1,94.0,18.381482571729983,19.31588683869506,3.816196456258327e-09,1.9516509498073866e-18,
sin,1.5,1,95.0,18.6740909106347,19.574973770839332,3.3351386293475135e-10,1.4514277027374433e-20,5.431194011064087e-10
sin,1.5,1,96.0,18.963685905989152,19.832533188576566,1.3963042373554216e-10,2.47841333332454e-21,
sin,1.5,1,97.0,19.250288232507696,20.08850414511666,3.1099335606814963e-10,1.1983316459122336e-20,
sin,1.5,1,98.0,19.53391932157354,20.342831833590715,8.867967439189213e-10,9.501569865080992e-20,
sin,1.5,1,99.0,19.81460125990892,20.595467079356563,6.254169297356168e-10,4.610690595057763e-20,
sin,1.5,1,100.0,20.092356699509935,20.84636587685817,7.669663618931092e-11,6.768024563486057e-22,1.1995366294762087e-10
sin,1.5,1,101.0,20.367208777442965,21.09548896687523,5.784912623653311e-12,3.759970341308452e-24,
sin,1.5,1,102.0,20.639181044336734,21.342801450431775,1.4948015752085278e-12,2.452642500181229e-25,
sin,1.5,1,103.0,20.908297400550463,21.588272435978695,2.3927589071064045e-12,6.142315318273145e-25,
sin,1.5,1,104.0,21.1745820391149,21.83187471676877,8.080163436971842e-12,6.849016840434464e-24,
sin,1.5,1,105.0,21.438059394673175,22.07358447565276,9.936741277628208e-12,1.0132398059005761e-23,1.4987244028888236e-11
sin,1.5,1,106.0,21.698754097746708,22.313381014787833,1.957945363852691e-12,3.8498195986507306e-25,
sin,1.5,1,107.0,21.9566909337319,22.55124650798862,1.4751749202742574e-13,2.139517978780351e-27,
sin,1.5,1,108.0,22.211894806108088,22.787165773668587,2.469187140792645e-14,5.870801464267923e-29,
sin,1.5,1,109.0,22.464390703399097,23.021126066516295,2.5763255730647404e-14,6.262076473257544e-29,
sin,1.5,1,110.0,22.714203669487198,23.25311688622797,8.829146005820468e-14,7.208502483535138e-28,1.2893709604179019e-13
sin,1.5,1,111.0,22.96135877692302,23.483129801778034,1.7593058981024944e-13,2.8063430880398038e-27,
sin,1.5,1,112.0,23.205881102919754,23.711158289853714,5.991495773705841e-14,3.19252994419075e-28,
sin,1.5,1,113.0,23.447795707753528,23.937197586209887,5.20882306942154e-15,2.367568791794562e-30,
sin,1.5,1,114.0,23.687127615324,24.161244548817574,6.437848800407117e-16,3.549874073494553e-32,
sin,1.5,1,115.0,23.923901795658384,24.383297531785388,4.3313437337718217e-16,1.5777218104420236e-32,6.138834850214383e-16
sin,1.5,1,116.0,24.158143149163397,24.60335626912847,1.201869354973853e-15,1.1931521191467803e-31,
sin,1.5,1,117.0,24.389876492454135,24.821421767545424,3.4171069298323617e-15,9.476191623967404e-31,
sin,1.5,1,118.0,24.619126545604818,25.037496207441293,2.1125875624034434e-15,3.5597348348098156e-31,
sin,1.5,1,119.0,24.84591792068502,25.25158285150455,2.2427910951976094e-16,3.944304526105059e-33,
sin,1.5,1,120.0,25.07027511145698,25.463685960209155,0.0,0.0,0.0
sin,1.5,1,121.0,25.29222248412657,25.6738107136697,0.0,0.0,
sin,1.5,1,122.0,25.511784269046327,25.881963139329276,0.0,0.0,
sin,1.5,1,123.0,25.728984553284153,26.0881500450059,1.1585465939936545e-16,9.860761315262648e-34,
sin,1.5,1,124.0,25.943847273977422,26.29237895686571,1.1676161796032906e-16,9.860761315262648e-34,
sin,1.5,1,125.0,26.15639621240024,26.494658061928998,0.0,0.0,0.0
sin,1.5,1,126.0,26.36665498868066,26.69499615474961,0.0,0.0,
sin,1.5,1,127.0,26.574647057108045,26.893402587939534,0.0,0.0,
sin,1.5,1,128.0,26.78039570197905,27.089887226238606,0.0,0.0,
sin,1.5,1,129.0,26.983924033934425,27.284460403855103,0.0,0.0,
sin,1.5,1,130.0,27.185254986743374,27.47713288482608,0.0,0.0,0.0
sin,1.5,1,131.0,27.38441131449629,27.667915826167555,0.0,0.0,
sin,1.5,1,132.0,27.58141558917083,27.856820743603866,0.0,0.0,
sin,1.5,1,133.0,27.776290198539165,28.04385947968286,0.0,0.0,
sin,1.5,1,134.0,27.969057344386766,28.22904417409962,0.0,0.0,
sin,1.5,1,135.0,28.15973904101636,28.41238723606584,0.0,0.0,0.0
sin,1.5,1,136.0,28.34835711401302,28.59390131857507,0.0,0.0,
sin,1.5,1,137.0,28.534933199247696,28.773599294426308,0.0,0.0,
sin,1.5,1,138.0,28.719488742100054,28.951494233879036,0.0,0.0,
sin,1.5,1,139.0,28.902044996880793,29.127599383823227,0.0,0.0,
sin,1.5,1,140.0,29.082623026438082,29.301928148356655,0.0,0.0,0.0
sin,1.5,1,141.0,29.26124370193152,29.47449407067039,0.0,0.0,
sin,1.5,1,142.0,29.437927702760458,29.64531081615103,0.0,0.0,
sin,1.5,1,143.0,29.61269551663288,29.814392156615167,0.0,0.0,
sin,1.5,1,144.0,29.78556743976408,29.98175195559795,0.0,0.0,
sin,1.5,1,145.0,29.956563577192725,30.1474041546238,0.0,0.0,0.0
sin,1.5,1,146.0,30.125703843206598,30.311362760392246,0.0,0.0,
sin,1.5,1,147.0,30.293007961865893,30.47364183281734,0.0,0.0,
sin,1.5,1,148.0,30.45849546761887,30.634255473863238,0.0,0.0,
sin,1.5,1,149.0,30.62218570599898,30.79321781712304,0.0,0.0,
sin,1.5,1,150.0,30.784097834399,30.950543018091594,0.0,0.0,0.0
sin,1.5,1,151.0,30.944250822914043,31.10624524508669,0.0,0.0,
sin,1.5,1,152.0,31.10266345524736,31.260338670776285,0.0,0.0,
sin,1.5,1,153.0,31.259354329674213,31.412837464272325,0.0,0.0,
sin,1.5,1,154.0,31.414341860058183,31.563755783754672,0.0,0.0,
sin,1.5,1,155.0,31.56764427691495,31.713107769591065,0.0,0.0,0.0
sin,1.5,1,156.0,31.71927962851934,31.86090753792145,0.0,0.0,
sin,1.5,1,157.0,31.86926578205209,32.00716917467728,0.0,0.0,
sin,1.5,1,158.0,32.01762042478118,32.15190673000826,0.0,0.0,
sin,1.5,1,159.0,32.16436106527589,32.29513421309099,0.0,0.0,
sin,1.5,1,160.0,32.30950503464957,32.43686558729568,0.0,0.0,0.0
sin,1.5,1,161.0,32.453069487827676,32.57711476568866,0.0,0.0,
sin,1.5,1,162.0,32.595071404839516,32.715895606849905,0.0,0.0,
sin,1.5,1,163.0,32.735527592130055,32.85322191098624,0.0,0.0,
sin,1.5,1,164.0,32.874454683889965,32.98910741632206,0.0,0.0,
sin,1.5,1,165.0,33.01186914340164,33.123565795750615,0.0,0.0,0.0
sin,1.5,1,166.0,33.147787264399085,33.25661065373018,0.0,0.0,
sin,1.5,1,167.0,33.28222517244012,33.388255523410045,0.0,0.0,
sin,1.5,1,168.0,33.41519882628823,33.5185138639727,0.0,0.0,
sin,1.5,1,169.0,33.54672401930387,33.647399058179076,0.0,0.0,
sin,1.5,1,170.0,33.676816380842276,33.774924410104816,0.0,0.0,0.0
sin,1.5,1,171.0,33.805491377657546,33.90110314305605,0.0,0.0,
sin,1.5,1,172.0,33.93276431531086,34.025948397654055,0.0,0.0,
sin,1.5,1,173.0,34.05865033958272,34.14947323007886,0.0,0.0,
sin,1.5,1,174.0,34.18316443788597,34.2716906104622,0.0,0.0,
sin,1.5,1,175.0,34.30632144068162,34.392613421421196,0.0,0.0,0.0
sin,1.5,1,176.0,34.428136022893966,34.51225445672437,0.0,0.0,
sin,1.5,1,177.0,34.54862270532496,34.63062642008223,0.0,0.0,
sin,1.5,1,178.0,34.66779585606781,34.747741924055084,0.0,0.0,
sin,1.5,1,179.0,34.785669691917505,34.863613489071334,0.0,0.0,
sin,1.5,1,180.0,34.902258279779254,34.97825354254953,0.0,0.0,0.0
sin,1.5,1,181.0,35.01757553807239,35.091674418118465,0.0,0.0,
sin,1.5,1,182.0,35.131635238131196,35.20388835492919,0.0,0.0,
sin,1.5,1,183.0,35.24445100559993,35.314907497053916,0.0,0.0,
sin,1.5,1,184.0,35.356036321823176,35.42474389296643,0.0,0.0,
sin,1.5,1,185.0,35.466404525230566,35.53340949509954,0.0,0.0,0.0
sin,1.5,1,186.0,35.575568812714934,35.640916159474756,0.0,0.0,
sin,1.5,1,187.0,35.68354224100423,35.747275645400194,0.0,0.0,
sin,1.5,1,188.0,35.79033772802632,35.85249961523259,0.0,0.0,
sin,1.5,1,189.0,35.895968054266675,35.95659963419964,0.0,0.0,
sin,1.5,1,190.0,36.000445864118205,36.05958717027924,0.0,0.0,0.0
sin,1.5,1,191.0,36.10378366722353,36.16147359413203,0.0,0.0,
sin,1.5,1,192.0,36.205993839808976,36.26227017908434,0.0,0.0,
sin,1.5,1,193.0,36.30708862600995,36.36198810115835,0.0,0.0,
sin,1.5,1,194.0,36.407080139188345,36.46063843914676,0.0,0.0,
sin,1.5,1,195.0,36.50598036324033,36.55823217472919,0.0,0.0,0.0
sin,1.5,1,196.0,36.603801153896114,36.65478019262792,0.0,0.0,
sin,1.5,1,197.0,36.70055424000926,36.75029328080047,0.0,0.0,
sin,1.5,1,198.0,36.7962512248383,36.84478213066688,0.0,0.0,
sin,1.5,1,199.0,36.890903587317666,36.938257337369386,0.0,0.0,
sin,1.5,1,200.0,36.98452268331961,37.03072940006277,0.0,0.0,0.0
sin,1.5,1,201.0,37.07711974690647,37.122208722233154,0.0,0.0,
sin,1.5,1,202.0,37.168705891572976,37.21270561204365,0.0,0.0,
sin,1.5,1,203.0,37.259292111479134,37.30223028270515,0.0,0.0,
sin,1.5,1,204.0,37.34888928267278,37.390792852870526,0.0,0.0,
sin,1.5,1,205.0,37.43750816430237,37.47840334705082,0.0,0.0,0.0
sin,1.5,1,206.0,37.525159399820005,37.565071696052,0.0,0.0,
sin,1.5,1,207.0,37.61185351817403,37.65080773743078,0.0,0.0,
sin,1.5,1,208.0,37.69760093499156,37.735621215968386,0.0,0.0,
sin,1.5,1,209.0,37.782411953751414,37.819521784160884,0.0,0.0,
sin,1.5,1,210.0,37.86629676694638,37.90251900272504,0.0,0.0,0.0
sin,1.5,1,211.0,37.94926545723546,37.984622341118566,0.0,0.0,
sin,1.5,1,212.0,38.03132799858628,38.06584117807361,0.0,0.0,
sin,1.5,1,213.0,38.11249425740711,38.14618480214273,0.0,0.0,
sin,1.5,1,214.0,38.19277399366847,38.225662412256206,0.0,0.0,
sin,1.5,1,215.0,38.27217686201555,38.304283118289895,0.0,0.0,0.0
sin,1.5,1,216.0,38.35071241286923,38.38205594164283,0.0,0.0,
sin,1.5,1,217.0,38.42839009351816,38.45898981582369,0.0,0.0,
sin,1.5,1,218.0,38.50521924920018,38.53509358704541,0.0,0.0,
sin,1.5,1,219.0,38.58120912417395,38.61037601482727,0.0,0.0,
sin,1.5,1,220.0,38.65636886278017,38.68484577260375,0.0,0.0,0.0
sin,1.5,1,221.0,38.730707510493446,38.75851144833949,0.0,0.0,
sin,1.5,1,222.0,38.804234014963924,38.831381545149796,0.0,0.0,
sin,1.5,1,223.0,38.87695722704886,38.90346448192606,0.0,0.0,
sin,1.5,1,224.0,38.948885901834544,38.97476859396563,0.0,0.0,
sin,1.5,1,225.0,39.02002869964867,39.04530213360555,0.0,0.0,0.0
sin,1.5,1,226.0,39.090394187062564,39.1150732708597,0.0,0.0,
sin,1.5,1,227.0,39.15999083788378,39.18409009405887,0.0,0.0,
sin,1.5,1,228.0,39.2288270341393,39.252360610493355,0.0,0.0,
sin,1.5,1,229.0,39.29691106704885,39.31989274705764,0.0,0.0,
sin,1.5,1,230.0,39.364251137988965,39.38669435089674,0.0,0.0,0.0
sin,1.5,1,231.0,39.430855359447506,39.45277319005394,0.0,0.0,
sin,1.5,1,232.0,39.496731755968476,39.518136954119406,0.0,0.0,
sin,1.5,1,233.0,39.56188826508799,39.58279325487956,0.0,0.0,
sin,1.5,1,234.0,39.626332738260594,39.64674962696666,0.0,0.0,
sin,1.5,1,235.0,39.69007294177644,39.710013528508476,0.0,0.0,0.0
sin,1.5,1,236.0,39.75311655766935,39.77259234177772,0.0,0.0,
sin,1.5,1,237.0,39.815471184615795,39.83449337384091,0.0,0.0,
sin,1.5,1,238.0,39.877144338824806,39.895723857206484,0.0,0.0,
sin,1.5,1,239.0,39.93814345491894,39.95629095047193,0.0,0.0,
sin,1.5,1,240.0,39.998475886806524,40.01620173896964,0.0,0.0,0.0
sin,1.5,1,241.0,40.058148908544524,40.07546323541135,0.0,0.0,
sin,1.5,1,242.0,40.11716971519334,40.1340823805309,0.0,0.0,
sin,1.5,1,243.0,40.17554542366262,40.192066043725205,0.0,0.0,
sin,1.5,1,244.0,40.23328307354836,40.24942102369318,0.0,0.0,
sin,1.5,1,245.0,40.29038962796163,40.30615404907251,0.0,0.0,0.0
sin,1.5,1,246.0,40.34687197434861,40.36227177907404,0.0,0.0,
sin,1.5,1,247.0,40.40273692530244,40.417780804113754,0.0,0.0,
sin,1.5,1,248.0,40.45799121936686,40.472687646442026,0.0,0.0,
sin,1.5,1,249.0,40.51264152183099,40.52699876077023,0.0,0.0,
sin,1.5,1,250.0,40.5666944255167,40.58072053489439,0.0,0.0,0.0
sin,1.5,1,251.0,40.620156451556966,40.63385929031583,0.0,0.0,
sin,1.5,1,252.0,40.67303405016737,40.68642128285884,0.0,0.0,
sin,1.5,1,253.0,40.72533360140826,40.738412703284915,0.0,0.0,
sin,1.5,1,254.0,40.777061415939905,40.78983967790397,0.0,0.0,
sin,1.5,1,255.0,40.82822373576978,40.840708269181924,0.0,0.0,0.0
sin,1.5,1,256.0,40.878826734991506,40.89102447634499,0.0,0.0,
sin,1.5,1,257.0,40.928876520516646,40.94079423598029,0.0,0.0,
sin,1.5,1,258.0,40.97837913279871,40.99002342263295,0.0,0.0,
sin,1.5,1,259.0,41.027340546549304,41.038717849399475,0.0,0.0,
sin,1.5,1,260.0,41.07576667144749,41.08688326851733,0.0,0.0,0.0
sin,1.5,1,261.0,41.12366335284076,41.134525371950836,0.0,0.0,
sin,1.5,1,262.0,41.171036372439694,41.18164979197308,0.0,0.0,
sin,1.5,1,263.0,41.21789144900447,41.22826210174402,0.0,0.0,
sin,1.5,1,264.0,41.26423423902468,41.274367815884645,0.0,0.0,
sin,1.5,1,265.0,41.31007033739172,41.31997239104703,0.0,0.0,0.0
sin,1.5,1,266.0,41.355405278064275,41.365081226480534,0.0,0.0,
sin,1.5,1,267.0,41.40024453472692,41.40969966459383,0.0,0.0,
sin,1.5,1,268.0,41.4445935214414,41.45383299151291,0.0,0.0,
sin,1.5,1,269.0,41.48845759329097,41.49748643763493,0.0,0.0,
sin,1.5,1,270.0,41.531842047018856,41.540665178177974,0.0,0.0,0.0
sin,1.5,1,271.0,41.57475212165873,41.58337433372661,0.0,0.0,
sin,1.5,1,272.0,41.61719299915932,41.62561897077334,0.0,0.0,
sin,1.5,1,273.0,41.65916980500221,41.667404102255766,0.0,0.0,
sin,1.5,1,274.0,41.7006876088129,41.708734688089685,0.0,0.0,
sin,1.5,1,275.0,41.74175142496551,41.74961563569783,0.0,0.0,0.0
sin,1.5,1,276.0,41.78236621318143,41.790051800534506,0.0,0.0,
sin,1.5,1,277.0,41.82253687912081,41.830047986605926,0.0,0.0,
sin,1.5,1,278.0,41.86226827496863,41.86960894698638,0.0,0.0,
sin,1.5,1,279.0,41.901565200013835,41.908739384330104,0.0,0.0,
sin,1.5,1,280.0,41.94043240122277,41.94744395137897,0.0,0.0,0.0
sin,1.5,1,281.0,41.97887457380637,41.9857272514659,0.0,0.0,
sin,1.5,1,282.0,42.01689636178104,42.02359383901411,0.0,0.0,
sin,1.5,1,283.0,42.05450235852417,42.06104822003207,0.0,0.0,
sin,1.5,1,284.0,42.091697107322815,42.09809485260424,0.0,0.0,
sin,1.5,1,285.0,42.128485101917626,42.134738147377696,0.0,0.0,0.0
sin,1.5,1,286.0,42.16487078704019,42.17098246804441,0.0,0.0,
sin,1.5,1,287.0,42.20085855894436,42.206832131819425,0.0,0.0,
sin,1.5,1,288.0,42.236452765933244,42.242291409914856,0.0,0.0,
sin,1.5,1,289.0,42.27165770887892,42.27736452800965,0.0,0.0,
sin,1.5,1,290.0,42.306477641737665,42.31205566671525,0.0,0.0,0.0
sin,1.5,1,291.0,42.34091677205946,42.3463689620371,0.0,0.0,
sin,1.5,1,292.0,42.374979261491724,42.38030850583199,0.0,0.0,
sin,1.5,1,293.0,42.408669226277894,42.41387834626137,0.0,0.0,
sin,1.5,1,294.0,42.44199073775079,42.44708248824045,0.0,0.0,
sin,1.5,1,295.0,42.47494782282017,42.47992489388333,0.0,0.0,0.0
sin,1.5,1,296.0,42.5075444644558,42.512409482944,0.0,0.0,
sin,1.5,1,297.0,42.53978460216459,42.54454013325335,0.0,0.0,
sin,1.5,1,298.0,42.57167213246321,42.57632068115211,0.0,0.0,
sin,1.5,1,299.0,42.60321090934534,42.60775492191981,0.0,0.0,
sin,2.0,0,0.0,1.9719319353218985,14.140576090978133,1.4091473685924376,0.49653358166019307,1.4747319059304846
sin,2.0,0,1.0,1.9693052999175638,14.12092856466041,1.2120721249529383,0.36838371166874795,
sin,2.0,0,2.0,1.9635077625996973,14.086824505614047,1.107049249416863,0.30880027584949366,
sin,2.0,0,3.0,2.0571486977342603,14.041748052393531,1.1067291968269364,0.31060639014202296,
sin,2.0,0,4.0,2.1139791943917383,13.993435295001458,1.2031933981394038,0.36965126519538116,
sin,2.0,0,5.0,2.1240619142574695,13.95021684915983,1.2168314761670562,0.38042491975211007,1.2383787841767593
sin,2.0,0,6.0,2.1152171027286144,13.910036887441024,1.1592895771069738,0.3472940185099705,
sin,2.0,0,7.0,2.1289270155431033,13.86498081871939,1.1962674124008812,0.37220997060190186,
sin,2.0,0,8.0,2.246103004283391,13.824369444964544,1.0515650728284975,0.2893021405810478,
sin,2.0,0,9.0,2.4270441205592173,13.78314857932653,0.9588724315737548,0.24198853686988694,
sin,2.0,0,10.0,2.61907215153212,13.740353964392128,0.8766986815002095,0.20355176370487377,0.8733607766299923
sin,2.0,0,11.0,2.811899672001132,13.699365359786672,0.9836100944354933,0.2577597261995495,
sin,2.0,0,12.0,3.001422789177252,13.662742618492725,0.9439954030662616,0.23868987060777822,
sin,2.0,0,13.0,3.2039949950202193,13.626520564837563,0.9180148548193572,0.22693394865305921,
sin,2.0,0,14.0,3.4443328259893207,13.59515563864781,0.6790258881193137,0.1247309704212905,
sin,2.0,0,15.0,3.7238514365994937,13.571707199592163,0.5349730343544651,0.07768994693169731,0.8501400637468062
sin,2.0,0,16.0,4.0328264871853206,13.555832568779739,0.5148506577654762,0.07212405832879336,
sin,2.0,0,17.0,4.358556999275471,13.54793757511346,0.49601548453499766,0.0670214932040716,
sin,2.0,0,18.0,4.688904515250476,13.548889646746957,0.5364436576343676,0.07838100419936132,
sin,2.0,0,19.0,5.024554132819615,13.560800688769495,0.4885767418583007,0.06490302166447352,
sin,2.0,0,20.0,5.371584751688318,13.584478983309449,0.3972434550011781,0.042756045726592994,0.5652541003019498
sin,2.0,0,21.0,5.730396213045413,13.6196168105429,0.3368511942028284,0.03058555808826941,
sin,2.0,0,22.0,6.0977433441856945,13.666842536575823,0.4371001413303168,0.0511440971954814,
sin,2.0,0,23.0,6.46989319635126,13.727806662984264,0.3580532185852333,0.034014403566082076,
sin,2.0,0,24.0,6.841459251457178,13.800256793382752,0.285635683496499,0.021420055494256757,
sin,2.0,0,25.0,7.21102090016691,13.882496055641036,0.32844957458147783,0.027988027645389275,0.5612537930304873
sin,2.0,0,26.0,7.578730574050471,13.975056102686237,0.3432581714504209,0.03016509195657319,
sin,2.0,0,27.0,7.945690778746001,14.077969086308896,0.31084974526414805,0.024377604204084163,
sin,2.0,0,28.0,8.31241432521651,14.19086820151238,0.37057034458251437,0.034095211903277155,
sin,2.0,0,29.0,8.678449073764869,14.314230737825065,0.33205657584812953,0.026906558189796707,
sin,2.0,0,30.0,9.041905153945184,14.446390668550821,0.2928278972210502,0.020543583034051672,0.5752252000977596
sin,2.0,0,31.0,9.402448140486216,14.585670839868625,0.18853174303870548,0.008353839997805527,
sin,2.0,0,32.0,9.760253264616612,14.731587386004973,0.13916208089878238,0.004461827132002883,
sin,2.0,0,33.0,10.11610372635529,14.884207152466878,0.17970249392172538,0.007288309411400992,
sin,2.0,0,34.0,10.47039132111419,15.043804767411942,0.06612617921716586,0.0009660541858003759,
sin,2.0,0,35.0,10.823086726304469,15.210084802475816,0.0842135929925439,0.001532749303762678,0.14849666603423647
sin,2.0,0,36.0,11.174218791911105,15.383063652719663,0.07296571054678579,0.0011249208392968696,
sin,2.0,0,37.0,11.523672611540729,15.562271021163761,0.012159444079352688,3.052470637734612e-05,
sin,2.0,0,38.0,11.871385090017206,15.7471277350956,0.001060236466344813,2.2665890099172497e-07,
sin,2.0,0,39.0,12.217219064441025,15.937334429064768,0.0012464975220969707,3.058591458785929e-07,
sin,2.0,0,40.0,12.560995397848426,16.132541644582357,0.00043587858642555693,3.650022000534617e-08,0.0005804760666612304
sin,2.0,0,41.0,12.90255710326813,16.332337566837495,0.000376501282090538,2.6570897739467926e-08,
sin,2.0,0,42.0,13.241770762409267,16.53630304475239,0.0004963819961619183,4.505315419440539e-08,
sin,2.0,0,43.0,13.578524633831368,16.74403156543106,0.00010767422881147878,2.0676331003069733e-09,
sin,2.0,0,44.0,13.912727489391079,16.955137104819133,7.294901559469009e-06,9.255635940278287e-12,
sin,2.0,0,45.0,14.244302040623037,17.169256640586536,5.3373987268910115e-06,4.8319932062058455e-12,7.369915321786675e-06
sin,2.0,0,46.0,14.573183512710056,17.386049220095718,3.2486218574046193e-06,1.7456875668269311e-12,
sin,2.0,0,47.0,14.899318493709062,17.605195245658987,1.3051988149964254e-06,2.7481577230176635e-13,
sin,2.0,0,48.0,15.222663260421829,17.826395647575406,2.5733462775810625e-06,1.041932014047934e-12,
sin,2.0,0,49.0,15.54318241122473,18.04937090990237,1.0012678867572424e-06,1.5386733785770006e-13,
sin,2.0,0,50.0,15.860847794300067,18.273860072016298,8.374457968226981e-08,1.0500810677645134e-15,7.546870740113001e-08
sin,2.0,0,51.0,16.17563756039712,18.499619712674757,2.8638908198396755e-08,1.1982772585594944e-16,
sin,2.0,0,52.0,16.487535373442682,18.72642295365862,2.994326229555827e-08,1.2783759079288914e-16,
sin,2.0,0,53.0,16.796529739169312,18.954058494806592,7.702937164100038e-09,8.258064706677606e-18,
sin,2.0,0,54.0,17.102613416473538,19.18232968027756,1.5992832825525185e-08,3.475506442161249e-17,
sin,2.0,0,55.0,17.405782905097713,19.411053601680184,1.124750356568884e-08,1.6787424236521593e-17,7.539069598472015e-09
sin,2.0,0,56.0,17.706037999779774,19.640060241471243,1.3658770395622838e-09,2.418285558692199e-19,
sin,2.0,0,57.0,18.00338140028075,19.869191657636957,2.0712545263080775e-10,5.4334609150363864e-21,
sin,2.0,0,58.0,18.297818369654117,20.098301210427966,3.217431332111496e-10,1.2813562057328194e-20,
sin,2.0,0,59.0,18.589356434264047,20.327252831226616,1.0235187227321796e-10,1.2676641520695306e-21,
sin,2.0,0,60.0,18.878005119688368,20.55592033287883,1.1982947198231513e-10,1.6991176213035053e-21,6.164980852535029e-11
sin,2.0,0,61.0,19.16377571777556,20.78418676054997,1.466303371613005e-10,2.4885799532079526e-21,
sin,2.0,0,62.0,19.446681080802552,21.01194378185637,2.8816005757493882e-11,9.403837341380793e-23,
sin,2.0,0,63.0,19.72673543923218,21.239091114785897,2.5951716238384004e-12,7.4650086631097445e-25,
sin,2.0,0,64.0,20.003954240071998,21.465535991775084,3.948919140132081e-12,1.69216618393412e-24,
sin,2.0,0,65.0,20.27835400326053,21.69119265822137,2.1275293476471324e-12,4.81010171407026e-25,2.8430955110818454e-12
sin,2.0,0,66.0,20.549952193857447,21.91598190365663,1.1133813598957055e-12,1.2904346924976684e-25,
sin,2.0,0,67.0,20.818767108117093,22.139830623796513,2.160094403296194e-12,4.759560805961618e-25,
sin,2.0,0,68.0,21.08481777178456,22.362671411694684,7.372174684097074e-13,5.43392792837381e-26,
sin,2.0,0,69.0,21.348123849171262,22.58444217626562,6.533991017510158e-14,4.185124038946404e-28,
sin,2.0,0,70.0,21.608705561756363,22.80508578649004,5.5375625183522196e-14,2.9481112534693346e-28,7.271175471519666e-14
sin,2.0,0,71.0,21.866583615220755,23.02454973967865,5.238131316658236e-14,2.5878581995775293e-28,
sin,2.0,0,72.0,22.121779133960146,23.242785852238907,1.4846997907417017e-14,2.0401915161278418e-29,
sin,2.0,0,73.0,22.37431360224185,23.459749971463598,3.5531788098780684e-14,1.1469840346687207e-28,
sin,2.0,0,74.0,22.624208811274467,23.675401706936604,2.1659075492486834e-14,4.18461127935801e-29,
sin,2.0,0,75.0,22.87148681154788,23.88970418022898,2.5550240354163812e-15,5.719241562852335e-31,6.026384765103276e-16
sin,2.0,0,76.0,23.11616986987814,24.102623791635484,8.82650963406902e-16,6.705317694378601e-32,
sin,2.0,0,77.0,23.35828043065976,24.314130002777784,1.4119750113412977e-15,1.6861901849099127e-31,
sin,2.0,0,78.0,23.597841080885708,24.524195133974068,3.926780813624651e-16,1.2818989709841442e-32,
sin,2.0,0,79.0,23.83487451854609,24.732794175346033,6.59014021362819e-16,3.549874073494553e-32,
sin,2.0,0,80.0,24.069403524061087,24.93990461070213,6.645325519381585e-16,3.549874073494553e-32,2.86654049868338e-17
sin,2.0,0,81.0,24.301450934443164,25.145506253300756,1.116684800330814e-16,9.860761315262648e-34,
sin,2.0,0,82.0,24.53103961991619,25.34958109265854,0.0,0.0,
sin,2.0,0,83.0,24.75819246275088,25.552113151626724,0.0,0.0,
sin,2.0,0,84.0,24.982932338099832,25.75308835301313,0.0,0.0,
sin,2.0,0,85.0,25.20528209664118,25.95249439507851,0.0,0.0,0.0
sin,2.0,0,86.0,25.42526454885804,26.150320635283784,0.0,0.0,
sin,2.0,0,87.0,25.642902450800207,26.346557981709438,0.0,0.0,
sin,2.0,0,88.0,25.858218491190325,26.54119879161011,0.0,0.0,
sin,2.0,0,89.0,26.071235279750134,26.734236776606156,0.0,0.0,
sin,2.0,0,90.0,26.28197533663628,26.925666914050108,0.0,0.0,0.0
sin,2.0,0,91.0,26.490461082884718,27.11548536413952,0.0,0.0,
sin,2.0,0,92.0,26.696714831773747,27.303689392378715,0.0,0.0,
sin,2.0,0,93.0,26.900758781024663,27.490277297021038,0.0,0.0,
sin,2.0,0,94.0,27.102615005765813,27.675248341149743,0.0,0.0,
sin,2.0,0,95.0,27.302305452193615,27.858602689080602,0.0,0.0,0.0
sin,2.0,0,96.0,27.49985193187091,28.04034134679218,0.0,0.0,
sin,2.0,0,97.0,27.69527611660727,28.22046610611113,0.0,0.0,
sin,2.0,0,98.0,27.888599533872398,28.398979492399317,0.0,0.0,
sin,2.0,0,99.0,28.07984356269696,28.57588471550801,0.0,0.0,
sin,2.0,0,100.0,28.269029430020815,28.751185623781037,0.0,0.0,0.0
sin,2.0,0,101.0,28.456178207450627,28.924886660904537,0.0,0.0,
sin,2.0,0,102.0,28.641310808393158,29.09699282541527,0.0,0.0,
sin,2.0,0,103.0,28.82444798553376,29.267509632692818,0.0,0.0,
sin,2.0,0,104.0,29.005610328631168,29.436443079273346,0.0,0.0,
sin,2.0,0,105.0,29.184818262603613,29.60379960933408,0.0,0.0,0.0
sin,2.0,0,106.0,29.362092045881358,29.76958608320809,0.0,0.0,
sin,2.0,0,107.0,29.53745176900619,29.933809747798957,0.0,0.0,
sin,2.0,0,108.0,29.710917353455564,30.096478208773757,0.0,0.0,
sin,2.0,0,109.0,29.882508550675578,30.25759940442138,0.0,0.0,
sin,2.0,0,110.0,30.052244941304764,30.41718158107083,0.0,0.0,0.0
sin,2.0,0,111.0,30.220145934573708,30.575233269971452,0.0,0.0,
sin,2.0,0,112.0,30.38623076786711,30.731763265543645,0.0,0.0,
sin,2.0,0,113.0,30.550518506434482,30.886780604914897,0.0,0.0,
sin,2.0,0,114.0,30.713028043238268,31.040294548661613,0.0,0.0,
sin,2.0,0,115.0,30.873778098928327,31.192314562682604,0.0,0.0,0.0
sin,2.0,0,116.0,31.0327872219327,31.342850301135034,0.0,0.0,
sin,2.0,0,117.0,31.19007378865505,31.491911590368222,0.0,0.0,
sin,2.0,0,118.0,31.34565600377108,31.639508413794918,0.0,0.0,
sin,2.0,0,119.0,31.499551900615007,31.785650897643645,0.0,0.0,
sin,2.0,0,120.0,31.651779341649597,31.930349297539422,0.0,0.0,0.0
sin,2.0,0,121.0,31.802356019012667,32.07361398586354,0.0,0.0,
sin,2.0,0,122.0,31.95129945513377,32.21545543984628,0.0,0.0,
sin,2.0,0,123.0,32.09862700341555,32.355884230349396,0.0,0.0,
sin,2.0,0,124.0,32.244355848974166,32.49491101129793,0.0,0.0,
sin,2.0,0,125.0,32.38850300943438,32.6325465097236,0.0,0.0,0.0
sin,2.0,0,126.0,32.53108533577351,32.76880151638417,0.0,0.0,
sin,2.0,0,127.0,32.67211951321166,32.90368687692565,0.0,0.0,
sin,2.0,0,128.0,32.81162206214318,33.03721348355611,0.0,0.0,
sin,2.0,0,129.0,32.949609339105685,33.169392267201935,0.0,0.0,
sin,2.0,0,130.0,33.086097537784156,33.30023419011903,0.0,0.0,0.0
sin,2.0,0,131.0,33.2211026900457,33.429750238933195,0.0,0.0,
sin,2.0,0,132.0,33.35464066700349,33.55795141808558,0.0,0.0,
sin,2.0,0,133.0,33.48672718010558,33.68484874366046,0.0,0.0,
sin,2.0,0,134.0,33.61737778224755,33.81045323757394,0.0,0.0,
sin,2.0,0,135.0,33.746607868906025,33.93477592210358,0.0,0.0,0.0
sin,2.0,0,136.0,33.87443267928995,34.05782781474006,0.0,0.0,
sin,2.0,0,137.0,34.00086729751005,34.17961992334308,0.0,0.0,
sin,2.0,0,138.0,34.12592665376152,34.30016324158489,0.0,0.0,
sin,2.0,0,139.0,34.249625525520834,34.4194687446656,0.0,0.0,
sin,2.0,0,140.0,34.371978538753154,34.537547385285585,0.0,0.0,0.0
sin,2.0,0,141.0,34.49300016913045,34.654410089860896,0.0,0.0,
sin,2.0,0,142.0,34.61270474325711,34.77006775496869,0.0,0.0,
sin,2.0,0,143.0,34.73110643990348,34.884531244010184,0.0,0.0,
sin,2.0,0,144.0,34.8482192912449,34.997811384079405,0.0,0.0,
sin,2.0,0,145.0,34.96405718410582,35.109918963026885,0.0,0.0,0.0
sin,2.0,0,146.0,35.078633861207145,35.22086472670773,0.0,0.0,
sin,2.0,0,147.0,35.191962922417,35.33065937640438,0.0,0.0,
sin,2.0,0,148.0,35.30405782600286,35.439313566414626,0.0,0.0,
sin,2.0,0,149.0,35.414931889884464,35.54683790179641,0.0,0.0,
sin,2.0,0,150.0,35.524598292887696,35.65324293626083,0.0,0.0,0.0
sin,2.0,0,151.0,35.633070075996926,35.758539170205765,0.0,0.0,
sin,2.0,0,152.0,35.740360143606786,35.862737048882636,0.0,0.0,
sin,2.0,0,153.0,35.84648126477205,35.96584696068936,0.0,0.0,
sin,2.0,0,154.0,35.95144607445425,36.06787923558291,0.0,0.0,
sin,2.0,0,155.0,36.05526707476637,36.168844143605114,0.0,0.0,0.0
sin,2.0,0,156.0,36.157956636213314,36.268751893516026,0.0,0.0,
sin,2.0,0,157.0,36.25952699892825,36.367612631529035,0.0,0.0,
sin,2.0,0,158.0,36.35999027390485,36.46543644014254,0.0,0.0,
sin,2.0,0,159.0,36.45935844422506,36.562233337063155,0.0,0.0,
sin,2.0,0,160.0,36.55764336628014,36.658013274215705,0.0,0.0,0.0
sin,2.0,0,161.0,36.65485677098795,36.75278613683552,0.0,0.0,
sin,2.0,0,162.0,36.75101026500301,36.846561742638656,0.0,0.0,
sin,2.0,0,163.0,36.8461153319209,36.939349841066246,0.0,0.0,
sin,2.0,0,164.0,36.94018333347583,37.03116011259882,0.0,0.0,
sin,2.0,0,165.0,37.03322551073235,37.122002168137264,0.0,0.0,0.0
sin,2.0,0,166.0,37.12525298526852,37.21188554844678,0.0,0.0,
sin,2.0,0,167.0,37.21627676035337,37.300819723660666,0.0,0.0,
sin,2.0,0,168.0,37.3063077221163,37.38881409284072,0.0,0.0,
sin,2.0,0,169.0,37.39535664070892,37.47587798359149,0.0,0.0,
sin,2.0,0,170.0,37.48343417145913,37.56202065172536,0.0,0.0,0.0
sin,2.0,0,171.0,37.57055085601768,37.647251280976,0.0,0.0,
sin,2.0,0,172.0,37.65671712349631,37.731578982757526,0.0,0.0,
sin,2.0,0,173.0,37.74194329159784,37.81501279596709,0.0,0.0,
sin,2.0,0,174.0,37.82623956773827,37.89756168682851,0.0,0.0,
sin,2.0,0,175.0,37.90961605016027,37.97923454877484,0.0,0.0,0.0
sin,2.0,0,176.0,37.992082729038124,38.06004020236786,0.0,0.0,
sin,2.0,0,177.0,38.073649487574585,38.13998739525242,0.0,0.0,
sin,2.0,0,178.0,38.15432610308899,38.219084802143875,0.0,0.0,
sin,2.0,0,179.0,38.23412224809627,38.297341024846865,0.0,0.0,
sin,2.0,0,180.0,38.31304749137803,38.37476459230362,0.0,0.0,0.0
sin,2.0,0,181.0,38.39111129904444,38.45136396067034,0.0,0.0,
sin,2.0,0,182.0,38.46832303558741,38.52714751342007,0.0,0.0,
sin,2.0,0,183.0,38.54469196492495,38.60212356147059,0.0,0.0,
sin,2.0,0,184.0,38.620227251437,38.67630034333606,0.0,0.0,
sin,2.0,0,185.0,38.694937960991815,38.7496860253009,0.0,0.0,0.0
sin,2.0,0,186.0,38.76883306196445,38.82228870161493,0.0,0.0,
sin,2.0,0,187.0,38.841921426245,38.89411639470831,0.0,0.0,
sin,2.0,0,188.0,38.91421183023974,38.9651770554254,0.0,0.0,
sin,2.0,0,189.0,38.98571295586174,39.035478563276264,0.0,0.0,
sin,2.0,0,190.0,39.05643339151375,39.10502872670488,0.0,0.0,0.0
sin,2.0,0,191.0,39.12638163306194,39.17383528337313,0.0,0.0,
sin,2.0,0,192.0,39.1955660848005,39.24190590045953,0.0,0.0,
sin,2.0,0,193.0,39.263995060407844,39.309248174971884,0.0,0.0,
sin,2.0,0,194.0,39.33167678389406,39.37586963407303,0.0,0.0,
sin,2.0,0,195.0,39.398619390539416,39.44177773541882,0.0,0.0,0.0
sin,2.0,0,196.0,39.46483092782401,39.506979867507624,0.0,0.0,
sin,2.0,0,197.0,39.53031935634918,39.5714833500406,0.0,0.0,
sin,2.0,0,198.0,39.59509255075007,39.63529543429204,0.0,0.0,
sin,2.0,0,199.0,39.65915830059928,39.698423303489086,0.0,0.0,
sin,2.0,0,200.0,39.72252431130231,39.76087407320037,0.0,0.0,0.0
sin,2.0,0,201.0,39.785198204984674,39.82265479173264,0.0,0.0,
sin,2.0,0,202.0,39.84718752136971,39.88377244053517,0.0,0.0,
sin,2.0,0,203.0,39.90849971864875,39.94423393461116,0.0,0.0,
sin,2.0,0,204.0,39.96914217434263,40.004046122935705,0.0,0.0,
sin,2.0,0,205.0,40.02912218615479,40.06321578887978,0.0,0.0,0.0
sin,2.0,0,206.0,40.08844697281593,40.121749650639856,0.0,0.0,
sin,2.0,0,207.0,40.14712367492068,40.17965436167264,0.0,0.0,
sin,2.0,0,208.0,40.20515935575626,40.23693651113449,0.0,0.0,
sin,2.0,0,209.0,40.26256100212222,40.293602624325146,0.0,0.0,
sin,2.0,0,210.0,40.31933552514299,40.349659163135385,0.0,0.0,0.0
sin,2.0,0,211.0,40.37548976107167,40.40511252649818,0.0,0.0,
sin,2.0,0,212.0,40.431030472086526,40.45996905084307,0.0,0.0,
sin,2.0,0,213.0,40.48596434707887,40.514235010553364,0.0,0.0,
sin,2.0,0,214.0,40.540298002433396,40.567916618425876,0.0,0.0,
sin,2.0,0,215.0,40.59403798280102,40.62102002613291,0.0,0.0,0.0
sin,2.0,0,216.0,40.647190761863314,40.67355132468612,0.0,0.0,
sin,2.0,0,217.0,40.69976274308964,40.72551654490214,0.0,0.0,
sin,2.0,0,218.0,40.75176026048677,40.77692165786943,0.0,0.0,
sin,2.0,0,219.0,40.803189579340554,40.82777257541648,0.0,0.0,
sin,2.0,0,220.0,40.854056896950446,40.87807515058076,0.0,0.0,0.0
sin,2.0,0,221.0,40.90436834335627,40.927835178078425,0.0,0.0,
sin,2.0,0,222.0,40.954129982057594,40.97705839477446,0.0,0.0,
sin,2.0,0,223.0,41.003347810726254,41.02575048015311,0.0,0.0,
sin,2.0,0,224.0,41.05202776191096,41.07391705678835,0.0,0.0,
sin,2.0,0,225.0,41.10017570373529,41.121563690814284,0.0,0.0,0.0
sin,2.0,0,226.0,41.147797440587546,41.16869589239514,0.0,0.0,
sin,2.0,0,227.0,41.19489871380509,41.21531911619496,0.0,0.0,
sin,2.0,0,228.0,41.241485202350106,41.26143876184654,0.0,0.0,
sin,2.0,0,229.0,41.28756252347929,41.30706017441966,0.0,0.0,
sin,2.0,0,230.0,41.33313623340639,41.35218864488839,0.0,0.0,0.0
sin,2.0,0,231.0,41.37821182795772,41.39682941059734,0.0,0.0,
sin,2.0,0,232.0,41.42279474322139,41.440987655726744,0.0,0.0,
sin,2.0,0,233.0,41.466890356189076,41.484668511756226,0.0,0.0,
sin,2.0,0,234.0,41.51050398539194,41.527877057927164,0.0,0.0,
sin,2.0,0,235.0,41.55364089152907,41.57061832170354,0.0,0.0,0.0
sin,2.0,0,236.0,41.59630627809036,41.61289727923115,0.0,0.0,
sin,2.0,0,237.0,41.63850529197216,41.654718855795046,0.0,0.0,
sin,2.0,0,238.0,41.68024302408644,41.69608792627527,0.0,0.0,
sin,2.0,0,239.0,41.72152450996434,41.73700931560057,0.0,0.0,
sin,2.0,0,240.0,41.76235473035274,41.77748779920019,0.0,0.0,0.0
sin,2.0,0,241.0,41.802738611804834,41.81752810345356,0.0,0.0,
sin,2.0,0,242.0,41.84268102726444,41.85713490613791,0.0,0.0,
sin,2.0,0,243.0,41.88218679664419,41.896312836873584,0.0,0.0,
sin,2.0,0,244.0,41.92126068739788,41.93506647756716,0.0,0.0,
sin,2.0,0,245.0,41.95990741508629,41.97340036285222,0.0,0.0,0.0
sin,2.0,0,246.0,41.99813164393767,42.01131898052767,0.0,0.0,
sin,2.0,0,247.0,42.03593798740176,42.04882677199373,0.0,0.0,
sin,2.0,0,248.0,42.0733310086985,42.08592813268533,0.0,0.0,
sin,2.0,0,249.0,42.110315221360494,42.122627412503014,0.0,0.0,
sin,2.0,0,250.0,42.1468950897699,42.15892891624123,0.0,0.0,0.0
sin,2.0,0,251.0,42.18307502968975,42.19483690401406,0.0,0.0,
sin,2.0,0,252.0,42.218859408789825,42.230355591678205,0.0,0.0,
sin,2.0,0,253.0,42.254252547166324,42.26548915125333,0.0,0.0,
sin,2.0,0,254.0,42.28925871785654,42.30024171133966,0.0,0.0,
sin,2.0,0,255.0,42.32388214734818,42.33461735753283,0.0,0.0,0.0
sin,2.0,0,256.0,42.358127016082946,42.36862013283591,0.0,0.0,
sin,2.0,0,257.0,42.39199745895483,42.40225403806871,0.0,0.0,
sin,2.0,0,258.0,42.42549756580314,42.43552303227411,0.0,0.0,
sin,2.0,0,259.0,42.45863138190072,42.46843103312169,0.0,0.0,
sin,2.0,0,260.0,42.4914029084361,42.50098191730835,0.0,0.0,0.0
sin,2.0,0,261.0,42.52381610299128,42.53317952095615,0.0,0.0,
sin,2.0,0,262.0,42.55587488001417,42.56502764000718,0.0,0.0,
sin,2.0,0,263.0,42.587583111285774,42.5965300306155,0.0,0.0,
sin,2.0,0,264.0,42.618944626383026,42.62769040953623,0.0,0.0,
sin,2.0,0,265.0,42.64996321313557,42.6585124545116,0.0,0.0,0.0
sin,2.0,0,266.0,42.68064261807917,42.68899980465416,0.0,0.0,
sin,2.0,0,267.0,42.710986546902845,42.71915606082688,0.0,0.0,
sin,2.0,0,268.0,42.740998664892274,42.74898478602049,0.0,0.0,
sin,2.0,0,269.0,42.77068259736769,42.77848950572768,0.0,0.0,
sin,2.0,0,270.0,42.80004193011768,42.8076737083144,0.0,0.0,0.0
sin,2.0,0,271.0,42.82908020982815,42.836540845388235,0.0,0.0,
sin,2.0,0,272.0,42.85780094450657,42.86509433216372,0.0,0.0,
sin,2.0,0,273.0,42.88620760390146,42.89333754782477,0.0,0.0,
sin,2.0,0,274.0,42.91430361991829,42.92127383588405,0.0,0.0,
sin,2.0,0,275.0,42.94209238702993,42.94890650453947,0.0,0.0,0.0
sin,2.0,0,276.0,42.9695772626832,42.97623882702767,0.0,0.0,
sin,2.0,0,277.0,42.99676156770078,43.00327404197454,0.0,0.0,
sin,2.0,0,278.0,43.023648586679236,43.03001535374281,0.0,0.0,
sin,2.0,0,279.0,43.05024156838256,43.05646593277669,0.0,0.0,
sin,2.0,0,280.0,43.07654372613095,43.082628915943545,0.0,0.0,0.0
sin,2.0,0,281.0,43.10255823818651,43.10850740687268,0.0,0.0,
sin,2.0,0,282.0,43.12828824813378,43.13410447629117,0.0,0.0,
sin,2.0,0,283.0,43.15373686525672,43.15942316235677,0.0,0.0,
sin,2.0,0,284.0,43.17890716491174,43.18446647098792,0.0,0.0,
sin,2.0,0,285.0,43.20380218889602,43.20923737619093,0.0,0.0,0.0
sin,2.0,0,286.0,43.228424945812954,43.23373882038413,0.0,0.0,
sin,2.0,0,287.0,43.252778411432104,43.25797371471931,0.0,0.0,
sin,2.0,0,288.0,43.276865529047534,43.28194493940017,0.0,0.0,
sin,2.0,0,289.0,43.30068920982971,43.30565534399799,0.0,0.0,
sin,2.0,0,290.0,43.32425233317572,43.329107747764446,0.0,0.0,0.0
sin,2.0,0,291.0,43.34755774705434,43.352304939941625,0.0,0.0,
sin,2.0,0,292.0,43.370608268348306,43.37524968006916,0.0,0.0,
sin,2.0,0,293.0,43.39340668319226,43.397944698288676,0.0,0.0,
sin,2.0,0,294.0,43.41595574730731,43.420392695645354,0.0,0.0,
sin,2.0,0,295.0,43.438258186331986,43.44259634438679,0.0,0.0,0.0
sin,2.0,0,296.0,43.46031669614977,43.464558288259106,0.0,0.0,
sin,2.0,0,297.0,43.48213394321253,43.486281142800244,0.0,0.0,
sin,2.0,0,298.0,43.50371256486136,43.50776749563068,0.0,0.0,
sin,2.0,0,299.0,43.5250551696429,43.52901990674129,0.0,0.0,
sin,2.0,1,0.0,2.0115884410710017,14.226853929734204,1.4717346377752873,0.5350708376859401,1.5034525129015774
sin,2.0,1,1.0,2.0086189545662934,14.206806771630793,1.2808582609798649,0.40642386762094906,
sin,2.0,1,2.0,2.003717307932342,14.173633703283919,1.0277551695079568,0.2628977894698857,
sin,2.0,1,3.0,2.002546950225724,14.131795056226078,1.0883594209903589,0.2965650887487947,
sin,2.0,1,4.0,2.021966440701655,14.086121968540434,1.1161687212989782,0.3139401137335641,
sin,2.0,1,5.0,2.0489529448459223,14.040143528591699,1.3147444740518515,0.43843944325985,1.4568296308599185
sin,2.0,1,6.0,2.0890996844912677,14.001372665605114,1.1911902469795261,0.36190204066079423,
sin,2.0,1,7.0,2.110876690060031,13.966271957144466,1.0493233325693114,0.2822459214649755,
sin,2.0,1,8.0,2.102375136397803,13.926154266052682,1.1346320476215184,0.33190797902658764,
sin,2.0,1,9.0,2.0943299784071643,13.884664867801744,1.039965599027749,0.280502765901268,
sin,2.0,1,10.0,2.115527305675673,13.842279082557,1.1357115889139762,0.33658202345917926,1.103731810457078
sin,2.0,1,11.0,2.126663542365702,13.798653844390468,1.0436930661617625,0.2860501374504651,
sin,2.0,1,12.0,2.0977105117074877,13.7558430729402,0.9766244723080265,0.2520291554939826,
sin,2.0,1,13.0,2.1572092980749447,13.716774594826402,0.9584557407845742,0.24412380268011788,
sin,2.0,1,14.0,2.5665497036854243,13.681366817588536,0.8445927026153204,0.19054856371864212,
sin,2.0,1,15.0,2.8784962192006938,13.647728181578831,0.8418404076018495,0.19024305496256982,0.8749053944195108
sin,2.0,1,16.0,3.1631782716545644,13.618077601868555,0.7609743651351699,0.1561271561043625,
sin,2.0,1,17.0,3.4714033881205486,13.594116987542616,0.5462425798105546,0.08073077085520701,
sin,2.0,1,18.0,3.810793244478171,13.575957073254184,0.49196598985492834,0.06565975430198771,
sin,2.0,1,19.0,4.171004098879343,13.566942988766916,0.5208756843006713,0.07370113437317351,
sin,2.0,1,20.0,4.54559559890114,13.57146492411529,0.35332418736915394,0.03388935355791069,0.47959391091606046
sin,2.0,1,21.0,4.925582990613343,13.586901778156939,0.14026798492738984,0.005329006484458715,
sin,2.0,1,22.0,5.310244156020345,13.611873228587154,0.13121238956953,0.004646050245921447,
sin,2.0,1,23.0,5.700085727511801,13.649223472195864,0.2810937475376833,0.021205889146662694,
sin,2.0,1,24.0,6.091817001127743,13.701154170268055,0.2877790762656008,0.022058406023468247,
sin,2.0,1,25.0,6.484097827883959,13.766774336234471,0.1241400526466464,0.0040656451219475715,0.20125052920244235
sin,2.0,1,26.0,6.877295143803647,13.84431889808675,0.015335871913817167,6.135412411387744e-05,
sin,2.0,1,27.0,7.270812640858427,13.933405783211644,0.0019834149756337645,1.01317067186627e-06,
sin,2.0,1,28.0,7.6638723149560715,14.034241860306976,0.0010837086403140128,2.981378826833434e-07,
sin,2.0,1,29.0,8.055753275440184,14.146617254641265,0.002606754964846869,1.697716681212199e-06,
sin,2.0,1,30.0,8.445884984321664,14.27000779373394,0.004605891423571456,5.208935450244684e-06,0.006836845546616488
sin,2.0,1,31.0,8.83386241836275,14.4037693107376,0.001697712433632532,6.946178648533773e-07,
sin,2.0,1,32.0,9.219415847605914,14.547222799533188,0.00013723050313706344,4.449499218702347e-09,
sin,2.0,1,33.0,9.602320660372376,14.699706970095114,1.3313034481459176e-05,4.101160474768706e-11,
sin,2.0,1,34.0,9.98238799392132,14.860579519255653,3.889001378270331e-06,3.4243228711456903e-12,
sin,2.0,1,35.0,10.359469945645237,15.02921608077402,7.699685590972537e-06,1.3123308263018615e-11,1.267017755940668e-05
sin,2.0,1,36.0,10.733450991846238,15.205014958536768,1.7992123871961587e-05,7.001017541292323e-11,
sin,2.0,1,37.0,11.104240671142984,15.387399845442499,1.1691565431580977e-05,2.886588353297629e-11,
sin,2.0,1,38.0,11.471768566282845,15.575821113169203,1.3605435577816878e-06,3.8149864823426986e-13,
sin,2.0,1,39.0,11.835980232516516,15.76975630138714,1.26711947675895e-07,3.228160902320388e-15,
sin,2.0,1,40.0,12.196834291720485,15.968710211392535,2.4500747165640182e-08,1.1770339298138457e-16,3.110717172193034e-08
sin,2.0,1,41.0,12.554300337909511,16.17221472058705,3.219165434620527e-08,1.981151092780136e-16,
sin,2.0,1,42.0,12.908357143755243,16.37982833216529,8.888348387192336e-08,1.472290298406036e-15,
sin,2.0,1,43.0,13.258991180914167,16.591135522550815,9.688731550076894e-08,1.705106965278647e-15,
sin,2.0,1,44.0,13.606195407597085,16.80574593620048,1.8225785998026465e-08,5.880671907703448e-17,
sin,2.0,1,45.0,13.94996826421337,17.023293465381787,1.678638702816423e-09,4.86180231743216e-19,1.9616186567557765e-09
sin,2.0,1,46.0,14.290312837298282,17.243435249023722,2.8370845183212334e-10,1.3535271480524368e-20,
sin,2.0,1,47.0,14.62723616221028,17.465850619547247,1.9663135918798958e-10,6.337180598220376e-21,
sin,2.0,1,48.0,14.960748636268516,17.69024001966324,5.737156360974831e-10,5.258912273388374e-20,
sin,2.0,1,49.0,15.290863523017748,17.916323908429614,9.493161040341497e-10,1.4037633190901498e-19,
sin,2.0,1,50.0,15.617596532097327,18.143841672128204,3.075169811823447e-10,1.4363150618485217e-20,1.7126897095988986e-10
sin,2.0,1,51.0,15.940965461858543,18.372550552147874,3.014695798369469e-11,1.3462263710069253e-22,
sin,2.0,1,52.0,16.260989894284375,18.60222459929295,5.200652032681751e-12,3.9080114783664184e-24,
sin,2.0,1,53.0,16.577690933733354,18.832653661617517,1.900036749203822e-12,5.089451343168565e-25,
sin,2.0,1,54.0,16.891090982493107,19.06364241088755,4.84848241865661e-12,3.2342224578774746e-24,
sin,2.0,1,55.0,17.201213547384864,19.295009411164703,1.0916328238070262e-11,1.600417112577975e-23,1.1932352232820367e-11
sin,2.0,1,56.0,17.508083072660718,19.526586231686693,6.161690947870264e-12,4.978714012452415e-24,
sin,2.0,1,57.0,17.811724795239744,19.75821660515011,7.445959886837328e-13,7.100941003285413e-26,
sin,2.0,1,58.0,18.112164618983844,19.98975563165365,1.303061350760188e-13,2.124637103879488e-27,
sin,2.0,1,59.0,18.409429005255515,20.22106902789813,3.364322032249282e-14,1.3840663189715804e-28,
sin,2.0,1,60.0,18.703544877440002,20.452032420731225,5.347071121720811e-14,3.4176609857795116e-28,1.0023184561011413e-13
sin,2.0,1,61.0,18.994539537480073,20.682530683744993,1.4912093244194614e-13,2.5992010333184757e-27,
sin,2.0,1,62.0,19.28244059277375,20.912457315359223,1.4054831615247625e-13,2.2584535513843912e-27,
sin,2.0,1,63.0,19.567275892036356,21.141713856634002,2.460530295186908e-14,6.772469478935538e-29,
sin,2.0,1,64.0,19.849073468936886,21.370209346933358,4.044239995757293e-15,1.7907142548516968e-30,
sin,2.0,1,65.0,20.12786149249451,21.597859815495354,9.967650847425737e-16,1.064962222048366e-31,2.3774180673441868e-15
sin,2.0,1,66.0,20.40366822336649,21.82458780694008,7.569743935940125e-16,6.015064402310215e-32,
sin,2.0,1,67.0,20.676521975283894,22.05032193875637,2.4830796016413965e-15,6.340469525713882e-31,
sin,2.0,1,68.0,20.946451080993878,22.274996488842746,3.539100131008973e-15,1.262177448353619e-30,
sin,2.0,1,69.0,21.21348386215708,22.498551011231584,1.0189231736908558e-15,1.0255191767873154e-31,
sin,2.0,1,70.0,21.47764860272242,22.72092997819245,1.4269584325216831e-16,1.9721522630525296e-33,1.544292589823829e-16
sin,2.0,1,71.0,21.738973525366212,22.94208244698696,0.0,0.0,
sin,2.0,1,72.0,21.997486770635632,23.16196174962986,0.0,0.0,
sin,2.0,1,73.0,22.253216378484943,23.380525204096823,0.0,0.0,
sin,2.0,1,74.0,22.50619027193063,23.597733845506276,1.0479498977702962e-16,9.860761315262648e-34,
sin,2.0,1,75.0,22.756436242587526,23.8135521758895,0.0,0.0,0.0
sin,2.0,1,76.0,23.003981937877256,24.027947931248423,0.0,0.0,
sin,2.0,1,77.0,23.248854849724502,24.2408918646832,0.0,0.0,
sin,2.0,1,78.0,23.491082304581308,24.452357544451893,0.0,0.0,
sin,2.0,1,79.0,23.7306914546355,24.662321165900593,0.0,0.0,
sin,2.0,1,80.0,23.96770927007961,24.87076137627535,0.0,0.0,0.0
sin,2.0,1,81.0,24.20216253232753,25.07765911149582,0.0,0.0,
sin,2.0,1,82.0,24.434077828081968,25.282997444035736,0.0,0.0,
sin,2.0,1,83.0,24.66348154416436,25.48676144111607,0.0,0.0,
sin,2.0,1,84.0,24.890399863030474,25.68893803247401,0.0,0.0,
sin,2.0,1,85.0,25.11485875890246,25.88951588702435,0.0,0.0,0.0
sin,2.0,1,86.0,25.33688399445529,26.088485297779634,0.0,0.0,
sin,2.0,1,87.0,25.556501118003418,26.28583807444193,0.0,0.0,
sin,2.0,1,88.0,25.773735461137772,26.481567443122103,0.0,0.0,
sin,2.0,1,89.0,25.988612136769696,26.675667952682797,0.0,0.0,
sin,2.0,1,90.0,26.201156037541878,26.86813538723821,0.0,0.0,0.0
sin,2.0,1,91.0,26.411391834571134,27.058966684378465,0.0,0.0,
sin,2.0,1,92.0,26.619343976490843,27.248159858718218,0.0,0.0,
sin,2.0,1,93.0,26.825036688765262,27.435713930398563,0.0,0.0,
sin,2.0,1,94.0,27.028493973248214,27.621628858198857,0.0,0.0,
sin,2.0,1,95.0,27.229739607964895,27.805905476940172,0.0,0.0,0.0
sin,2.0,1,96.0,27.42879714709392,27.988545438885588,0.0,0.0,
sin,2.0,1,97.0,27.625689921132107,28.16955115886398,0.0,0.0,
sin,2.0,1,98.0,27.82044103722295,28.34892576286412,0.0,0.0,
sin,2.0,1,99.0,28.01307337963546,28.52667303986414,0.0,0.0,
sin,2.0,1,100.0,28.203609610377136,28.702797396678637,0.0,0.0,0.0
sin,2.0,1,101.0,28.392072169929353,28.877303815621303,0.0,0.0,
sin,2.0,1,102.0,28.578483278093277,29.05019781479559,0.0,0.0,
sin,2.0,1,103.0,28.762864934935294,29.221485410839374,0.0,0.0,
sin,2.0,1,104.0,28.945238921823087,29.39117308396193,0.0,0.0,
sin,2.0,1,105.0,29.12562680254262,29.55926774512314,0.0,0.0,0.0
sin,2.0,1,106.0,29.304049924488456,29.72577670521537,0.0,0.0,
sin,2.0,1,107.0,29.480529419920597,29.890707646118354,0.0,0.0,
sin,2.0,1,108.0,29.655086207279773,30.054068593506425,0.0,0.0,
sin,2.0,1,109.0,29.827740992556823,30.215867891295996,0.0,0.0,
sin,2.0,1,110.0,29.998514270708828,30.376114177628747,0.0,0.0,0.0
sin,2.0,1,111.0,30.167426327118456,30.534816362293416,0.0,0.0,
sin,2.0,1,112.0,30.33449723909072,30.691983605495572,0.0,0.0,
sin,2.0,1,113.0,30.49974687738325,30.847625297891085,0.0,0.0,
sin,2.0,1,114.0,30.663194907766417,31.001751041804585,0.0,0.0,
sin,2.0,1,115.0,30.82486079260941,31.154370633559644,0.0,0.0,0.0
sin,2.0,1,116.0,30.98476379248872,31.305494046852267,0.0,0.0,
sin,2.0,1,117.0,31.142922967816776,31.455131417103807,0.0,0.0,
sin,2.0,1,118.0,31.299357180487053,31.603293026733827,0.0,0.0,
sin,2.0,1,119.0,31.454085095533944,31.749989291297084,0.0,0.0,
sin,2.0,1,120.0,31.6071251828042,31.895230746432787,0.0,0.0,0.0
sin,2.0,1,121.0,31.7584957186388,32.0390280355774,0.0,0.0,
sin,2.0,1,122.0,31.908214787561988,32.18139189839561,0.0,0.0,
sin,2.0,1,123.0,32.0563002839771,32.322333159886824,0.0,0.0,
sin,2.0,1,124.0,32.2027699138663,32.46186272012762,0.0,0.0,
sin,2.0,1,125.0,32.34764119649343,32.599991544612514,0.0,0.0,0.0
sin,2.0,1,126.0,32.49093146610839,32.736730655158624,0.0,0.0,
sin,2.0,1,127.0,32.63265787365117,32.8720911213411,0.0,0.0,
sin,2.0,1,128.0,32.772837388455635,33.00608405242893,0.0,0.0,
sin,2.0,1,129.0,32.91148679995075,33.138720589792335,0.0,0.0,
sin,2.0,1,130.0,33.04862271935842,33.270011899754685,0.0,0.0,0.0
sin,2.0,1,131.0,33.18426158138809,33.39996916686384,0.0,0.0,
sin,2.0,1,132.0,33.31841964592577,33.52860358755898,0.0,0.0,
sin,2.0,1,133.0,33.45111299971751,33.65592636421072,0.0,0.0,
sin,2.0,1,134.0,33.58235755804704,33.78194869951357,0.0,0.0,
sin,2.0,1,135.0,33.712169066405515,33.90668179121099,0.0,0.0,0.0
sin,2.0,1,136.0,33.84056310215441,34.03013682713464,0.0,0.0,
sin,2.0,1,137.0,33.967555076180204,34.15232498054022,0.0,0.0,
sin,2.0,1,138.0,34.09316023453964,34.27325740572383,0.0,0.0,
sin,2.0,1,139.0,34.2173936600969,34.39294523390312,0.0,0.0,
sin,2.0,1,140.0,34.34027027415076,34.51139956934895,0.0,0.0,0.0
sin,2.0,1,141.0,34.461804838051606,34.628631485753786,0.0,0.0,
sin,2.0,1,142.0,34.58201195480901,34.744652022824,0.0,0.0,
sin,2.0,1,143.0,34.70090607068772,34.85947218308395,0.0,0.0,
sin,2.0,1,144.0,34.81850147679401,34.97310292888041,0.0,0.0,
sin,2.0,1,145.0,34.93481231064989,35.085555179576474,0.0,0.0,0.0
sin,2.0,1,146.0,35.04985255775654,35.19683980892496,0.0,0.0,
sin,2.0,1,147.0,35.163636053146625,35.30696764261155,0.0,0.0,
sin,2.0,1,148.0,35.27617648292392,35.415949455958625,0.0,0.0,
sin,2.0,1,149.0,35.38748738579219,35.52379597178135,0.0,0.0,
sin,2.0,1,150.0,35.497582154571234,35.630517858387805,0.0,0.0,0.0
sin,2.0,1,151.0,35.60647403770165,35.73612572771569,0.0,0.0,
sin,2.0,1,152.0,35.71417614073658,35.84063013359813,0.0,0.0,
sin,2.0,1,153.0,35.82070142782178,35.94404157015214,0.0,0.0,
sin,2.0,1,154.0,35.92606272316302,36.04637047028291,0.0,0.0,
sin,2.0,1,155.0,36.03027271248131,36.14762720429811,0.0,0.0,0.0
sin,2.0,1,156.0,36.133343944455305,36.247822078626335,0.0,0.0,
sin,2.0,1,157.0,36.23528883215139,36.34696533463421,0.0,0.0,
sin,2.0,1,158.0,36.336119654441305,36.445067147537046,0.0,0.0,
sin,2.0,1,159.0,36.4358485574072,36.54213762539813,0.0,0.0,
sin,2.0,1,160.0,36.534487555733676,36.63818680821201,0.0,0.0,0.0
sin,2.0,1,161.0,36.632048534088106,36.733224667067475,0.0,0.0,
sin,2.0,1,162.0,36.72854324848732,36.827261103385865,0.0,0.0,
sin,2.0,1,163.0,36.82398332765285,36.92030594823106,0.0,0.0,
sin,2.0,1,164.0,36.91838027435245,37.01236896168717,0.0,0.0,
sin,2.0,1,165.0,37.011745466730545,37.10345983230051,0.0,0.0,0.0
sin,2.0,1,166.0,37.10409015962458,37.19358817658246,0.0,0.0,
sin,2.0,1,167.0,37.19542548587013,37.28276353857011,0.0,0.0,
sin,2.0,1,168.0,37.285762457593385,37.370995389441475,0.0,0.0,
sin,2.0,1,169.0,37.37511196749058,37.45829312718266,0.0,0.0,
sin,2.0,1,170.0,37.46348479009622,37.544666076304026,0.0,0.0,0.0
sin,2.0,1,171.0,37.55089158303808,37.63012348760299,0.0,0.0,
sin,2.0,1,172.0,37.63734288828075,37.714674537970765,0.0,0.0,
sin,2.0,1,173.0,37.72284913335637,37.79832833024099,0.0,0.0,
sin,2.0,1,174.0,37.80742063258397,37.881093893077725,0.0,0.0,
sin,2.0,1,175.0,37.89106758827633,37.962980180901,0.0,0.0,0.0
sin,2.0,1,176.0,37.97380009193517,38.04399607384772,0.0,0.0,
sin,2.0,1,177.0,38.05562812543433,38.124150377766156,0.0,0.0,
sin,2.0,1,178.0,38.136561562191176,38.203451824242045,0.0,0.0,
sin,2.0,1,179.0,38.21661016832664,38.28190907065486,0.0,0.0,
sin,2.0,1,180.0,38.29578360381308,38.35953070026232,0.0,0.0,0.0
sin,2.0,1,181.0,38.374091423610984,38.43632522231179,0.0,0.0,
sin,2.0,1,182.0,38.451543078794245,38.512301072176996,0.0,0.0,
sin,2.0,1,183.0,38.528147917663595,38.58746661151875,0.0,0.0,
sin,2.0,1,184.0,38.60391518684932,38.66183012846819,0.0,0.0,
sin,2.0,1,185.0,38.678854032402555,38.73539983783142,0.0,0.0,0.0
sin,2.0,1,186.0,38.752973500875115,38.80818388131431,0.0,0.0,
sin,2.0,1,187.0,38.8262825403888,38.88019032776615,0.0,0.0,
sin,2.0,1,188.0,38.89879000169354,38.95142717344137,0.0,0.0,
sin,2.0,1,189.0,38.97050463921463,39.021902342277926,0.0,0.0,
sin,2.0,1,190.0,39.0414351120891,39.09162368619169,0.0,0.0,0.0
sin,2.0,1,191.0,39.1115899851916,39.16059898538559,0.0,0.0,
sin,2.0,1,192.0,39.18097773014964,39.2288359486729,0.0,0.0,
sin,2.0,1,193.0,39.24960672634845,39.29634221381359,0.0,0.0,
sin,2.0,1,194.0,39.31748526192483,39.363125347863026,0.0,0.0,
sin,2.0,1,195.0,39.384621534751545,39.429192847532256,0.0,0.0,0.0
sin,2.0,1,196.0,39.45102365341084,39.494552139559076,0.0,0.0,
sin,2.0,1,197.0,39.516699638158066,39.55921058108924,0.0,0.0,
sin,2.0,1,198.0,39.58165742187519,39.62317546006706,0.0,0.0,
sin,2.0,1,199.0,39.645904851014244,39.68645399563487,0.0,0.0,
sin,2.0,1,200.0,39.7094496865314,39.74905333854066,0.0,0.0,0.0
sin,2.0,1,201.0,39.77229960481031,39.8109805715533,0.0,0.0,
sin,2.0,1,202.0,39.83446219857665,39.87224270988485,0.0,0.0,
sin,2.0,1,203.0,39.8959449778028,39.93284670161937,0.0,0.0,
sin,2.0,1,204.0,39.95675537060263,39.992799428147826,0.0,0.0,
sin,2.0,1,205.0,40.01690072411728,40.05210770460851,0.0,0.0,0.0
sin,2.0,1,206.0,40.07638830539162,40.11077828033253,0.0,0.0,
sin,2.0,1,207.0,40.135225302241075,40.168817839294036,0.0,0.0,
sin,2.0,1,208.0,40.19341882410966,40.22623300056464,0.0,0.0,
sin,2.0,1,209.0,40.25097590291888,40.28303031877175,0.0,0.0,
sin,2.0,1,210.0,40.307903493907325,40.339216284560344,0.0,0.0,0.0
sin,2.0,1,211.0,40.36420847646184,40.3947973250579,0.0,0.0,
sin,2.0,1,212.0,40.419897654939604,40.44977980434214,0.0,0.0,
sin,2.0,1,213.0,40.474977759481526,40.5041700239112,0.0,0.0,
sin,2.0,1,214.0,40.52945544681688,40.55797422315597,0.0,0.0,
sin,2.0,1,215.0,40.58333730105968,40.61119857983434,0.0,0.0,0.0
sin,2.0,1,216.0,40.636629834496205,40.663849210547,0.0,0.0,
sin,2.0,1,217.0,40.68933948836469,40.715932171214575,0.0,0.0,
sin,2.0,1,218.0,40.741472633625875,40.76745345755585,0.0,0.0,
sin,2.0,1,219.0,40.79303557172614,40.81841900556681,0.0,0.0,
sin,2.0,1,220.0,40.844034535352186,40.86883469200027,0.0,0.0,0.0
sin,2.0,1,221.0,40.89447568917743,40.91870633484597,0.0,0.0,
sin,2.0,1,222.0,40.94436513060074,40.96803969381075,0.0,0.0,
sin,2.0,1,223.0,40.99370889047723,41.01684047079877,0.0,0.0,
sin,2.0,1,224.0,41.04251293384096,41.06511431039156,0.0,0.0,
sin,2.0,1,225.0,41.09078316062039,41.112866800327595,0.0,0.0,0.0
sin,2.0,1,226.0,41.13852540634574,41.16010347198147,0.0,0.0,
sin,2.0,1,227.0,41.18574544284873,41.20682980084222,0.0,0.0,
sin,2.0,1,228.0,41.23244897895533,41.25305120699089,0.0,0.0,
sin,2.0,1,229.0,41.27864166117059,41.29877305557707,0.0,0.0,
sin,2.0,1,230.0,41.32432907435632,41.34400065729431,0.0,0.0,0.0
sin,2.0,1,231.0,41.36951674240123,41.38873926885424,0.0,0.0,
sin,2.0,1,232.0,41.41421012888439,41.43299409345937,0.0,0.0,
sin,2.0,1,233.0,41.45841463773119,41.47677028127431,0.0,0.0,
sin,2.0,1,234.0,41.502135613861995,41.52007292989545,0.0,0.0,
sin,2.0,1,235.0,41.54537834383475,41.562907084818875,0.0,0.0,0.0
sin,2.0,1,236.0,41.58814805647942,41.60527773990652,0.0,0.0,
sin,2.0,1,237.0,41.630449923526534,41.64718983785037,0.0,0.0,
sin,2.0,1,238.0,41.67228906022875,41.68864827063471,0.0,0.0,
sin,2.0,1,239.0,41.713670525975516,41.72965787999629,0.0,0.0,
sin,2.0,1,240.0,41.754599324901015,41.770223457882324,0.0,0.0,0.0
sin,2.0,1,241.0,41.795080406486065,41.8103497469063,0.0,0.0,
sin,2.0,1,242.0,41.83511866615322,41.85004144080146,0.0,0.0,
sin,2.0,1,243.0,41.87471894585513,41.889303184871984,0.0,0.0,
sin,2.0,1,244.0,41.91388603465727,41.92813957644167,0.0,0.0,
sin,2.0,1,245.0,41.95262466931364,41.96655516530022,0.0,0.0,0.0
sin,2.0,1,246.0,41.99093953483672,42.00455445414698,0.0,0.0,
sin,2.0,1,247.0,42.028835265061254,42.04214189903207,0.0,0.0,
sin,2.0,1,248.0,42.06631644320147,42.07932190979493,0.0,0.0,
sin,2.0,1,249.0,42.103387602403075,42.116098850500215,0.0,0.0,
sin,2.0,1,250.0,42.14005322628854,42.15247703987093,0.0,0.0,0.0
sin,2.0,1,251.0,42.176317749496775,42.188460751718885,0.0,0.0,
sin,2.0,1,252.0,42.21218555821686,42.2240542153723,0.0,0.0,
sin,2.0,1,253.0,42.247660990716646,42.2592616161007,0.0,0.0,
sin,2.0,1,254.0,42.28274833786439,42.294087095536895,0.0,0.0,
sin,2.0,1,255.0,42.317451843645884,42.328534752096125,0.0,0.0,0.0
sin,2.0,1,256.0,42.35177570567543,42.3626086413923,0.0,0.0,
sin,2.0,1,257.0,42.38572407570139,42.396312776651385,0.0,0.0,
sin,2.0,1,258.0,42.41930106010632,42.42965112912176,0.0,0.0,
sin,2.0,1,259.0,42.45251072040142,42.462627628481734,0.0,0.0,
sin,2.0,1,260.0,42.48535707371609,42.49524616324401,0.0,0.0,0.0
sin,2.0,1,261.0,42.517844093281894,42.527510581157244,0.0,0.0,
sin,2.0,1,262.0,42.549975708911155,42.559424689604526,0.0,0.0,
sin,2.0,1,263.0,42.58175580747045,42.59099225599895,0.0,0.0,
sin,2.0,1,264.0,42.61318823334953,42.622217008176115,0.0,0.0,
sin,2.0,1,265.0,42.64427678892387,42.653102634783615,0.0,0.0,0.0
sin,2.0,1,266.0,42.67502523501366,42.68365278566752,0.0,0.0,
sin,2.0,1,267.0,42.70543729133673,42.71387107225583,0.0,0.0,
sin,2.0,1,268.0,42.735516636957136,42.74376106793882,0.0,0.0,
sin,2.0,1,269.0,42.76526691072874,42.7733263084465,0.0,0.0,
sin,2.0,1,270.0,42.79469171173385,42.80257029222286,0.0,0.0,0.0
sin,2.0,1,271.0,42.82379459971697,42.83149648079722,0.0,0.0,
sin,2.0,1,272.0,42.85257909551464,42.860108299152465,0.0,0.0,
sin,2.0,1,273.0,42.88104868147922,42.88840913609027,0.0,0.0,
sin,2.0,1,274.0,42.90920680189985,42.91640234459328,0.0,0.0,
sin,2.0,1,275.0,42.93705686341676,42.94409124218429,0.0,0.0,0.0
sin,2.0,1,276.0,42.96460223543305,42.9714791112824,0.0,0.0,
sin,2.0,1,277.0,42.99184625052065,42.998569199556094,0.0,0.0,
sin,2.0,1,278.0,43.01879220482252,43.025364720273394,0.0,0.0,
sin,2.0,1,279.0,43.04544335845011,43.05186885264898,0.0,0.0,
sin,2.0,1,280.0,43.07180293587695,43.078084742188274,0.0,0.0,0.0
sin,2.0,1,281.0,43.097874126327504,43.104015501028606,0.0,0.0,
sin,2.0,1,282.0,43.12366008416184,43.129664208277376,0.0,0.0,
sin,2.0,1,283.0,43.149163929256574,43.155033910347235,0.0,0.0,
sin,2.0,1,284.0,43.17438874738111,43.18012762128833,0.0,0.0,
sin,2.0,1,285.0,43.199337590570195,43.204948323117605,0.0,0.0,0.0
sin,2.0,1,286.0,43.224013477492036,43.22949896614518,0.0,0.0,
sin,2.0,1,287.0,43.24841939381292,43.253782469297796,0.0,0.0,
sin,2.0,1,288.0,43.27255829255719,43.277801720439356,0.0,0.0,
sin,2.0,1,289.0,43.296433094464085,43.301559576688575,0.0,0.0,
sin,2.0,1,290.0,43.320046688339936,43.325058864733776,0.0,0.0,0.0
sin,2.0,1,291.0,43.34340193140718,43.34830238114478,0.0,0.0,
sin,2.0,1,292.0,43.366501649649145,43.371292892681986,0.0,0.0,
sin,2.0,1,293.0,43.38934863815109,43.39403313660259,0.0,0.0,
sin,2.0,1,294.0,43.411945661437976,43.416525820964004,0.0,0.0,
sin,2.0,1,295.0,43.43429545380794,43.43877362492445,0.0,0.0,0.0
sin,2.0,1,296.0,43.45640071966257,43.460779199040786,0.0,0.0,
sin,2.0,1,297.0,43.47826413383336,43.482545165563586,0.0,0.0,
sin,2.0,1,298.0,43.49988834190496,43.50407411872937,0.0,0.0,
sin,2.0,1,299.0,43.52127596053434,43.52536862505023,0.0,0.0,
white,0.3,0,0.0,0.2957897902982834,2.12108641364672,0.22278584678529556,0.5516053564006781,0.2400099573477578
white,0.3,0,1.0,0.29547783533754873,2.118887330431935,0.22054249309668633,0.5416750540963694,
white,0.3,0,2.0,0.29509441590348773,2.1165962850269073,0.22505278376239998,0.565278833368774,
white,0.3,0,3.0,0.29468845201318095,2.1143694363621974,0.22250237327191688,0.5537038648820218,
white,0.3,0,4.0,0.2943263697683886,2.112210497376551,0.23538896687664757,0.6209659926177694,
white,0.3,0,5.0,0.29401426442208284,2.1100100829668205,0.22867874105970637,0.5872898949523616,0.2424792191926757
white,0.3,0,6.0,0.2936607770848804,2.1078298745120203,0.23443775561969807,0.6185203647816307,
white,0.3,0,7.0,0.29318656434741774,2.1055731590862017,0.2446476432576962,0.6750118634781829,
white,0.3,0,8.0,0.29276485258573504,2.103336569773925,0.2331363155849548,0.6142884026866926,
white,0.3,0,9.0,0.2924001333321339,2.1010836652289133,0.22121806357312535,0.5542739710763026,
white,0.3,0,10.0,0.29192510519906084,2.098918138650119,0.2350622138325018,0.6271113297384381,0.23545909383882513
white,0.3,0,11.0,0.29154149927619755,2.096799184904227,0.23385299962507525,0.6219310162908998,
white,0.3,0,12.0,0.29123091682551416,2.094662971431523,0.24088547918503522,0.6612458136098628,
white,0.3,0,13.0,0.29094394085314834,2.09252184212774,0.228821500508312,0.5978932670902114,
white,0.3,0,14.0,0.2906333723145727,2.0903346983154907,0.22641866141966233,0.5866279917636976,
white,0.3,0,15.0,0.29027551024367965,2.088110352136889,0.23343620349491043,0.6248841862709134,0.23100942373820635
white,0.3,0,16.0,0.28993245093555753,2.08589358439234,0.23378149500243084,0.6280669935587909,
white,0.3,0,17.0,0.28939001112511814,2.0836700013833482,0.21445077640174412,0.5296236520533673,
white,0.3,0,18.0,0.2887108658771075,2.081506033434304,0.20740463510302481,0.49642263086753097,
white,0.3,0,19.0,0.2883735240717911,2.0793192553208386,0.22372592110498524,0.5788423037062429,
white,0.3,0,20.0,0.28803927998356565,2.0771111123068575,0.20724159722092148,0.49774213638384035,0.2181553602293301
white,0.3,0,21.0,0.2877135960451081,2.0749146207088014,0.22825253439958465,0.6050632270667426,
white,0.3,0,22.0,0.2873954414615609,2.072755241193545,0.2329135616945352,0.6313403019516521,
white,0.3,0,23.0,0.28689749183306884,2.070644178405,0.23640637680819518,0.6517445780826862,
white,0.3,0,24.0,0.2864860222151836,2.068492228198709,0.2240624144545953,0.5866785911937715,
white,0.3,0,25.0,0.28585448920241857,2.0662603606591867,0.21808560251354053,0.5569983475837047,0.2037620644595344
white,0.3,0,26.0,0.28543092733025527,2.0641839022050457,0.2127173942609658,0.5309813158051941,
white,0.3,0,27.0,0.2850805362685973,2.0620935631693853,0.2272131936136193,0.6070442686800659,
white,0.3,0,28.0,0.2847011803585737,2.059955313256169,0.22173413559341543,0.5793213313471811,
white,0.3,0,29.0,0.28443147331910246,2.0578746576580267,0.2170545852513913,0.556250092003088,
white,0.3,0,30.0,0.2841896617939035,2.0557130751884536,0.2122038438414639,0.5327844007817572,0.2102971063438835
white,0.3,0,31.0,0.28383222617481085,2.053475197872701,0.22040105895112796,0.5759946299274081,
white,0.3,0,32.0,0.28350642938341136,2.051389987363014,0.22409589470180058,0.5966798098666168,
white,0.3,0,33.0,0.2832145892741299,2.0492302838611227,0.217993096890138,0.5658143478281178,
white,0.3,0,34.0,0.2828858513811224,2.0470869081369645,0.20495949061391375,0.5012259051312767,
white,0.3,0,35.0,0.28248511657936265,2.044999990373966,0.23324295458102942,0.6504298321249016,0.2313704280710887
white,0.3,0,36.0,0.2820322502489562,2.042817401206968,0.2068666223930244,0.512733571759371,
white,0.3,0,37.0,0.281603235002455,2.040604331994186,0.2233289922365955,0.5988838589164951,
white,0.3,0,38.0,0.2812725365109435,2.0384843976529687,0.22423001126122577,0.6049823412806219,
white,0.3,0,39.0,0.2809906067612957,2.0363670454295923,0.22866204420440794,0.630443319801314,
white,0.3,0,40.0,0.2806492581457996,2.0343255619827825,0.20968038249138737,0.5311836419825233,0.20555182830924962
white,0.3,0,41.0,0.28022314189660646,2.0322339445777584,0.2074532763232927,0.5210305617363187,
white,0.3,0,42.0,0.27995993836807886,2.030076293438754,0.2032074165889847,0.5009846208969033,
white,0.3,0,43.0,0.279678236798446,2.0280051913548487,0.2174656550375038,0.5749277011079584,
white,0.3,0,44.0,0.2793497163224881,2.026063137725574,0.22803443995212705,0.6333808678900873,
white,0.3,0,45.0,0.2790230254404423,2.0239654675169563,0.2152746702825949,0.565652450662827,0.21585624045275487
white,0.3,0,46.0,0.2786170213805779,2.0217797970866003,0.23576782607637325,0.6799412314518658,
white,0.3,0,47.0,0.2783370614172924,2.019633082122782,0.21492077959800232,0.5662156474073804,
white,0.3,0,48.0,0.27799824001196893,2.017484027837584,0.2102461834374303,0.543007759661711,
white,0.3,0,49.0,0.27761354402766014,2.015415660545491,0.22855248486112636,0.6430024701988376,
white,0.3,0,50.0,0.27729408467532674,2.013344045106595,0.20471994747056638,0.5169569021400896,0.20885440440266329
white,0.3,0,51.0,0.27697561679005034,2.0112168576784897,0.21787695944675756,0.5867793410294923,
white,0.3,0,52.0,0.27664608038446364,2.0090409046205093,0.22569334927341383,0.6310008858232383,
white,0.3,0,53.0,0.27635058262939055,2.0069866798400278,0.2067902896516256,0.5308127025375249,
white,0.3,0,54.0,0.27604836236917535,2.0049140232621694,0.2155389373701304,0.5778697650197099,
white,0.3,0,55.0,0.27571336445385597,2.0028350364623635,0.22323390494819495,0.6211549589003404,0.2229941448039801
white,0.3,0,56.0,0.2752985497273096,2.000713144788448,0.2085802828538345,0.5434340636776321,
white,0.3,0,57.0,0.2748759060122849,1.9986002509034624,0.22565203357976804,0.6373773594135802,
white,0.3,0,58.0,0.27454160280988904,1.996494811868166,0.22939912008265623,0.6601112401800637,
white,0.3,0,59.0,0.27400865544236847,1.9944120201032474,0.20659740846472097,0.5365250174980426,
white,0.3,0,60.0,0.27366320856411486,1.992345252592592,0.22379077304910908,0.6308486219587295,0.2139923205593574
white,0.3,0,61.0,0.27337361113122965,1.9902845387754433,0.21812757938682323,0.6005661160406409,
white,0.3,0,62.0,0.2730143298391046,1.9881204967333965,0.21656639918434117,0.593289620031989,
white,0.3,0,63.0,0.2727106009427473,1.9859337221964006,0.21853818178864778,0.6054735202079707,
white,0.3,0,64.0,0.2723621648658397,1.9837519299757544,0.21933183835010878,0.6112215209108753,
white,0.3,0,65.0,0.271993357385453,1.9816872793615636,0.22583620428443452,0.6493620332574206,0.22757904006897844
white,0.3,0,66.0,0.2717184701809699,1.9795878705227656,0.21096447242446845,0.5678571309660737,
white,0.3,0,67.0,0.27141489961005316,1.9774620864286068,0.21418358727007528,0.5865783767274966,
white,0.3,0,68.0,0.2710582540446399,1.9754035488115385,0.2121845506354642,0.5768805062455657,
white,0.3,0,69.0,0.2706598879454336,1.973282485603703,0.2326203487284509,0.6948433202094577,
white,0.3,0,70.0,0.27034877027336834,1.9711973823904734,0.2080609629085791,0.5570459036991662,0.23234871781154365
white,0.3,0,71.0,0.26993119572104385,1.9690879266309418,0.21369321349876616,0.5888724622562971,
white,0.3,0,72.0,0.26953969533235417,1.9670113389127302,0.21486503303433718,0.5966062057460984,
white,0.3,0,73.0,0.26922150348241347,1.964931161748374,0.21114092395335368,0.5773247277265091,
white,0.3,0,74.0,0.26894754144306837,1.9629080808666781,0.22710607546548622,0.6693104156609253,
white,0.3,0,75.0,0.2688310540206575,1.9608064418982778,0.21159587028743893,0.5822572822069978,0.2129809207605654
white,0.3,0,76.0,0.26891595465308693,1.9587817306259596,0.2195801703308209,0.6283247254155996,
white,0.3,0,77.0,0.26885403541991804,1.9568317081084483,0.2049190843339517,0.5483121425561336,
white,0.3,0,78.0,0.2686123634531519,1.9547572392029178,0.22160793954567956,0.642621091740024,
white,0.3,0,79.0,0.268292962014448,1.9526384969595787,0.2276494213592104,0.6796094532251057,
white,0.3,0,80.0,0.26787425727219544,1.9505175480303705,0.21350398730072062,0.5990764683494518,0.22003256374834929
white,0.3,0,81.0,0.26762430721701613,1.9484929936286075,0.2167129956041006,0.6185035805349248,
white,0.3,0,82.0,0.2673473787682036,1.9464699243148116,0.20813093768169807,0.5716732759701537,
white,0.3,0,83.0,0.2671284758886269,1.9443068415618858,0.21492939705397224,0.6109870935514385,
white,0.3,0,84.0,0.26697150778169676,1.9422392771301498,0.2119320526943708,0.5953300828167839,
white,0.3,0,85.0,0.26675905292252566,1.9402292992286876,0.21258393796324113,0.6002397918205589,0.2040360573304279
white,0.3,0,86.0,0.26651175185644743,1.9382837846508445,0.2071474755446947,0.5710768683764867,
white,0.3,0,87.0,0.2662241862972598,1.9361819378871248,0.2062072787695992,0.5671339653327037,
white,0.3,0,88.0,0.2660095452217112,1.9341492110198117,0.21166836952747348,0.5988278407626271,
white,0.3,0,89.0,0.26572658116109044,1.9320905206672427,0.21674295569427168,0.6292236647109788,
white,0.3,0,90.0,0.2655029895635924,1.9300863852254224,0.20267832510408998,0.5513547535943173,0.2086251865121845
white,0.3,0,91.0,0.26527022336589623,1.9280753845420537,0.21568414616454612,0.6256888722191667,
white,0.3,0,92.0,0.26495415434248554,1.9260750606216939,0.19976656861837816,0.537859951246362,
white,0.3,0,93.0,0.264699083911454,1.924063764325767,0.19361290666066738,0.5062904003952254,
white,0.3,0,94.0,0.26446250508391356,1.922067430739787,0.19975440358467658,0.5400394535855294,
white,0.3,0,95.0,0.2642561036121493,1.920110112275735,0.2082389117767361,0.5880869005842227,0.21294008508444595
white,0.3,0,96.0,0.26398048133235347,1.9181424080962126,0.2032913714311025,0.561624702101339,
white,0.3,0,97.0,0.26399044963563684,1.9161653153387603,0.2046288991166519,0.5702141503872062,
white,0.3,0,98.0,0.26447907027503414,1.9143347272402935,0.19814303088568055,0.5356632506752671,
white,0.3,0,99.0,0.2647614821427507,1.9123855072796045,0.20861609618439464,0.5949969577783585,
white,0.3,0,100.0,0.2647099884217905,1.9103400053212003,0.21283988812396562,0.6206613578280997,0.2082773785730755
white,0.3,0,101.0,0.2645870927548995,1.9083240545380773,0.2021865539266544,0.5612680171790053,
white,0.3,0,102.0,0.26432778237830296,1.9063131265656375,0.19501475029480794,0.5232586906264861,
white,0.3,0,103.0,0.26404714554590275,1.9043200428061198,0.20825392246085797,0.5979660232161135,
white,0.3,0,104.0,0.26391295786296326,1.9024067017018422,0.2086967888154241,0.6017204939612576,
white,0.3,0,105.0,0.26379067642549686,1.900457761778652,0.20347425541728129,0.573155542857525,0.2247171720951789
white,0.3,0,106.0,0.26359207005522733,1.898478022188729,0.21542741593134668,0.6438145698231615,
white,0.3,0,107.0,0.2633484886775772,1.8965028060174765,0.21723394740322605,0.6560220137223334,
white,0.3,0,108.0,0.2633823279575832,1.8946086609480797,0.19592384421417267,0.5346943003513173,
white,0.3,0,109.0,0.26345153487339634,1.8927177493851717,0.2087983033613362,0.6084882907345157,
white,0.3,0,110.0,0.2633179361556205,1.89077201451237,0.19496180571182914,0.5316070725406855,0.21590329012464177
white,0.3,0,111.0,0.26315443295419383,1.8888470691673949,0.20479738256440128,0.5877940894005487,
white,0.3,0,112.0,0.26288826577202795,1.8868894620547143,0.20379385147103987,0.5832560339586673,
white,0.3,0,113.0,0.2626253902151151,1.8849379517631357,0.21405620887790214,0.6448096758721148,
white,0.3,0,114.0,0.262512768098533,1.8830422857961608,0.20900080817706124,0.6159504685159162,
white,0.3,0,115.0,0.2623287662238186,1.8810884049879917,0.18933454907585345,0.5065371829640167,0.20978283367760825
white,0.3,0,116.0,0.2620690773275952,1.8791612411901686,0.21270813438074918,0.6406341840588438,
white,0.3,0,117.0,0.26179325266872794,1.877339434123242,0.20693651640614688,0.6075173236230746,
white,0.3,0,118.0,0.2615080918987839,1.8754534567355166,0.20776037920531992,0.6135965110589854,
white,0.3,0,119.0,0.2612666929728306,1.873537253582225,0.19811314456173565,0.5590773796461846,
white,0.3,0,120.0,0.2610366503738129,1.8715753879068515,0.21261932166157305,0.645298729535076,0.20755948455731363
white,0.3,0,121.0,0.2607672228868181,1.8695834077619828,0.19547633922851337,0.546598843573518,
white,0.3,0,122.0,0.26064159926637726,1.867624806678803,0.19724089593169888,0.5576794865387344,
white,0.3,0,123.0,0.26041791832721894,1.865675002074616,0.20185561752430192,0.5853015840073043,
white,0.3,0,124.0,0.26019371577277023,1.8637636173764982,0.2017128626980496,0.5856734420655128,
white,0.3,0,125.0,0.2600104328584746,1.8618513383030604,0.21080889097864214,0.6409997333251342,0.22571941028894268
white,0.3,0,126.0,0.25979704797902503,1.8599468529515306,0.20401292505431984,0.6015674100653086,
white,0.3,0,127.0,0.2595276119168871,1.8580150212240147,0.20633761886326113,0.6166353127729408,
white,0.3,0,128.0,0.25922194642731955,1.856133754493301,0.21188062335590135,0.651529299747369,
white,0.3,0,129.0,0.25903049993960114,1.8542711992162835,0.19663074015892962,0.5622459381507906,
white,0.3,0,130.0,0.25884308296657754,1.852406243260155,0.2062725645138409,0.619983980840281,0.19881496748083907
white,0.3,0,131.0,0.258567428684022,1.85048055068016,0.1985275305496957,0.5754961673142877,
white,0.3,0,132.0,0.2583325637441404,1.8484930966390627,0.2033565610857829,0.6051328317031358,
white,0.3,0,133.0,0.2580981308069813,1.8466511072693332,0.19362258746151026,0.5496830455452923,
white,0.3,0,134.0,0.25784190521107075,1.8447198147300752,0.19707791901702826,0.5706700949266748,
white,0.3,0,135.0,0.2575800421242106,1.8427710524564833,0.2023483959214016,0.6028743037656853,0.20137083419889396
white,0.3,0,136.0,0.25726916801383326,1.8408452324375688,0.20747123853544353,0.6351133611384499,
white,0.3,0,137.0,0.25701252908163763,1.8389482546837148,0.19668958123143085,0.5719969297799147,
white,0.3,0,138.0,0.25686234786567913,1.8370370905290012,0.20188618232141073,0.6038754102578178,
white,0.3,0,139.0,0.25664297870334596,1.8350974719208408,0.19903760965700285,0.5881959437550727,
white,0.3,0,140.0,0.25627260600193186,1.8331376798815426,0.1993941568325398,0.5915680229246244,0.1952817833552698
white,0.3,0,141.0,0.2559750383121539,1.831230175799998,0.20362537777263398,0.6182269569620077,
white,0.3,0,142.0,0.25570481257577876,1.8293899803015894,0.20648853855860724,0.6370144928896679,
white,0.3,0,143.0,0.2554724005635034,1.827537590126463,0.20930968531605057,0.6558673575528263,
white,0.3,0,144.0,0.2552448325186578,1.8256138616581765,0.20544917396778312,0.6332292303409707,
white,0.3,0,145.0,0.25495863509388433,1.8237225222237337,0.189913082592335,0.5422034137432842,0.2075976971907881
white,0.3,0,146.0,0.25461881943043724,1.8218245579904995,0.20028193269355965,0.6042830986967219,
white,0.3,0,147.0,0.25437194751517034,1.8198614914133107,0.17360489804108456,0.45500616576908676,
white,0.3,0,148.0,0.2541428064678546,1.817909498636024,0.20568465603219938,0.6400726584887403,
white,0.3,0,149.0,0.2542717686324087,1.8160559237649732,0.20646040877752786,0.6462270514924423,
white,0.3,0,150.0,0.254336406605727,1.8142583053962371,0.20561195321810377,0.6421973097957933,0.20148159252398976
white,0.3,0,151.0,0.25411250118827416,1.8124281207192214,0.2055198223059676,0.6429183954545882,
white,0.3,0,152.0,0.25385398245043805,1.8104429223819667,0.20127303854800976,0.6179758955756117,
white,0.3,0,153.0,0.25357869479611433,1.8085008962223608,0.1814114921081358,0.5031090603921028,
white,0.3,0,154.0,0.25337055907695727,1.8066842712264275,0.20179806082688417,0.6237915022439481,
white,0.3,0,155.0,0.2531277642267253,1.8048152548524783,0.18930127237315653,0.5500618994954912,0.19094137577097087
white,0.3,0,156.0,0.2528722980215238,1.8029667255987023,0.18046693212218914,0.500944775910222,
white,0.3,0,157.0,0.25264077032712384,1.801150457957449,0.20018265591641612,0.6176222206164177,
white,0.3,0,158.0,0.2524495162804597,1.7993219425745355,0.1935291585521368,0.578422354141534,
white,0.3,0,159.0,0.25229187616482746,1.7974810067786962,0.19387646515090304,0.5816899626604196,
white,0.3,0,160.0,0.25207964414421985,1.7955643498189138,0.20541260376231343,0.6543682685040554,0.19959826935699646
white,0.3,0,161.0,0.25176230899729385,1.793690044315328,0.17906665957097112,0.498315818026212,
white,0.3,0,162.0,0.25146744675165955,1.791894557382345,0.19641186760420876,0.6007317057803093,
white,0.3,0,163.0,0.2511711644292611,1.7900350652211203,0.20110686446376838,0.6311036863072715,
white,0.3,0,164.0,0.25094760260588683,1.7880678088186146,0.19468784630878286,0.5927611296924539,
white,0.3,0,165.0,0.25073296635694553,1.7861711745519868,0.19038504863653055,0.5680538793906298,0.18045801225693875
white,0.3,0,166.0,0.25055406778165784,1.7842576386228952,0.19004499412559528,0.5672411699220068,
white,0.3,0,167.0,0.25032972907260614,1.7823846399955816,0.19819709178573514,0.6182465446895737,
white,0.3,0,168.0,0.2501684671922321,1.7804170238421126,0.18317119652803632,0.5292256592738614,
white,0.3,0,169.0,0.24992800366052512,1.7784879062533232,0.18741384931799454,0.5552282223450808,
white,0.3,0,170.0,0.24960657336095227,1.7766663393695734,0.18405576535841106,0.5366079559365469,0.19862482388561134
white,0.3,0,171.0,0.24940122587883543,1.774825551964965,0.18758073362127117,0.5585153572914574,
white,0.3,0,172.0,0.24916584434858055,1.7728890869747946,0.19061330491096934,0.5779806426905196,
white,0.3,0,173.0,0.2489285122504552,1.7710263220096947,0.19488798873086308,0.6054665010333927,
white,0.3,0,174.0,0.2487070465885681,1.7691817878024545,0.20209856180457197,0.6524564520674724,
white,0.3,0,175.0,0.24843311385405256,1.7673371709667633,0.1917102709794842,0.5883312850761144,0.19786144593329574
white,0.3,0,176.0,0.24810208114763352,1.7656086114472769,0.18102571152714525,0.5256076214169756,
white,0.3,0,177.0,0.24786841889669414,1.7638448282320647,0.1852829948283918,0.5517220941237231,
white,0.3,0,178.0,0.24772722008553563,1.7621430407233771,0.19387477473431328,0.6052437293903217,
white,0.3,0,179.0,0.2478613497473657,1.7604057599367946,0.1942355939188181,0.6086982852864465,
white,0.3,0,180.0,0.24775264638834993,1.7587517364136982,0.1778614684579069,0.5113575506966237,0.1744212099449423
white,0.3,0,181.0,0.24752009675204417,1.7570196893512928,0.19366209459892145,0.6074436511840778,
white,0.3,0,182.0,0.24732255536782363,1.7552839462793643,0.19551415697911068,0.6203426801799778,
white,0.3,0,183.0,0.24729331101995308,1.753511909213226,0.18530714859726832,0.5583890736666198,
white,0.3,0,184.0,0.24722325569821768,1.7517430012644934,0.186966170085024,0.5695807273953151,
white,0.3,0,185.0,0.2471136024372372,1.7499063640250423,0.19146342130064384,0.5985659575947441,0.2165702790971349
white,0.3,0,186.0,0.24687061297817883,1.7480130778799339,0.18990093143256567,0.5901125338875441,
white,0.3,0,187.0,0.24673735059885582,1.7461823618691705,0.19262526504127656,0.6084393710030241,
white,0.3,0,188.0,0.24671218072385087,1.7443693826348072,0.2022424878891418,0.6721061850360931,
white,0.3,0,189.0,0.24663910323061697,1.7426363203894146,0.1930410656516952,0.6135583829170904,
white,0.3,0,190.0,0.24636348289058937,1.7408053447850231,0.18531679212610289,0.5666294322657811,0.18423470822461652
white,0.3,0,191.0,0.2461079944623508,1.7389780947063704,0.19204252424533783,0.6097847979861931,
white,0.3,0,192.0,0.2457482396248652,1.737129539986351,0.18382976188777544,0.5599345199377912,
white,0.3,0,193.0,0.24552142137048186,1.7352650411418158,0.1938008683506683,0.6236627517028142,
white,0.3,0,194.0,0.24533256310830742,1.7334615427171485,0.19263016080143538,0.6174334532373896,
white,0.3,0,195.0,0.24525521421881796,1.7317535520899985,0.1929812632239304,0.6209092358489219,0.19412333997218803
white,0.3,0,196.0,0.24523903923800366,1.7300172556497453,0.19123228244098672,0.6109301402952315,
white,0.3,0,197.0,0.24513617498608975,1.72823540661555,0.1906065568272673,0.6081908471803248,
white,0.3,0,198.0,0.24500129350425726,1.7264217688670733,0.17857155865340443,0.5349347068421743,
white,0.3,0,199.0,0.24487408319429407,1.724657619906906,0.18518870374854643,0.5764918936276929,
white,0.3,0,200.0,0.24464098663290393,1.7228625459109317,0.18587347867600962,0.5819740213834147,0.1880941881643207
white,0.3,0,201.0,0.24463685187574727,1.721072391181445,0.1825308768270853,0.5623988302033553,
white,0.3,0,202.0,0.24469920694922698,1.7192690637901096,0.19525718472475095,0.6449059050322934,
white,0.3,0,203.0,0.2444790563005381,1.7174545821620166,0.19562973898965255,0.6487378441510365,
white,0.3,0,204.0,0.24430972650702404,1.7156899559922083,0.17862432742680828,0.5419679438708305,
white,0.3,0,205.0,0.24442436923117594,1.714005635614263,0.19710413222100262,0.6612062829209805,0.24254208728879803
white,0.3,0,206.0,0.24420924193302032,1.7122767716744627,0.1790770912138264,0.5468927131464442,
white,0.3,0,207.0,0.2440585406402581,1.7105397151008654,0.18854947332369593,0.607511253964154,
white,0.3,0,208.0,0.24386485772788818,1.7087235004212096,0.19517543232337523,0.6523440710218728,
white,0.3,0,209.0,0.2436281983427802,1.7069611019681241,0.1879211814668701,0.6060022317870474,
white,0.3,0,210.0,0.24336073453045698,1.7052578178405906,0.18188140567748712,0.5688090660505227,0.1897735640644712
white,0.3,0,211.0,0.2430081688064594,1.7035660768153713,0.1717740285546255,0.5083549302108783,
white,0.3,0,212.0,0.24255895550317622,1.701890211877242,0.17985645057456975,0.5584174231345073,
white,0.3,0,213.0,0.24222520302686748,1.7002476327887428,0.18100748025826754,0.5666810528616675,
white,0.3,0,214.0,0.24199957417191406,1.6986167242211,0.18207196606333587,0.5744673845247699,
white,0.3,0,215.0,0.24189172954456536,1.6969518980215654,0.1845596089986003,0.591431243623181,0.18824101543187471
white,0.3,0,216.0,0.24170935431510934,1.695171808961257,0.18230826989572943,0.5783028077612511,
white,0.3,0,217.0,0.2415386774863011,1.69349935902804,0.1887600447541934,0.6211837331635631,
white,0.3,0,218.0,0.24136310922844648,1.6917189977953035,0.18530052322971727,0.5998833979156434,
white,0.3,0,219.0,0.24122033068933427,1.6899620275186877,0.18525748027237063,0.6008521468224479,
white,0.3,0,220.0,0.24109221206770068,1.6882457705752711,0.18102142505732557,0.5748554094890924,0.18894505867961353
white,0.3,0,221.0,0.24096410485147945,1.6865663437651,0.1931253568885245,0.6556042253868823,
white,0.3,0,222.0,0.24089424876509039,1.6848227169553052,0.17010475159408062,0.5096763422155677,
white,0.3,0,223.0,0.24065361357441337,1.6830342199756179,0.19626354635413454,0.6799287352465174,
white,0.3,0,224.0,0.24043571040077488,1.6813271070284936,0.18429376818048582,0.600740448550073,
white,0.3,0,225.0,0.24023631416322624,1.679630459911089,0.18125407673588728,0.5822615167600502,0.20195563711926653
white,0.3,0,226.0,0.2400476301098498,1.6778570387600535,0.16919648191007444,0.5084435626090595,
white,0.3,0,227.0,0.2398564920060205,1.6760477738983048,0.18573809992536608,0.6140436069983836,
white,0.3,0,228.0,0.239620644338496,1.6742764103551948,0.18700315484656654,0.6237543027878558,
white,0.3,0,229.0,0.23948736058841194,1.6726264434062612,0.17816164256506503,0.5672839592160986,
white,0.3,0,230.0,0.23944591815917457,1.6709507247109996,0.1756763092446794,0.5526741042139901,0.20499039488253415
white,0.3,0,231.0,0.23931582637231016,1.6692263475365454,0.1856235385211435,0.6183090977823676,
white,0.3,0,232.0,0.23888090959070643,1.6675206203267328,0.17437635465430346,0.5467675945588177,
white,0.3,0,233.0,0.23861895960391524,1.6657837320944755,0.1776930031259002,0.5689491146164096,
white,0.3,0,234.0,0.23848493490562878,1.6640184948758574,0.18401370725222063,0.6114402953007366,
white,0.3,0,235.0,0.2383016004722128,1.6623209158477532,0.1804854274279968,0.5894195685924515,0.19410299266244282
white,0.3,0,236.0,0.2380916239095386,1.660602671233471,0.1878679893864218,0.6399471582452013,
white,0.3,0,237.0,0.23796766114779902,1.6589415924614532,0.18251893275727624,0.6052344694550197,
white,0.3,0,238.0,0.23782805735142246,1.6572109439646656,0.18925503237118524,0.6520926300444482,
white,0.3,0,239.0,0.23772305568239774,1.6554695021328483,0.18507075177969082,0.6248894806307806,
white,0.3,0,240.0,0.23751071970298357,1.6537720109310126,0.1936968082158077,0.6859045093999024,0.19517433637408774
white,0.3,0,241.0,0.2373040158999351,1.6520262089875186,0.17958974053865812,0.5908798558020021,
white,0.3,0,242.0,0.23711949547401903,1.6502900109120962,0.17428690455030882,0.5576721747033034,
white,0.3,0,243.0,0.2370588432462231,1.6486824135496367,0.17389134689584546,0.5562268336211399,
white,0.3,0,244.0,0.23693157111473465,1.6469939630156945,0.19044257892498484,0.6685195276646199,
white,0.3,0,245.0,0.23690774866441688,1.645367219713917,0.17423940476936836,0.5607084234708538,0.18317056102389057
white,0.3,0,246.0,0.23678443536421107,1.6436662026318767,0.17841370786674104,0.5891137941904636,
white,0.3,0,247.0,0.2367037932644528,1.6418326958843887,0.18244615921488433,0.6174213664764742,
white,0.3,0,248.0,0.23676496827966076,1.640044307327035,0.18732299947684386,0.6522904927407432,
white,0.3,0,249.0,0.23667279551076895,1.638323858211376,0.1774231263811788,0.5863959312279939,
white,0.3,0,250.0,0.23676673805418033,1.63658758670418,0.18853961424486704,0.6635852546315946,0.18217449926656157
white,0.3,0,251.0,0.23652274496910897,1.6348575828098713,0.18295779510588173,0.6261984494588404,
white,0.3,0,252.0,0.23630489190775883,1.6332008438064505,0.17744721127238897,0.5902407231364313,
white,0.3,0,253.0,0.23623272031356324,1.631569226374598,0.18979581516805552,0.6766004128202907,
white,0.3,0,254.0,0.23617100433042884,1.6299386954633264,0.19131453107167234,0.68884796400204,
white,0.3,0,255.0,0.23608641260714486,1.6282144322450616,0.18791452841415443,0.665989713395884,0.20757746707120128
white,0.3,0,256.0,0.23588502113524845,1.6265144801680753,0.15778959373401846,0.47055549826075976,
white,0.3,0,257.0,0.2356531804617856,1.6248726667408653,0.1761368324204396,0.5875322385845202,
white,0.3,0,258.0,0.23548070033305574,1.6231550392403213,0.17291035763206042,0.5674035042270128,
white,0.3,0,259.0,0.23533802642559767,1.6214431274902799,0.18001973012474404,0.6163207311864295,
white,0.3,0,260.0,0.23515089199090705,1.6198129110536883,0.16111476378765702,0.4946647569889047,0.16830330996980256
white,0.3,0,261.0,0.2349261573446682,1.618145297769705,0.17867217101423255,0.6096053955074237,
white,0.3,0,262.0,0.23467973021157384,1.616465332994593,0.1736355740173768,0.5769187161460698,
white,0.3,0,263.0,0.2345298548378118,1.6148606818012068,0.1891538376372333,0.6860096058164514,
white,0.3,0,264.0,0.23440703331578733,1.613224594911489,0.17677756479181192,0.6003916299783624,
white,0.3,0,265.0,0.2342677715272868,1.6115295997116068,0.17753109126791347,0.6067953946835132,0.1855064414962877
white,0.3,0,266.0,0.2341493142453889,1.6099255294254426,0.17860451525798088,0.6153798870753497,
white,0.3,0,267.0,0.23420030306456224,1.6082942281543062,0.17304410294216988,0.5788320970031811,
white,0.3,0,268.0,0.2339711540669506,1.606616013167338,0.17942055317772734,0.6235771667784747,
white,0.3,0,269.0,0.23375474414184286,1.60496145804496,0.16570923437149956,0.5330085929515077,
white,0.3,0,270.0,0.2337387484176341,1.6032955583796336,0.17658118200923406,0.6065012002334668,0.1861004572237563
white,0.3,0,271.0,0.23346151688160008,1.6016103232978594,0.18224596397053452,0.647399148514897,
white,0.3,0,272.0,0.23325196067480714,1.6000130050682058,0.1905233585349596,0.708956251239861,
white,0.3,0,273.0,0.23313057097583542,1.5984055124409013,0.1797468108160444,0.6322931170387153,
white,0.3,0,274.0,0.23293170242907127,1.596713026161048,0.17406534922131514,0.5942113174129853,
white,0.3,0,275.0,0.23302758644017585,1.5951121515637228,0.166774454856685,0.5465710398288806,0.18431888150285455
white,0.3,0,276.0,0.23304070814101113,1.5935758156583713,0.16742556570653938,0.5519097850973849,
white,0.3,0,277.0,0.23292782977808107,1.591937710798955,0.16113797858874043,0.5122874132565347,
white,0.3,0,278.0,0.23268707716907527,1.5902937978662959,0.17029099188620284,0.5733220223446718,
white,0.3,0,279.0,0.23270957138162215,1.5886761113986332,0.18034772579311253,0.6443481920896391,
white,0.3,0,280.0,0.23267758006710673,1.587105539087117,0.16305775766086297,0.5277658937321462,0.16557972825902206
white,0.3,0,281.0,0.23250780918442532,1.5855024060662943,0.18614182004727714,0.6891664159745577,
white,0.3,0,282.0,0.23225573894491866,1.5838560010837053,0.16763802041595696,0.5601233311230065,
white,0.3,0,283.0,0.2322164303304854,1.5822333885885125,0.1626285348480931,0.5282292103331497,
white,0.3,0,284.0,0.2320991942062593,1.580636098404305,0.17066591750435445,0.5829077263786202,
white,0.3,0,285.0,0.2318843696963318,1.5789400179296584,0.16012277572687147,0.514215259521795,0.18229062917068017
white,0.3,0,286.0,0.2317940551950733,1.5772456611450294,0.17653033016310676,0.6263397700413423,
white,0.3,0,287.0,0.23157325504083337,1.5755842743745134,0.1736881668352667,0.6076131890690911,
white,0.3,0,288.0,0.2314849583904986,1.5739284355848286,0.1647524227331345,0.5478525159674714,
white,0.3,0,289.0,0.23149786191987626,1.5723452307441148,0.16680527430307104,0.5627218079980988,
white,0.3,0,290.0,0.23137967006116486,1.5707699004821367,0.17471543451874633,0.6185964287152115,0.1931047949300542
white,0.3,0,291.0,0.2311750560939503,1.5691959972593956,0.16419556174749322,0.5474424223918526,
white,0.3,0,292.0,0.23068418325310597,1.5676580471243289,0.15061051989092777,0.461506633110942,
white,0.3,0,293.0,0.2305295216106727,1.5661008185633645,0.16718081058680842,0.5697750454388095,
white,0.3,0,294.0,0.23030894517073375,1.564419816943996,0.1697255096747767,0.5885151266937096,
white,0.3,0,295.0,0.23021765913959422,1.5627545206544347,0.1733494254293887,0.6152240291470927,0.17318251114546354
white,0.3,0,296.0,0.23005494788425188,1.5610689376787974,0.1722731953442464,0.6089214295158909,
white,0.3,0,297.0,0.2298942486666596,1.5594330949813682,0.17887829474300376,0.657887754712909,
white,0.3,0,298.0,0.22961690323332667,1.5577110842137514,0.16801814872708629,0.5817127386588684,
white,0.3,0,299.0,0.2293055057567368,1.5561114442619073,0.17235051244190142,0.6133576255059144,
white,0.3,1,0.0,0.30173826616065064,2.1340280894601302,0.24481176994726284,0.6580127801668293,0.2380300424041778
white,0.3,1,1.0,0.30132201551426874,2.1318617999486094,0.2322351171222162,0.5933455535835402,
white,0.3,1,2.0,0.3008849187777065,2.129612131863835,0.2416526357267717,0.6438016015279712,
white,0.3,1,3.0,0.3005198338066617,2.127426758588706,0.22534774962913365,0.5610056309048332,
white,0.3,1,4.0,0.30014996177943215,2.1252518047666666,0.24275366831041947,0.6523502298644276,
white,0.3,1,5.0,0.2996538343557742,2.1230460553687056,0.23164590186279893,0.5952513871176142,0.2427241553065296
white,0.3,1,6.0,0.2992613840886705,2.1208933508388705,0.2358563766250517,0.6183403506585052,
white,0.3,1,7.0,0.29896779800655787,2.118858566235395,0.23534741037684725,0.6168575933849,
white,0.3,1,8.0,0.2985491522652733,2.1167712107262417,0.2469158757026282,0.680330893195898,
white,0.3,1,9.0,0.2981905062842961,2.114530907098713,0.2260404563926665,0.5713658514125552,
white,0.3,1,10.0,0.29798545084914974,2.1122244383736577,0.24409051363595657,0.6677158426439879,0.24190947160149645
white,0.3,1,11.0,0.2974639150278402,2.109979716308667,0.2329463857991826,0.6094322001461125,
white,0.3,1,12.0,0.29712346502028786,2.1078088728244375,0.23170977868560996,0.6042216360011223,
white,0.3,1,13.0,0.2967516852180487,2.1056893085237034,0.22747538618328444,0.5835126052354411,
white,0.3,1,14.0,0.29645667708848217,2.10353023269271,0.23137341996841324,0.6049220564449148,
white,0.3,1,15.0,0.2960903206797356,2.1012683773571506,0.23646308928967927,0.6331894543894374,0.24879500388197115
white,0.3,1,16.0,0.29581033373117116,2.099022822846526,0.22965820307978185,0.5985488597029949,
white,0.3,1,17.0,0.29553901413300954,2.096847794317212,0.24272039735003922,0.6699597918285485,
white,0.3,1,18.0,0.29518626501878287,2.094633101250608,0.24278034680847907,0.671708949353724,
white,0.3,1,19.0,0.2948736453896758,2.092425876431184,0.21299450889822447,0.5180917234859559,
white,0.3,1,20.0,0.29469323048519563,2.0902435724091233,0.23125533486982636,0.6120117098652322,0.24108028243009288
white,0.3,1,21.0,0.29446327679679474,2.0881220077066263,0.24083982413841382,0.6651427564630503,
white,0.3,1,22.0,0.2943105766469279,2.0859681512934802,0.2312673517670006,0.6145869189863811,
white,0.3,1,23.0,0.29427680205433804,2.083792653627986,0.23368559409265777,0.6288178771056784,
white,0.3,1,24.0,0.2941710113022619,2.0815922210584588,0.22678776476892584,0.5934961868953262,
white,0.3,1,25.0,0.29400978776275855,2.079416484725316,0.23596723337928732,0.6438585104273044,0.2621216360854909
white,0.3,1,26.0,0.29374031893214025,2.077199778857915,0.215537406885466,0.538342635294326,
white,0.3,1,27.0,0.2935199189888003,2.07498761902557,0.22306898001112854,0.5778529673997066,
white,0.3,1,28.0,0.29362212979128766,2.0727170334060445,0.2457686432614064,0.7029799128392504,
white,0.3,1,29.0,0.2933004002843062,2.07054414396504,0.21503572572166918,0.5392898594314163,
white,0.3,1,30.0,0.29297458677686644,2.06829938232405,0.2284843128645509,0.6101771999418174,0.22485444970341384
white,0.3,1,31.0,0.2926454911537223,2.0660116488098614,0.23645013890370586,0.6549130125133054,
white,0.3,1,32.0,0.29243759045756645,2.0637124084300806,0.21956897205540746,0.5659962982088075,
white,0.3,1,33.0,0.29217202168533957,2.061459967399026,0.21853169762199245,0.5618871141751494,
white,0.3,1,34.0,0.29189651328920413,2.0592131358869,0.22385591809503558,0.5908871766576141,
white,0.3,1,35.0,0.29158312634108996,2.056989382995427,0.23199717357044486,0.6360207606557278,0.24937452305366803
white,0.3,1,36.0,0.2913145066555157,2.0547937484284406,0.22184544236907108,0.5828201451139177,
white,0.3,1,37.0,0.2911186131885804,2.0526685119176906,0.21870960496604694,0.567633575629896,
white,0.3,1,38.0,0.2909426356399758,2.0505351843452213,0.22884938365582366,0.6227805596049145,
white,0.3,1,39.0,0.29065858021954855,2.0483622263356778,0.21591723687628847,0.5555601866481525,
white,0.3,1,40.0,0.29048800469488983,2.046222541934721,0.2103637148217691,0.5284524768787461,0.20471983616030212
white,0.3,1,41.0,0.29021974417583835,2.044158911349449,0.22582103494859665,0.6101961768580002,
white,0.3,1,42.0,0.2899874628851628,2.042102884668014,0.22570626012170047,0.6108041457870537,
white,0.3,1,43.0,0.29006314326827765,2.0399643100512783,0.22753991379747907,0.6220711266429274,
white,0.3,1,44.0,0.2898286231252078,2.037735691720586,0.20925535936656411,0.5272632220032745,
white,0.3,1,45.0,0.2895416017566211,2.03559525460392,0.23503673853798046,0.6665897769520167,0.2649575285246875
white,0.3,1,46.0,0.2893371025788605,2.0334913573361715,0.2361544280312322,0.674337837695015,
white,0.3,1,47.0,0.28905297711429173,2.031358926238345,0.2254053907265253,0.6156377853873327,
white,0.3,1,48.0,0.28882803164343196,2.0292451807926914,0.22614675962075692,0.6209858386800928,
white,0.3,1,49.0,0.28866511446202536,2.0271484078125757,0.22937010547059322,0.6401364302741308,
white,0.3,1,50.0,0.28850481865208494,2.0250490617996033,0.22701572243636559,0.6283632505273331,0.22783713301913167
white,0.3,1,51.0,0.28816876977146116,2.022903662769358,0.20984783345797353,0.5380573673617058,
white,0.3,1,52.0,0.2878841027924189,2.020784499287924,0.2338353136803752,0.6694994088945404,
white,0.3,1,53.0,0.2876369289471951,2.01864170924259,0.23299623941533706,0.666115197952251,
white,0.3,1,54.0,0.2874545203039044,2.016607940974243,0.21729989274679998,0.5805586259969236,
white,0.3,1,55.0,0.2871321478180359,2.0145292423006493,0.2212431782625918,0.6030629252557838,0.2323579211442694
white,0.3,1,56.0,0.2867805650805488,2.0124707511063407,0.22355764476305076,0.6170067301226523,
white,0.3,1,57.0,0.2865093446129805,2.010365603261272,0.22503597897272776,0.6265039774365062,
white,0.3,1,58.0,0.2864012115487913,2.008413068086887,0.21045646946486937,0.549020408292209,
white,0.3,1,59.0,0.28613951171962454,2.006460183190071,0.2247593949731123,0.6274001544529372,
white,0.3,1,60.0,0.28593261157870653,2.00448144638964,0.22052914249783168,0.6051985800383314,0.24842117890197976
white,0.3,1,61.0,0.285606061050541,2.0023339472290282,0.2218895663191668,0.6140033579139248,
white,0.3,1,62.0,0.2853462405975097,2.0001951639601945,0.2291870526730663,0.6564556911687748,
white,0.3,1,63.0,0.2850152779766011,1.9980639461952023,0.21905278198579933,0.6009644525619919,
white,0.3,1,64.0,0.28460584897851354,1.9960143242291442,0.2096668342572216,0.5516989695399137,
white,0.3,1,65.0,0.2842808404218964,1.993898184075184,0.2239219440474186,0.6306049283230847,0.24555323545224833
white,0.3,1,66.0,0.2841912958691838,1.9917908136414606,0.20589187389077426,0.5342702192574349,
white,0.3,1,67.0,0.28422096145401965,1.9897900371658803,0.22166267801485728,0.6204983800013586,
white,0.3,1,68.0,0.2842831121469932,1.9878431883231653,0.21446713280255933,0.5820057186984454,
white,0.3,1,69.0,0.28398993929772254,1.9858845516025079,0.20671372772229063,0.5417521544695529,
white,0.3,1,70.0,0.28370128672241524,1.9838448600768608,0.20585465515426196,0.5383639564479483,0.23482139211855244
white,0.3,1,71.0,0.2835607928434031,1.9818501063853373,0.2074233576194316,0.5477012293739565,
white,0.3,1,72.0,0.28348900595542975,1.9798125116552454,0.20503375969240992,0.5362565701414013,
white,0.3,1,73.0,0.2832705912961674,1.9777118387217483,0.20901298967979112,0.5584580204127729,
white,0.3,1,74.0,0.28305754335501143,1.975632262454765,0.20335815928566414,0.5297622273354335,
white,0.3,1,75.0,0.282837258051682,1.9735007906241053,0.21830619239449972,0.6118254027327904,0.22821204356760819
white,0.3,1,76.0,0.2825645792790796,1.971518288914552,0.20195446138863976,0.5246567772573492,
white,0.3,1,77.0,0.2823814240631944,1.969492799296774,0.20772594014737344,0.5562149736306842,
white,0.3,1,78.0,0.2820492821658181,1.9675194440911545,0.21274116643379765,0.5845679632798166,
white,0.3,1,79.0,0.2817596497310207,1.9655442345099408,0.20592385027382648,0.5488044952394406,
white,0.3,1,80.0,0.28156623291788846,1.9635661439033922,0.21140237207348697,0.5795603230463684,0.2060508812658686
white,0.3,1,81.0,0.28128474637708445,1.9615350505374296,0.2211476887611574,0.6355396760213893,
white,0.3,1,82.0,0.280960289995876,1.9595325515121191,0.2198294132305723,0.6292694399920198,
white,0.3,1,83.0,0.2807222286863019,1.9576150095359637,0.22042548162415812,0.6339266777311556,
white,0.3,1,84.0,0.2805323500712037,1.9555965760846268,0.21499444091181177,0.6043185549703428,
white,0.3,1,85.0,0.28035116303258184,1.9535744071115362,0.2042469309384593,0.5465390139740114,0.2153400933033619
white,0.3,1,86.0,0.28012963351770787,1.951573247662877,0.2304751289956369,0.6973461788588321,
white,0.3,1,87.0,0.2798592127727352,1.9495972563125852,0.21220081825334267,0.5923444215379934,
white,0.3,1,88.0,0.2794950946243807,1.9476130375364058,0.21636329037041707,0.6170662774406742,
white,0.3,1,89.0,0.27926043949386936,1.9456057558887967,0.22082429902350106,0.6441010995069185,
white,0.3,1,90.0,0.2789732370634826,1.9435772160581761,0.20912251902186654,0.5788526275059872,0.2130515632822001
white,0.3,1,91.0,0.27883860897336116,1.9415503674495442,0.2150716455289112,0.6135345120458779,
white,0.3,1,92.0,0.2785567976194608,1.9395784564643679,0.21235361805969444,0.5993418869163007,
white,0.3,1,93.0,0.2783927019846337,1.937605658894263,0.2165981417456889,0.6248110027135838,
white,0.3,1,94.0,0.27813010954331235,1.9355327381814014,0.20244932644345734,0.5470180206422913,
white,0.3,1,95.0,0.27815169320569727,1.9335100372188294,0.21074714225576996,0.5940192663280515,0.2363345176325738
white,0.3,1,96.0,0.2782722419893204,1.931509224756437,0.20653240405501025,0.5716797798707888,
white,0.3,1,97.0,0.27809026291774336,1.9295136440458225,0.20963691486444572,0.5902144201648052,
white,0.3,1,98.0,0.27783744530773347,1.9276066488243018,0.2063054385062414,0.572736058697195,
white,0.3,1,99.0,0.2775500398609328,1.9257451471557525,0.2012636896870378,0.5461390624525275,
white,0.3,1,100.0,0.27752568017198725,1.9238500559111593,0.21674931724403626,0.6346627950579886,0.23772704526691532
white,0.3,1,101.0,0.27727725816282195,1.921821949217464,0.2188695439243781,0.6485065574731925,
white,0.3,1,102.0,0.2769767122946982,1.919675154271818,0.21010430451001144,0.5989415146684345,
white,0.3,1,103.0,0.27669831372521625,1.917655382127288,0.20909423432714425,0.5944467979284694,
white,0.3,1,104.0,0.27642105894659624,1.9155694036067274,0.20793803662008292,0.5891719998186351,
white,0.3,1,105.0,0.27615174209795135,1.9135507890943206,0.223768276617318,0.6837338026162247,0.23420439888452282
white,0.3,1,106.0,0.27587097338245514,1.9115570864205333,0.21542941385191175,0.6350464015288972,
white,0.3,1,107.0,0.27572890160392394,1.9096338324907782,0.2057519880312802,0.5804407358168658,
white,0.3,1,108.0,0.2757150227640881,1.9077536536042905,0.20776518479370684,0.5930222190961417,
white,0.3,1,109.0,0.27550735415560634,1.9058511513930945,0.2004964699547649,0.553357126998197,
white,0.3,1,110.0,0.2752771181729899,1.903891184975756,0.21029288483652483,0.6100071362978219,0.21351478059329454
white,0.3,1,111.0,0.2751780638058437,1.9019502508296522,0.19009941162148197,0.4994974136237837,
white,0.3,1,112.0,0.275004415177489,1.899922577277213,0.21702722972795366,0.6524190759256208,
white,0.3,1,113.0,0.2746757652111146,1.8979206859203634,0.2085026535530111,0.6034441183793551,
white,0.3,1,114.0,0.2744497837880139,1.8959578493662408,0.20297749424830608,0.573070987351123,
white,0.3,1,115.0,0.27428615763887965,1.894033558762581,0.19407497152791053,0.5249690830783873,0.19320318010633097
white,0.3,1,116.0,0.2739844402056633,1.8920123333904446,0.20078146880240347,0.5630790018263052,
white,0.3,1,117.0,0.2737631078641261,1.8900160802001338,0.21095820053724312,0.6229193627080429,
white,0.3,1,118.0,0.2735855096867488,1.8881799775663402,0.20911846281202554,0.6132929663838724,
white,0.3,1,119.0,0.27332202801140376,1.8863138012797245,0.20899681738794842,0.6137923413454337,
white,0.3,1,120.0,0.2730444461951021,1.8843586457563242,0.20560413147994527,0.5952597938938772,0.21971069180866573
white,0.3,1,121.0,0.2728114255779949,1.8824167335780944,0.21764790696978964,0.6684169353804371,
white,0.3,1,122.0,0.2724925568810568,1.8805566352400587,0.2027649335788579,0.5812766388316846,
white,0.3,1,123.0,0.27214941522474656,1.878665614211553,0.20206222598059617,0.5784173314592889,
white,0.3,1,124.0,0.2720289411360182,1.8767781243808954,0.20715726429336415,0.609178368145801,
white,0.3,1,125.0,0.2718154753390274,1.874834715475599,0.2133862191568663,0.6477042820869139,0.21796536993038967
white,0.3,1,126.0,0.2715780651259684,1.872845936523462,0.1975299094884656,0.5562008237255506,
white,0.3,1,127.0,0.2714638813011391,1.8708270679727161,0.1850793880043107,0.4893491340848603,
white,0.3,1,128.0,0.27129618760589147,1.8688556300699573,0.19613525122985354,0.5507186829497164,
white,0.3,1,129.0,0.2711947691690757,1.8668974971782621,0.21463091306173518,0.6608662960944204,
white,0.3,1,130.0,0.27082733088006555,1.865053912746829,0.20450918907870022,0.6011915625900633,0.20036634376145282
white,0.3,1,131.0,0.27061348649813277,1.8632171768866286,0.2009262935620075,0.5814556457854683,
white,0.3,1,132.0,0.2708585630527863,1.8613725845798426,0.21132089845738597,0.6444485860201009,
white,0.3,1,133.0,0.2708372677595843,1.8594441847581489,0.20307984307298788,0.5963996081087977,
white,0.3,1,134.0,0.27059937509924953,1.8575132406510024,0.19638142635517306,0.5588650980593397,
white,0.3,1,135.0,0.270310553554459,1.8556584554232443,0.21193309895053922,0.6521860298416381,0.2324870917836203
white,0.3,1,136.0,0.27015781305798986,1.8537930819305666,0.2160655895640132,0.6792328850554264,
white,0.3,1,137.0,0.2697939592729651,1.8519349438820045,0.20767993587616274,0.6287929063019818,
white,0.3,1,138.0,0.2694377471992807,1.8500781975003049,0.19974342637713308,0.5828205076945904,
white,0.3,1,139.0,0.26918513923490456,1.8482393427586998,0.1953102613246148,0.5583463805761207,
white,0.3,1,140.0,0.2688993800585731,1.8463712380304305,0.20198398151262928,0.598364485798681,0.2050594476719997
white,0.3,1,141.0,0.26868088922000277,1.8444958276317767,0.19657617657013204,0.567905948213405,
white,0.3,1,142.0,0.26831546311298765,1.8425453493644688,0.195809100068903,0.5646760600703544,
white,0.3,1,143.0,0.2679467205767588,1.8407000930658781,0.19900598496515937,0.5844349927482061,
white,0.3,1,144.0,0.26777092832109034,1.8387405802419743,0.19834562342795414,0.5818008168562718,
white,0.3,1,145.0,0.26767166656118424,1.8368418737387953,0.20675501847626435,0.6334882754381919,0.22219591299711067
white,0.3,1,146.0,0.26762734554744844,1.8348634279742009,0.18873468978326596,0.5290125542049138,
white,0.3,1,147.0,0.26756860353174367,1.8330347600999681,0.21646130616528336,0.6972510108021921,
white,0.3,1,148.0,0.2673116385477244,1.8311423914155411,0.20447257148072231,0.623441758682214,
white,0.3,1,149.0,0.2670166022647858,1.8292912903642844,0.20199654220758578,0.6096662326003811,
white,0.3,1,150.0,0.26671484162324605,1.8274060059278232,0.203709977540898,0.6213331287148155,0.21360480801932188
white,0.3,1,151.0,0.2664056364318278,1.8255668882932559,0.20529539910466998,0.6323142033189163,
white,0.3,1,152.0,0.26623169491783316,1.8236937996518217,0.19464155178157846,0.5695571103115822,
white,0.3,1,153.0,0.26607189623030486,1.82178867275123,0.19691045635326068,0.5841327644098395,
white,0.3,1,154.0,0.2659581935262597,1.819928272084868,0.2024601142448829,0.618785910032471,
white,0.3,1,155.0,0.2658204882537632,1.8180529520438644,0.20116247221233902,0.6121401654048639,0.20383366879153628
white,0.3,1,156.0,0.2655847978832451,1.8161515047806263,0.19897090935312509,0.6001295672555046,
white,0.3,1,157.0,0.26531444614254385,1.814275213747965,0.20648254062162924,0.6476350431093886,
white,0.3,1,158.0,0.2650725763237071,1.8123137256141733,0.2056170207447134,0.6436079049385289,
white,0.3,1,159.0,0.26487927144886264,1.8103715836236112,0.19329339650861305,0.569991777846054,
white,0.3,1,160.0,0.2646981612285022,1.8084434809446153,0.20548367431769235,0.6455275313244448,0.23283287868946534
white,0.3,1,161.0,0.26442713643300547,1.806664725264891,0.1871842869623397,0.5367272594479726,
white,0.3,1,162.0,0.2641107816540901,1.80478960870963,0.19588472930161202,0.5890036719460506,
white,0.3,1,163.0,0.26386077761672816,1.802903255010236,0.1856545613908576,0.5301959508382653,
white,0.3,1,164.0,0.2636678827633294,1.801061996947647,0.19617039344617623,0.5931705836370427,
white,0.3,1,165.0,0.2634171117745254,1.7991721778926553,0.19245781331152767,0.5721312177439881,0.19121274022134552
white,0.3,1,166.0,0.26312396824512074,1.797300958191975,0.19040804829757033,0.5611758791758823,
white,0.3,1,167.0,0.2629111937116212,1.795424119813794,0.20148939377930744,0.6297095421272094,
white,0.3,1,168.0,0.26264931348087156,1.7935770771626103,0.19324357824292232,0.5804169089488511,
white,0.3,1,169.0,0.26238113620628783,1.7917800533868065,0.18659627688068858,0.54225873595799,
white,0.3,1,170.0,0.2621596164523215,1.7899229654734596,0.20622095232388984,0.663692484765179,0.21259160230713042
white,0.3,1,171.0,0.26193196994141943,1.7880586947826178,0.21146051080888814,0.6993023965419971,
white,0.3,1,172.0,0.26179398150557365,1.7862451991085766,0.20301966179644768,0.6458981716276511,
white,0.3,1,173.0,0.26160778166095283,1.784393902876213,0.19106059812052578,0.5732325050973307,
white,0.3,1,174.0,0.2613272312277182,1.7825656909405239,0.19528087045091894,0.6000650354247908,
white,0.3,1,175.0,0.2611404235016334,1.7807893905953402,0.20198499725466504,0.6432549111157394,0.2119044159947339
white,0.3,1,176.0,0.2608002400188017,1.778969139049099,0.17932713359690325,0.5080719156742876,
white,0.3,1,177.0,0.26050171439637654,1.777001225217719,0.19829985981553824,0.6226433645474652,
white,0.3,1,178.0,0.2602466695781355,1.7750732157540425,0.19346642828340568,0.5939483638368678,
white,0.3,1,179.0,0.26010284226582736,1.7732244681297737,0.20216129942538028,0.6498881444908983,
white,0.3,1,180.0,0.2599126512580737,1.771350507238483,0.1974701889734408,0.6213897366632719,0.21527560011726182
white,0.3,1,181.0,0.2597143321517177,1.7695218330531657,0.1884997053024305,0.5673871613234613,
white,0.3,1,182.0,0.25970854678761207,1.7678559186275133,0.1830508041698077,0.5360675922628709,
white,0.3,1,183.0,0.2595518752362118,1.7661114587275475,0.17066682788622856,0.4669087585648785,
white,0.3,1,184.0,0.2593354066359416,1.7643339073101025,0.19513111473605682,0.6115915753205118,
white,0.3,1,185.0,0.2592869027332103,1.7625460330430298,0.19230270974943298,0.595195823874683,0.20244159370578102
white,0.3,1,186.0,0.2590062103869463,1.7607495895298708,0.19788289758482322,0.6315261448943208,
white,0.3,1,187.0,0.2586535195054206,1.7588616261306784,0.18889870846886195,0.5767194972106792,
white,0.3,1,188.0,0.25826260354106684,1.757109906642897,0.17746934223551253,0.5100571372064326,
white,0.3,1,189.0,0.2580077132341693,1.755388739022001,0.1924798760232403,0.6011654996874496,
white,0.3,1,190.0,0.2577877993778328,1.7536746395985567,0.19027608368148452,0.5886272578714608,0.19649299766537268
white,0.3,1,191.0,0.2575326194653093,1.751855055214353,0.17844319320179955,0.5187685452306553,
white,0.3,1,192.0,0.25727826164329,1.7500427540967478,0.1884641386113159,0.5798693240173661,
white,0.3,1,193.0,0.25712386614286,1.7482422664133548,0.19386934041012754,0.6148724554150155,
white,0.3,1,194.0,0.25689496330697953,1.7463979476512512,0.174926480388828,0.5016429298553304,
white,0.3,1,195.0,0.25665012933021125,1.7445541842034546,0.19122313491255943,0.6007336316206925,0.19524055762232945
white,0.3,1,196.0,0.2564272720542245,1.7428274341361296,0.18962486562125314,0.5919047172685299,
white,0.3,1,197.0,0.25614565824658714,1.7409827538462457,0.1943778177340045,0.6232674841315449,
white,0.3,1,198.0,0.2560404406474974,1.739172565501708,0.18249900309382758,0.5505612548946296,
white,0.3,1,199.0,0.25577762208522575,1.737459778870476,0.19193908531093803,0.610193148014499,
white,0.3,1,200.0,0.25553539543704135,1.7357428492460614,0.19284080324130548,0.61715904505415,0.22989032885367888
white,0.3,1,201.0,0.2553777080781226,1.7339570971753253,0.18000173758376062,0.5388237175311711,
white,0.3,1,202.0,0.25532086159271017,1.7322157879076217,0.1754643589023376,0.5130312821556462,
white,0.3,1,203.0,0.2551294624408911,1.7304000505562283,0.19787830610426987,0.653842782555132,
white,0.3,1,204.0,0.25484261508068756,1.7286125718132095,0.18448906554729919,0.5695291170444647,
white,0.3,1,205.0,0.25482924101419013,1.7268800243017375,0.18774712970560398,0.5910065377098835,0.1878363139990077
white,0.3,1,206.0,0.2545881636980632,1.7250996959272609,0.1941357791260457,0.6332173021997298,
white,0.3,1,207.0,0.25432447289239346,1.7233311743550688,0.18966383960056624,0.6056219291777931,
white,0.3,1,208.0,0.25413759211704406,1.7215828033981906,0.19741031656338492,0.6574365764717643,
white,0.3,1,209.0,0.2538722212330107,1.7198457140539898,0.191653945906192,0.6209070026845874,
white,0.3,1,210.0,0.25362629379988705,1.7181331065542143,0.18852800425031555,0.6020161361059215,0.1865892694819605
white,0.3,1,211.0,0.25335180983278693,1.7163854099023148,0.18894517397339106,0.6059153897342535,
white,0.3,1,212.0,0.25328705940773383,1.714623087757484,0.1792833691589203,0.5466541881832718,
white,0.3,1,213.0,0.253100123141992,1.7128563396714547,0.1910801505159501,0.6222419329096467,
white,0.3,1,214.0,0.25295565791016533,1.711098038667328,0.17122035573191716,0.5006462959793152,
white,0.3,1,215.0,0.25269521751379703,1.7092852935906482,0.18492980910364007,0.5852679401647489,0.18698870205384013
white,0.3,1,216.0,0.2524431484989658,1.7074652553917928,0.18788558477369446,0.6054149981719333,
white,0.3,1,217.0,0.25219279687319135,1.7057271234012799,0.18952273034905218,0.6172676293414371,
white,0.3,1,218.0,0.25191594146052143,1.7040394549956301,0.1715680123052939,0.5068545525774647,
white,0.3,1,219.0,0.2517402961090329,1.702278932786041,0.17391349082736282,0.5218853434778579,
white,0.3,1,220.0,0.25150457725518577,1.7006003090313384,0.18648077270403002,0.6012202739402686,0.1979526466103839
white,0.3,1,221.0,0.2512309726608381,1.6987874954068956,0.1880479225655887,0.6126733265348874,
white,0.3,1,222.0,0.25098526574551433,1.697061628931623,0.17790680833880027,0.5494901517758553,
white,0.3,1,223.0,0.25079390339526664,1.6953086524097594,0.1724988162427549,0.5176600923394623,
white,0.3,1,224.0,0.2504961985190772,1.6935496213684451,0.18911617200775724,0.6234928668016455,
white,0.3,1,225.0,0.25023639627589644,1.6918674525700446,0.19355626846781404,0.6544128440359642,0.21681648131659811
white,0.3,1,226.0,0.2501303291132023,1.6901181568074228,0.18624226360899562,0.6071449017082203,
white,0.3,1,227.0,0.2498908575537147,1.6883817269805987,0.17729638777902176,0.5513514140080361,
white,0.3,1,228.0,0.2496773010433826,1.6866298089053433,0.17014916438106695,0.5088503788917494,
white,0.3,1,229.0,0.24956054252760854,1.6849122899389817,0.18540685480829347,0.6054342441513431,
white,0.3,1,230.0,0.24938486602438212,1.6831897996536713,0.18944915720423147,0.6334162171850312,0.1955001599275145
white,0.3,1,231.0,0.2491500842824837,1.6814374686049194,0.19655059862922708,0.6832148609798963,
white,0.3,1,232.0,0.24891632254762225,1.679649057803318,0.18041723117027308,0.5768845793167052,
white,0.3,1,233.0,0.24872999198943102,1.6779251575555387,0.18247764670249952,0.5913494212991548,
white,0.3,1,234.0,0.24844168242860404,1.6762477656427657,0.18022825331946205,0.5780152915208875,
white,0.3,1,235.0,0.24818156277494163,1.6745077837732378,0.17404425497148712,0.5401508296453974,0.19981934742505947
white,0.3,1,236.0,0.2481612095088527,1.672859649672139,0.18435420399722025,0.6072354031712756,
white,0.3,1,237.0,0.24797176116762099,1.6711739951202922,0.1704110191066542,0.5199026290528943,
white,0.3,1,238.0,0.24778504511160604,1.6694832499599743,0.18708135165135703,0.6278658615059016,
white,0.3,1,239.0,0.2476067627497316,1.6677802637988652,0.1756941200013919,0.5548898722081607,
white,0.3,1,240.0,0.24739217959952936,1.6660753153477774,0.17456829801256848,0.5489230906461247,0.1794408575133632
white,0.3,1,241.0,0.24721950403371878,1.6643164790330693,0.17467317288369125,0.5507450417672449,
white,0.3,1,242.0,0.24750285755496101,1.6626539474771391,0.1801557770309299,0.5870331883155763,
white,0.3,1,243.0,0.24766649574878952,1.6610531302691243,0.1786043913804623,0.5780790385652267,
white,0.3,1,244.0,0.247612496263349,1.659395115826723,0.17141775740938164,0.5335584565542405,
white,0.3,1,245.0,0.2473686541993782,1.6577234390646962,0.18058818782421437,0.5933685554977085,0.20439635838962866
white,0.3,1,246.0,0.2471112354962162,1.6560114613626062,0.17716747791938667,0.5722836434465647,
white,0.3,1,247.0,0.24692741851960293,1.6543913767489982,0.17274109836999127,0.5451108699804975,
white,0.3,1,248.0,0.2467331574368188,1.6527450288036234,0.19463434334856422,0.6934213891330255,
white,0.3,1,249.0,0.24661323830128834,1.6511188164105433,0.1963576395635128,0.7071457839347732,
white,0.3,1,250.0,0.24653861264333327,1.6495375536491261,0.1737610511391141,0.5548178947962557,0.1804869964655997
white,0.3,1,251.0,0.24634185931838204,1.6477880406751921,0.18079829536479505,0.6019438397157734,
white,0.3,1,252.0,0.24644001630497325,1.6461136790278126,0.18682948760983345,0.6440820590878227,
white,0.3,1,253.0,0.2463623319889582,1.6444864835710877,0.1724546696445306,0.5498690869133589,
white,0.3,1,254.0,0.24615902048779278,1.6428663323036736,0.17673246758411337,0.5786263773941043,
white,0.3,1,255.0,0.2458945595979087,1.6411808758946493,0.18006926309068794,0.6019165485839713,0.20153234191535416
white,0.3,1,256.0,0.24564480013512066,1.6395605292335076,0.18520942692403153,0.6380302519194562,
white,0.3,1,257.0,0.24560189598325186,1.6379450147187313,0.18446937236743705,0.6341907561244162,
white,0.3,1,258.0,0.24546610897667592,1.6363114445879425,0.17266402585451654,0.5567263717360071,
white,0.3,1,259.0,0.24519689273934495,1.6346123545103066,0.17752311538964685,0.5897259951479026,
white,0.3,1,260.0,0.24490837554790276,1.6329201828142514,0.18748452339998464,0.6591297843165576,0.18769509884153787
white,0.3,1,261.0,0.24468768937728394,1.6313156173829297,0.17164841671860295,0.5535713691496374,
white,0.3,1,262.0,0.24445070170909552,1.6295996643135278,0.1737832070212253,0.5686221410416163,
white,0.3,1,263.0,0.24420060755367673,1.628005127530674,0.17731884758519106,0.5931550984931859,
white,0.3,1,264.0,0.24400987023621223,1.6262864254470233,0.1783338699283148,0.6012340919246892,
white,0.3,1,265.0,0.2438392194758712,1.6246157108527737,0.17252799034121463,0.563881483843131,0.19622789093767032
white,0.3,1,266.0,0.24370217305401168,1.622931508793134,0.17159388372876672,0.55895034421175,
white,0.3,1,267.0,0.24353747074279813,1.6212927836676336,0.17427561359234253,0.5777239154429163,
white,0.3,1,268.0,0.24326797328296335,1.6195987604586586,0.1687270040653526,0.5426556427219501,
white,0.3,1,269.0,0.24306478758011352,1.6179440756632382,0.16787015172495623,0.5382573364909675,
white,0.3,1,270.0,0.24279561713353556,1.6162327883228806,0.17388461604193295,0.5787413323249162,0.18835277849367119
white,0.3,1,271.0,0.24254386597309996,1.614600157440226,0.16660227243759929,0.5323556467461547,
white,0.3,1,272.0,0.24236941504877701,1.6129367151134697,0.18192882657545895,0.6361190261658547,
white,0.3,1,273.0,0.24229530454993797,1.611322311198241,0.18037924690103485,0.6265825587260254,
white,0.3,1,274.0,0.2420349570204264,1.609759679974332,0.1878489167123767,0.6808717315992777,
white,0.3,1,275.0,0.24179259195985167,1.6081612255405766,0.16888180991978277,0.551412466451143,0.1885166815771772
white,0.3,1,276.0,0.24150024725008606,1.6065981594819443,0.16969156155669976,0.5577967333302668,
white,0.3,1,277.0,0.24124445951950188,1.6048713770279488,0.16504356681883312,0.5287942730012051,
white,0.3,1,278.0,0.24096495816614177,1.603170968754742,0.1770276812422807,0.6096669976842546,
white,0.3,1,279.0,0.24066398818346002,1.6015384984602856,0.16777706833342926,0.548732194708557,
white,0.3,1,280.0,0.24057320146812758,1.5999348560740647,0.1791665059482307,0.6270166204147176,0.19496339770094506
white,0.3,1,281.0,0.24043130579518807,1.5983651961567515,0.16675467319769283,0.5442193794443557,
white,0.3,1,282.0,0.2402614480087877,1.5967251815437407,0.1735703688756405,0.5908276726804925,
white,0.3,1,283.0,0.24010595987659916,1.5950275924802337,0.16600436824977505,0.5415924931988824,
white,0.3,1,284.0,0.2399161091448849,1.5934141100935177,0.16919775360707529,0.563769883906721,
white,0.3,1,285.0,0.2397625103917953,1.5918334493760722,0.17936468768084213,0.6348171382491326,0.19126068714601152
white,0.3,1,286.0,0.2395231288583872,1.5902865489383258,0.16572475347089882,0.5429927068534299,
white,0.3,1,287.0,0.23927331310863875,1.5886747888364838,0.17224441185600278,0.587746807656001,
white,0.3,1,288.0,0.2390753447573715,1.5870462251822992,0.17746139124988944,0.6251706995644206,
white,0.3,1,289.0,0.2389859384068959,1.5854516200574997,0.17367388017861604,0.5999748291373904,
white,0.3,1,290.0,0.23887286424773096,1.5837967588395652,0.17451066767512857,0.6070368629296016,0.18351820467539193
white,0.3,1,291.0,0.23852295197619083,1.5820293011630138,0.1658655577481665,0.5496084299754144,
white,0.3,1,292.0,0.2382706815120736,1.5803781857330612,0.1611192766237947,0.5196883225202238,
white,0.3,1,293.0,0.23805623899344316,1.5788012623833394,0.17039782468829331,0.582429235806016,
white,0.3,1,294.0,0.2378662613473628,1.577220120515675,0.16762048599713075,0.5647283338526112,
white,0.3,1,295.0,0.23773148175658704,1.5755919156896891,0.17912541677273483,0.6462446258217639,0.1957571112698899
white,0.3,1,296.0,0.23755188944672878,1.5739867387246262,0.16787224669148426,0.5687555818560055,
white,0.3,1,297.0,0.23728750256346168,1.572412993100039,0.1736905168158838,0.610083067462685,
white,0.3,1,298.0,0.23701493109087426,1.5707718674580327,0.16050958902774895,0.5220904400716811,
white,0.3,1,299.0,0.23694901881656624,1.5692421271027537,0.17383245478465742,0.6135526181195714,
white,0.7,0,0.0,0.6901761773626632,4.949201631842346,0.520183460536707,0.5523480033305745,0.5600593148604383
white,0.7,0,1.0,0.6894480476210578,4.944093389437443,0.5127023564508266,0.5376842314551706,
white,0.7,0,2.0,0.6886515971999869,4.9388496725428555,0.5276431817341977,0.5706884072178586,
white,0.7,0,3.0,0.6878399829526384,4.933678633363255,0.514981213870933,0.5447673401987001,
white,0.7,0,4.0,0.6870583742126157,4.928534351397883,0.5439208789648762,0.6089840085008003,
white,0.7,0,5.0,0.6863235057258356,4.923373919619307,0.5360182222413395,0.5926570717445736,0.5749391318818485
white,0.7,0,6.0,0.6855592473280723,4.918274459741322,0.5518959179287146,0.6295914869462784,
white,0.7,0,7.0,0.6846894741654056,4.913064288476108,0.5710792718858754,0.6755506319516849,
white,0.7,0,8.0,0.6838741375384421,4.907839283270306,0.541885570089765,0.6095432299227579,
white,0.7,0,9.0,0.6830864560968105,4.90261635815005,0.5129879460757812,0.547429888448231,
white,0.7,0,10.0,0.6822080470448241,4.897507629989239,0.5463588963836595,0.6222656099809691,0.5486200386862865
white,0.7,0,11.0,0.6814095141430642,4.89242638717588,0.5476976970557295,0.6266185311794736,
white,0.7,0,12.0,0.6806921526767158,4.887314263151868,0.5582817838048195,0.6524337032011184,
white,0.7,0,13.0,0.6799896367400372,4.882210071073077,0.5321413991094157,0.5940064682280153,
white,0.7,0,14.0,0.6792570315565126,4.877072032990248,0.5262944817608933,0.5822497317217538,
white,0.7,0,15.0,0.6784938704867961,4.871929964125412,0.5427907718049797,0.6206301107667757,0.5315557589687749
white,0.7,0,16.0,0.6777407138287445,4.866786568047785,0.5445968892582274,0.6260884837259364,
white,0.7,0,17.0,0.6768229958547985,4.8616308487218864,0.49888633500000495,0.5265131989579307,
white,0.7,0,18.0,0.6758171768812259,4.85656605124888,0.48645343109443095,0.5016420648763766,
white,0.7,0,19.0,0.6750837459793458,4.851512222606164,0.5191978573619523,0.5726397978156802,
white,0.7,0,20.0,0.6743465648266276,4.846479668879443,0.48401562817703975,0.4986961129812845,0.5078649355667697
white,0.7,0,21.0,0.6736189237401251,4.8414754001331985,0.5305458778048182,0.6004273055577367,
white,0.7,0,22.0,0.6728805633981104,4.8364162507200605,0.5440489839666734,0.6327012142876781,
white,0.7,0,23.0,0.6719698054815775,4.831380714894245,0.5510347801844077,0.6504074459365551,
white,0.7,0,24.0,0.6711541251255663,4.826313286669561,0.5221557537973921,0.585246899136964,
white,0.7,0,25.0,0.6701466182856141,4.821141298888731,0.5110563297144604,0.5618337542453327,0.4764301926253606
white,0.7,0,26.0,0.6693398854921264,4.816134957525381,0.49694510405458125,0.5323405395477805,
white,0.7,0,27.0,0.6685974466821568,4.8111073412746705,0.5287770873893168,0.6039836297753333,
white,0.7,0,28.0,0.6678101243174658,4.80608106028397,0.5172999758862402,0.5792589301499941,
white,0.7,0,29.0,0.6671356567054486,4.801093785986699,0.5077612385177183,0.5592535044694424,
white,0.7,0,30.0,0.666481310860612,4.796064748216905,0.49490114973178945,0.5323985386077682,0.4980407657071806
white,0.7,0,31.0,0.6657112303638295,4.790981603682982,0.5120420611511428,0.5711264478087705,
white,0.7,0,32.0,0.6649641997370118,4.785968982742992,0.52317775539477,0.5974874472278224,
white,0.7,0,33.0,0.664260366649569,4.780915039418008,0.5056465334091601,0.5592963957687332,
white,0.7,0,34.0,0.6635312421773786,4.775875723961196,0.48203471320475844,0.5093550298089426,
white,0.7,0,35.0,0.6627117445012443,4.7709060535880425,0.5455485979078374,0.6537853170192927,0.5421746132709514
white,0.7,0,36.0,0.6618553105512213,4.76586050483894,0.48481769865942603,0.5174212760661568,
white,0.7,0,37.0,0.6610537056726303,4.76077772960995,0.5200504979903882,0.5966301912209329,
white,0.7,0,38.0,0.6603455970319416,4.755774830662474,0.520314449761192,0.5984931857268158,
white,0.7,0,39.0,0.6596581153384422,4.750811339939941,0.5314721344956512,0.6257421838853556,
white,0.7,0,40.0,0.6589024214735313,4.745904260546682,0.48503194487647716,0.5222431401341899,0.48124126996500727
white,0.7,0,41.0,0.6581113290120955,4.740979515401319,0.48280880694987294,0.5185423286169268,
white,0.7,0,42.0,0.6574418203431716,4.735953419322296,0.4735488558063787,0.49990184902533036,
white,0.7,0,43.0,0.6567434815055018,4.731024278034618,0.5071420165097146,0.5745381044901989,
white,0.7,0,44.0,0.6560043525769277,4.726227214039546,0.5275507817509373,0.6229731844227864,
white,0.7,0,45.0,0.6552813948896191,4.721284358359489,0.5052653721123674,0.5726493316978286,0.5021293399296107
white,0.7,0,46.0,0.6544904685782704,4.71628562914524,0.5478488075486597,0.6746697644502261,
white,0.7,0,47.0,0.6537975510006294,4.71133766364714,0.4999584806520165,0.5630531865371705,
white,0.7,0,48.0,0.6530568115705364,4.706375136792056,0.4934569762718639,0.5496617404001692,
white,0.7,0,49.0,0.652299845367501,4.7014812007832605,0.5319677443300763,0.640134444098638,
white,0.7,0,50.0,0.6515994209430126,4.696612017065701,0.4758080100214187,0.5131733944322409,0.48358948092135284
white,0.7,0,51.0,0.650894776222928,4.6917246867108595,0.5088806524394655,0.5882160142493407,
white,0.7,0,52.0,0.6501856991783481,4.686793168852488,0.5267019672740979,0.6314635819684724,
white,0.7,0,53.0,0.6494895813334777,4.68194565894765,0.48397690198034493,0.5342770720894119,
white,0.7,0,54.0,0.648793803045452,4.67709239303245,0.5022697946120848,0.5766233551914026,
white,0.7,0,55.0,0.6480655458841081,4.672185479087972,0.5211667589652611,0.6221330442255855,0.5226975422919893
white,0.7,0,56.0,0.6472892358995072,4.667298106258298,0.48661929195800563,0.5435225510098318,
white,0.7,0,57.0,0.6464941028965847,4.6623618940192415,0.52533228550978,0.6347843740965378,
white,0.7,0,58.0,0.6457686116153355,4.657389416775716,0.5351111111920841,0.6600439249211124,
white,0.7,0,59.0,0.6448449415844443,4.652485437529155,0.48292565597782816,0.5387167961911618,
white,0.7,0,60.0,0.6441067873589588,4.647633445242808,0.5205436743313956,0.627221034279021,0.5014657308305509
white,0.7,0,61.0,0.6434296179234362,4.642773184421363,0.508217669968719,0.5991210670177485,
white,0.7,0,62.0,0.6427028727798686,4.63779727668152,0.5045425554398634,0.5917552054215824,
white,0.7,0,63.0,0.6419962818387908,4.632804716877011,0.5107073610794299,0.6076118726690258,
white,0.7,0,64.0,0.6412629628481719,4.627813941378592,0.5137156626776539,0.616117916994,
white,0.7,0,65.0,0.6405005011354201,4.622957942051306,0.5278069040011262,0.6517488191529794,0.534703737834911
white,0.7,0,66.0,0.6398371782161678,4.618098489787113,0.4918144197504666,0.5670823604550602,
white,0.7,0,67.0,0.6391359764073721,4.613163574404391,0.5012551524399829,0.5903233957774359,
white,0.7,0,68.0,0.6383887893087715,4.608276761858127,0.49247092235276896,0.5710236325790498,
white,0.7,0,69.0,0.6376235688817424,4.603365289246661,0.541216442940426,0.6911321441491056,
white,0.7,0,70.0,0.636935318041766,4.598513789256214,0.48572805353183846,0.5578550802057882,0.5453668355257006
white,0.7,0,71.0,0.6361517240583947,4.593660491963897,0.4961864916800271,0.5833673104560885,
white,0.7,0,72.0,0.6353992009297302,4.588849131439213,0.5010476606480277,0.5961019229764332,
white,0.7,0,73.0,0.634683861831071,4.583973698237523,0.49355459225446024,0.5796370859576585,
white,0.7,0,74.0,0.634018022892427,4.5791627032927815,0.5287473706481706,0.6666444934706507,
white,0.7,0,75.0,0.6332863895695859,4.574322045611877,0.49404028181880166,0.5832318761189685,0.49279253826923747
white,0.7,0,76.0,0.632495773158256,4.5695880775214786,0.5101568434991299,0.6231940995983333,
white,0.7,0,77.0,0.6318127332669111,4.564942134647087,0.4780633212453652,0.5483657219322902,
white,0.7,0,78.0,0.6310966770359935,4.560117660367983,0.5160719219246032,0.6403808985610213,
white,0.7,0,79.0,0.6303786838371147,4.555205824491569,0.5311771594849611,0.6798808026819515,
white,0.7,0,80.0,0.6295756225791411,4.550324975186587,0.49818795856391107,0.599337743439872,0.5045998955856024
white,0.7,0,81.0,0.6288619118894728,4.545571189535256,0.5045184462561145,0.6159524343466717,
white,0.7,0,82.0,0.6281757010854526,4.540792826296079,0.48440493147585983,0.5690150334326298,
white,0.7,0,83.0,0.6274528723388094,4.53588465595278,0.50006582566735,0.6077155539446885,
white,0.7,0,84.0,0.6267154106553229,4.53107449658889,0.49380712685614625,0.5938575829354878,
white,0.7,0,85.0,0.6260054672575053,4.5263019524060555,0.49314964111136694,0.5935268930375281,0.4799250121607062
white,0.7,0,86.0,0.6252604456159813,4.52167373712416,0.4829839293706352,0.5704753983123279,
white,0.7,0,87.0,0.6243275807407597,4.51688270654876,0.48124248742943726,0.5675711397518409,
white,0.7,0,88.0,0.6235816752607148,4.512152854094198,0.4949597199803427,0.601647494015493,
white,0.7,0,89.0,0.6228743549974955,4.507400573416824,0.504858922788927,0.6272746918227112,
white,0.7,0,90.0,0.622216455237553,4.50269752757883,0.47131604800412796,0.547833910872312,0.4790187922263272
white,0.7,0,91.0,0.6215103088987249,4.497962909483034,0.5018110742475478,0.6223271486407872,
white,0.7,0,92.0,0.6208618486143681,4.493216778400412,0.46724096734538434,0.5406759963718413,
white,0.7,0,93.0,0.620147776102721,4.488499111337427,0.45479482562642354,0.5133324834452272,
white,0.7,0,94.0,0.6194809496590724,4.483809177795074,0.4675105904557003,0.54357399031791,
white,0.7,0,95.0,0.6188301049719768,4.479201324032746,0.4844390707867103,0.5848535945680655,0.49239185723838735
white,0.7,0,96.0,0.6180815583535991,4.474525427692846,0.47367405504777516,0.5603188567547057,
white,0.7,0,97.0,0.6173802706975212,4.469819276620632,0.4775668079722086,0.5707663295210107,
white,0.7,0,98.0,0.6166863098210736,4.465292372848649,0.46431769883664487,0.5406306710257633,
white,0.7,0,99.0,0.6160351521339426,4.460672407619679,0.48561430572716724,0.5925872309771427,
white,0.7,0,100.0,0.615363168258323,4.455971487169168,0.4953913720385823,0.6179908924676253,0.4828360577924905
white,0.7,0,101.0,0.6146270932185265,4.451296359401747,0.4707144313794334,0.5591289912834713,
white,0.7,0,102.0,0.613893762693441,4.446618517154813,0.4507979950744459,0.5138947863685684,
white,0.7,0,103.0,0.6130611999902146,4.441968888493746,0.4839253757540962,0.5934385725990584,
white,0.7,0,104.0,0.6123679996399528,4.4374132725676,0.48692064787693096,0.6020417793708079,
white,0.7,0,105.0,0.6119801206081785,4.432841450237538,0.4757695247372913,0.5759686535386014,0.5172340120906312
white,0.7,0,106.0,0.6115211154564653,4.428211803449377,0.5029351954859044,0.6449666984169755,
white,0.7,0,107.0,0.6109835105321454,4.423559909632012,0.5064765702333847,0.6554580424240721,
white,0.7,0,108.0,0.6106532754646121,4.418974964560281,0.45436862055768457,0.5286199915700088,
white,0.7,0,109.0,0.6104991617889075,4.414400065597461,0.4868075731082246,0.6080527776762908,
white,0.7,0,110.0,0.610123129399521,4.409825460553771,0.4572623195915819,0.5375984815494693,0.5025363009109778
white,0.7,0,111.0,0.6095946605384309,4.405285134007872,0.4772049007933137,0.5867211549076177,
white,0.7,0,112.0,0.6089763809921787,4.400702927668811,0.4783479215724885,0.5907635376144543,
white,0.7,0,113.0,0.6083733477465953,4.396132434734697,0.49633992737119315,0.6373630693278696,
white,0.7,0,114.0,0.6080005829633206,4.391609154487577,0.4864007809053165,0.6133539520632423,
white,0.7,0,115.0,0.607570770328862,4.386968584857886,0.44066826172497403,0.5045038680317888,0.48332941762338366
white,0.7,0,116.0,0.6069931932046723,4.382380201958637,0.49593190984976254,0.6403154850003295,
white,0.7,0,117.0,0.6064001885990338,4.3779294548836205,0.48349691571429304,0.6098456102523014,
white,0.7,0,118.0,0.6057711998663232,4.373413058428451,0.4829405518637201,0.6097002284069,
white,0.7,0,119.0,0.605139873593659,4.36882870472269,0.4573990485030733,0.548063000474966,
white,0.7,0,120.0,0.6045359867837664,4.364190150743031,0.4950377988815582,0.6433382844911698,0.48081824589674194
white,0.7,0,121.0,0.6038920825011145,4.3595359758675425,0.4549101776603013,0.544428409076735,
white,0.7,0,122.0,0.6034278216850492,4.354926989416444,0.46086947548617946,0.5599691957378318,
white,0.7,0,123.0,0.6028647563561004,4.3503982860411865,0.4702912545219681,0.5843132997210907,
white,0.7,0,124.0,0.6023380993401326,4.345881950092639,0.46898896486992914,0.5822900943818281,
white,0.7,0,125.0,0.6019299087800978,4.341327775233002,0.4924493719438154,0.6433510683937527,0.5163017279032646
white,0.7,0,126.0,0.6015449280462385,4.336841707793063,0.47404464297365506,0.5973946771675979,
white,0.7,0,127.0,0.6009252788598513,4.3323311577761805,0.4818876820962904,0.6186120313098125,
white,0.7,0,128.0,0.6002198760607862,4.327807096854507,0.4915625213590513,0.6450475665632438,
white,0.7,0,129.0,0.5996771413701096,4.323341882361386,0.45944308939858863,0.5646694489897688,
white,0.7,0,130.0,0.5991875498378347,4.3188400230461275,0.48045565422226955,0.6187887182750432,0.4709504892467406
white,0.7,0,131.0,0.5985732024122284,4.314323267248923,0.46366694418259935,0.5775065421741875,
white,0.7,0,132.0,0.5980331462077789,4.309695646159607,0.4744603247707518,0.6060055558896909,
white,0.7,0,133.0,0.5974326909867675,4.305232992676476,0.45326657118807767,0.5542223889801655,
white,0.7,0,134.0,0.5968103948228158,4.300740142364668,0.460614331077122,0.5735331053874337,
white,0.7,0,135.0,0.5961883743119342,4.296211060309524,0.4724829683751211,0.6047433520205313,0.4680670243666144
white,0.7,0,136.0,0.5955049275861807,4.291731061003862,0.4848067568718469,0.6380318132284569,
white,0.7,0,137.0,0.5948688968068284,4.287286293066236,0.4579001039745637,0.5703566607577062,
white,0.7,0,138.0,0.5943904725400413,4.282810567275865,0.46988502592750514,0.6018600043081505,
white,0.7,0,139.0,0.5938445968479518,4.278308811774535,0.4629255026455966,0.585393586100558,
white,0.7,0,140.0,0.5930809884125292,4.273798550565352,0.4627181533337103,0.5861044051730587,0.45384927021258287
white,0.7,0,141.0,0.5924187397445794,4.2692994104625495,0.472898216955623,0.6134683062495394,
white,0.7,0,142.0,0.5917837410234852,4.2649143462076005,0.4809808702251232,0.6359236619866884,
white,0.7,0,143.0,0.591211928091177,4.260456674219273,0.48331534933647474,0.6434560278438988,
white,0.7,0,144.0,0.5906692423615879,4.255919198156013,0.47814397584983964,0.6311035648537279,
white,0.7,0,145.0,0.5900244205896564,4.251493540106031,0.44242487950088843,0.5414595772292411,0.47605987011215384
white,0.7,0,146.0,0.589298654972739,4.247012578514546,0.46901092599169675,0.6097738979605531,
white,0.7,0,147.0,0.5886943662811166,4.242459116465668,0.40736145972418,0.4609932316890147,
white,0.7,0,148.0,0.5881689915154481,4.23799037460062,0.47986947720041434,0.6410565265863325,
white,0.7,0,149.0,0.5881457511516364,4.23365801445712,0.4799793606438222,0.642663422630668,
white,0.7,0,150.0,0.5881319151551982,4.229346865623246,0.4817706685651552,0.6487899377652937,0.4755672940734906
white,0.7,0,151.0,0.5876189319508188,4.224956017380043,0.47973933484052417,0.6446682433466815,
white,0.7,0,152.0,0.5870083112266511,4.220441322020898,0.46950343356590657,0.6187736575970216,
white,0.7,0,153.0,0.5863466502056531,4.216004162198979,0.42247213090046654,0.5020697699522007,
white,0.7,0,154.0,0.5858034569427596,4.211616166745049,0.46841079485978854,0.6184808062520095,
white,0.7,0,155.0,0.5852087104794469,4.20717747296104,0.44241087987656225,0.5528915301115149,0.44059381568265377
white,0.7,0,156.0,0.5845754335796532,4.202777541823621,0.4229239370762467,0.5063160931326707,
white,0.7,0,157.0,0.5839961273444552,4.198447033822441,0.4656634882690911,0.6150876700033234,
white,0.7,0,158.0,0.5834875245451365,4.1940753184060044,0.4527686401130318,0.5827069947852478,
white,0.7,0,159.0,0.5830076934695338,4.189702933665179,0.4496802789854289,0.5759850696323909,
white,0.7,0,160.0,0.5824184243249463,4.185232959608886,0.4788842399821286,0.6546238441598434,0.46987249546717413
white,0.7,0,161.0,0.5817225048499814,4.180815623601462,0.4143495647754973,0.4911133589368344,
white,0.7,0,162.0,0.5810797190419812,4.176502531490207,0.4570821416163676,0.598870628202249,
white,0.7,0,163.0,0.5804819664184786,4.172153332815167,0.46894963975461945,0.6316869362435775,
white,0.7,0,164.0,0.5800300449237562,4.167675243966798,0.45737976945289377,0.6021936425675118,
white,0.7,0,165.0,0.5794807190049904,4.163246824186833,0.44501180785378547,0.571279650930195,0.4312315063426909
white,0.7,0,166.0,0.5789465925283531,4.158853437689458,0.44393609466352746,0.569722914673212,
white,0.7,0,167.0,0.5783990658699802,4.154485141676226,0.4616941786998743,0.6175105498624921,
white,0.7,0,168.0,0.5779241660438522,4.150015568453377,0.42888004742731006,0.5340012048935061,
white,0.7,0,169.0,0.5773553399304349,4.14555327846453,0.4363601629404683,0.5539814118117852,
white,0.7,0,170.0,0.5766784279059488,4.141204895317454,0.42981733642037967,0.5386224163914798,0.45430829081715507
white,0.7,0,171.0,0.5761258557069041,4.136819439380332,0.43634816018583755,0.5562924573872129,
white,0.7,0,172.0,0.5755696211305367,4.132413392373639,0.44494924910667183,0.5796734908685086,
white,0.7,0,173.0,0.575024439724686,4.12809718462762,0.4530575410814747,0.6022501342499504,
white,0.7,0,174.0,0.5745058669364886,4.123806268593303,0.4713717987412447,0.6532819927666529,
white,0.7,0,175.0,0.5738702380825152,4.119455667541776,0.4479211618405814,0.5911442905340194,0.4532406134738835
white,0.7,0,176.0,0.5731433371968441,4.115204684113407,0.4175010426593204,0.5146384740737824,
white,0.7,0,177.0,0.5725806840852161,4.11099017225942,0.43355480439728256,0.5561156712312755,
white,0.7,0,178.0,0.5721434323499361,4.106810792108327,0.45066402299255603,0.6020969033622208,
white,0.7,0,179.0,0.5721123032873554,4.102572063680815,0.4514239107871852,0.6053780710794736,
white,0.7,0,180.0,0.5718162895974747,4.098448319579542,0.4148337935342976,0.5122468944716129,0.4006268141779468
white,0.7,0,181.0,0.5713802796584628,4.094322510547544,0.45124420190792014,0.6073362105527237,
white,0.7,0,182.0,0.5709585317385573,4.09012744506606,0.4560157062998607,0.6215211693674757,
white,0.7,0,183.0,0.570706218351086,4.085881662747165,0.43237675100843126,0.55991629075316,
white,0.7,0,184.0,0.5703988479586838,4.081683272409231,0.43659541561217957,0.5720707508131706,
white,0.7,0,185.0,0.5700822128234247,4.077411191522361,0.44417940396958755,0.5933593866770014,0.5019494606469729
white,0.7,0,186.0,0.5694647679830682,4.0730727617796685,0.4417110487248814,0.5880336683507739,
white,0.7,0,187.0,0.5689932633106158,4.068766630296592,0.4471094556810562,0.6037708640089793,
white,0.7,0,188.0,0.5687379661468818,4.064514066255814,0.4701152782760456,0.6689004277757129,
white,0.7,0,189.0,0.5685148509582392,4.060343416123002,0.44873111337833366,0.6106844145945011,
white,0.7,0,190.0,0.5679021235628142,4.056084543664718,0.43217941958084843,0.5676546120301768,0.4246750133648066
white,0.7,0,191.0,0.5673201014337464,4.0518489892009235,0.4478295185367576,0.6107858052743447,
white,0.7,0,192.0,0.5666517781153003,4.047605157887261,0.4278407963481022,0.5586478232582518,
white,0.7,0,193.0,0.5661513471761124,4.043328075486027,0.45248762746361976,0.6261890353447849,
white,0.7,0,194.0,0.5655808640501929,4.039095365683927,0.449382577985433,0.6189196232266146,
white,0.7,0,195.0,0.565207635885425,4.034957346688825,0.4468432645085249,0.6132005559680909,0.4441122321648666
white,0.7,0,196.0,0.5650181200901755,4.030835455543987,0.44369372535744545,0.6058239502158143,
white,0.7,0,197.0,0.5647065811999622,4.026647642301819,0.44439517308228216,0.6090057808868977,
white,0.7,0,198.0,0.5642801317105292,4.0224261357368185,0.4157124581075669,0.534047551183717,
white,0.7,0,199.0,0.5637767580311602,4.0182420708769895,0.43213709520673943,0.5782836428634759,
white,0.7,0,200.0,0.5631712105553981,4.014052670642405,0.4345241609718995,0.5859111057976051,0.44146633411480035
white,0.7,0,201.0,0.5628173046530254,4.009872444499406,0.4263061702138862,0.5651348971191414,
white,0.7,0,202.0,0.5626594486602958,4.005645397037975,0.45597857132955094,0.6479087879740523,
white,0.7,0,203.0,0.5621345347256462,4.001412076256143,0.45698921495109474,0.6521617882054055,
white,0.7,0,204.0,0.5615984812732325,3.9972294901735848,0.41517778487555573,0.5394113166976888,
white,0.7,0,205.0,0.5614361542664877,3.993104786540957,0.45923240979750396,0.6613230360306218,0.5579466600960175
white,0.7,0,206.0,0.5609423721020493,3.988979912739823,0.41701769387878995,0.5464560898659713,
white,0.7,0,207.0,0.5605075302673419,3.984827717391484,0.43939368104558063,0.6079369204563484,
white,0.7,0,208.0,0.560001029378151,3.9806275408856613,0.4533935208262402,0.6486606256690227,
white,0.7,0,209.0,0.5594387382683672,3.976487741562458,0.43689650122446033,0.6035702732239875,
white,0.7,0,210.0,0.5588249203118967,3.9723536055584945,0.4248646008747643,0.5719726965052072,0.42696778485263404
white,0.7,0,211.0,0.5581280774848545,3.9682146369125038,0.39859803155372975,0.5044870171310276,
white,0.7,0,212.0,0.5573624618798523,3.964159659752171,0.4185581942835341,0.5574159946115527,
white,0.7,0,213.0,0.5566760277220414,3.9601249361178494,0.4220023803122296,0.5677825364218864,
white,0.7,0,214.0,0.5561420694329994,3.9561310188836125,0.42467815277047816,0.5761671737769658,
white,0.7,0,215.0,0.55571943991544,3.9520594123121957,0.43316451116747806,0.6006601368292954,0.4305522661676306
white,0.7,0,216.0,0.5552513076827694,3.9478832220333664,0.4238115050908558,0.5762180960782727,
white,0.7,0,217.0,0.5548247868038487,3.9438472760513545,0.4384172389900179,0.6178813294252214,
white,0.7,0,218.0,0.5543923168702658,3.9397084568003224,0.4292379164960887,0.5935235985896976,
white,0.7,0,219.0,0.5540238475702661,3.935600250207804,0.43152164090621564,0.6011089668183992,
white,0.7,0,220.0,0.5536447455615551,3.931518133006872,0.4216903101778741,0.5752235811917833,0.4429684067111725
white,0.7,0,221.0,0.5532935122439562,3.9274681866404713,0.45035213731778795,0.6574293808757489,
white,0.7,0,222.0,0.5530582422712156,3.9233626476927133,0.3970211230399247,0.5120122187689855,
white,0.7,0,223.0,0.5524852702608474,3.9192060730833167,0.45555001369748943,0.6755320111329992,
white,0.7,0,224.0,0.5519775133052812,3.915156148519873,0.4288550141514879,0.599919271523184,
white,0.7,0,225.0,0.5514540805791646,3.911115749113413,0.4224731064278884,0.5834005072459274,0.46889571983861517
white,0.7,0,226.0,0.5509690266810916,3.907013058778045,0.3956943576252492,0.5128613766158768,
white,0.7,0,227.0,0.5504342250940951,3.902865807620402,0.4317826626824198,0.6119742747789536,
white,0.7,0,228.0,0.5498978909507061,3.898747632951523,0.4347399825807781,0.6216972172177779,
white,0.7,0,229.0,0.5494980632196956,3.8947510245722907,0.4144244078977451,0.5661105587740752,
white,0.7,0,230.0,0.5492459535016817,3.8907262410195056,0.4100569462126277,0.5553886527242458,0.47894109102510996
white,0.7,0,231.0,0.5488271829883129,3.8866695947874224,0.43293585363621556,0.6203858239510955,
white,0.7,0,232.0,0.54801456140226,3.8826038648712444,0.4057918766052391,0.5461733897071541,
white,0.7,0,233.0,0.5474077917601414,3.87854391094985,0.41398350539892875,0.5696376081216171,
white,0.7,0,234.0,0.5469725726022395,3.8744220951657224,0.4301975304852442,0.6164416367330378,
white,0.7,0,235.0,0.5465355323947115,3.870373743757355,0.4199507403278562,0.5886550811701546,0.4526489528313171
white,0.7,0,236.0,0.5459626870105879,3.866337240404516,0.4378200022671041,0.6411530859733121,
white,0.7,0,237.0,0.5455565278604916,3.8623581765902535,0.42601206784653134,0.6082872540479455,
white,0.7,0,238.0,0.545180421283872,3.858305417217237,0.43960185761942,0.6490764269700858,
white,0.7,0,239.0,0.544866807700077,3.8542384518785644,0.43102960286635317,0.6253267990274555,
white,0.7,0,240.0,0.5443986272633342,3.85021135085423,0.44998398171494597,0.6829595351708311,0.440559588202052
white,0.7,0,241.0,0.543908752634951,3.8461873422566923,0.41745893100005904,0.5890289619268733,
white,0.7,0,242.0,0.5433772273208042,3.8421165455046746,0.40637536629759596,0.5593500526903427,
white,0.7,0,243.0,0.5430373936232451,3.8381839066638994,0.403448395789364,0.5524518471125844,
white,0.7,0,244.0,0.5426798380238979,3.8341338272144068,0.44212714256421337,0.6648594166755042,
white,0.7,0,245.0,0.5424672202465685,3.8302003912411915,0.4062215422825736,0.562409843326144,0.4163462794482844
white,0.7,0,246.0,0.5421815817132206,3.8261904973534757,0.4150197827621245,0.5882669157589802,
white,0.7,0,247.0,0.5418703888637296,3.822023832277964,0.4267503840108969,0.6233487084217222,
white,0.7,0,248.0,0.5418296687694205,3.817925933562173,0.4351327102282447,0.6494690648883713,
white,0.7,0,249.0,0.5415378353975089,3.813936175381015,0.4122483163296969,0.5841722778426707,
white,0.7,0,250.0,0.5412803209562537,3.8098872626886853,0.4405210329768855,0.6684655842252173,0.408528079515338
white,0.7,0,251.0,0.540709941110869,3.8058596134713123,0.42649183527030166,0.6278934004761078,
white,0.7,0,252.0,0.5401479676879003,3.8019235092387285,0.41265805543240297,0.589038808324292,
white,0.7,0,253.0,0.5397783179046217,3.7980267880105347,0.43925536180986563,0.6687874273670876,
white,0.7,0,254.0,0.5395121198662133,3.7941215773354338,0.44520759336871274,0.6884503800054733,
white,0.7,0,255.0,0.5392835511112285,3.790136374936096,0.4390933931545815,0.6710797525222577,0.47987698922026545
white,0.7,0,256.0,0.5388496123536967,3.7861889679363365,0.36517248326981017,0.4651162603113574,
white,0.7,0,257.0,0.5383400431736937,3.7822841051237788,0.4104446634216133,0.5888042496163325,
white,0.7,0,258.0,0.5378815307260597,3.7783433097861012,0.40364076012602135,0.5706334186019951,
white,0.7,0,259.0,0.5374999635571089,3.774394397043555,0.41759051361969984,0.6120356153260462,
white,0.7,0,260.0,0.5370142990655201,3.7705248206165525,0.37482309130830266,0.4941047996716758,0.37793432651311126
white,0.7,0,261.0,0.5364709180141355,3.766592841075374,0.41603476727705385,0.610002902935905,
white,0.7,0,262.0,0.5359105332640256,3.7626506180769512,0.4063603066609927,0.5831828927740775,
white,0.7,0,263.0,0.5354792830182101,3.7587975421761266,0.43940979682444337,0.683300292867779,
white,0.7,0,264.0,0.5351129214639944,3.754876956892543,0.41190077342815734,0.6016775382174295,
white,0.7,0,265.0,0.5347348515748551,3.7509228295799724,0.41285600752625334,0.6057465689084589,0.4170336397061999
white,0.7,0,266.0,0.5343707333507786,3.747071491276087,0.41415270724016184,0.6108112891532442,
white,0.7,0,267.0,0.5342573648543388,3.743171362771,0.40505006415507283,0.5854745152564217,
white,0.7,0,268.0,0.533735743062233,3.7392174949555743,0.4172357394081782,0.6225461536763153,
white,0.7,0,269.0,0.5331540868956789,3.7352897682147868,0.38229449062077875,0.5237421015277429,
white,0.7,0,270.0,0.5328108168239136,3.7313289510275376,0.4099766556197857,0.6036166149240909,0.42586832956394455
white,0.7,0,271.0,0.5322134424215194,3.727374993140723,0.42413200109197946,0.6473898901178314,
white,0.7,0,272.0,0.5317172698788184,3.723531806866198,0.4432147731711838,0.7084159388757805,
white,0.7,0,273.0,0.5313337051182216,3.719709644912529,0.4184845685252836,0.6328646224981723,
white,0.7,0,274.0,0.530859688310205,3.7158109262008474,0.40528228548687123,0.5948096867417498,
white,0.7,0,275.0,0.5307814512553936,3.711967160110395,0.387230817934371,0.5441286340736915,0.4152981691925167
white,0.7,0,276.0,0.5305816476596235,3.708179595962107,0.39113831830353213,0.5563001959366136,
white,0.7,0,277.0,0.5301543631111771,3.704297403672224,0.3747675449957576,0.5117787597022757,
white,0.7,0,278.0,0.5296087554608783,3.7004105970916257,0.3943751174687117,0.5679226429163342,
white,0.7,0,279.0,0.52934977530685,3.6965344347670746,0.4182928415801737,0.6402378665878835,
white,0.7,0,280.0,0.5291340860646867,3.692748646783189,0.3780232299784136,0.5239712837811316,0.3741065783589709
white,0.7,0,281.0,0.5287321129847189,3.688926365791873,0.43373429006543346,0.6912219919532008,
white,0.7,0,282.0,0.5281913325046854,3.685043257080261,0.39080392092446625,0.5623447546751865,
white,0.7,0,283.0,0.5278969983906435,3.6812052606279457,0.37790964367181223,0.5269457250187309,
white,0.7,0,284.0,0.5275786399374024,3.6774054465863815,0.39733734483455607,0.5837215742435898,
white,0.7,0,285.0,0.5270441691081713,3.673493777567424,0.3734299306093643,0.5166894989300235,0.4128655928508265
white,0.7,0,286.0,0.5266862724614723,3.669605329227143,0.4102228489225169,0.6248431044286396,
white,0.7,0,287.0,0.5261694861695683,3.6657923335055926,0.4047788819353767,0.6096351228965979,
white,0.7,0,288.0,0.5257205331424487,3.66193841762815,0.38311592830681834,0.5472784509108256,
white,0.7,0,289.0,0.5254954672261749,3.6581841394664756,0.3870996589495025,0.5598664675294757,
white,0.7,0,290.0,0.5251901172743672,3.654452333299481,0.4066172339578903,0.6190090017443598,0.4337550609341563
white,0.7,0,291.0,0.5247315623759848,3.6506729068539263,0.3791317735910935,0.5392678431849255,
white,0.7,0,292.0,0.5239851129784111,3.6469354814580393,0.3494603507586043,0.4591025033919618,
white,0.7,0,293.0,0.523627453749658,3.6432264023794962,0.3885896687798583,0.5688269748344296,
white,0.7,0,294.0,0.5231429580344519,3.6393542617969357,0.3941257050902728,0.5863958125278469,
white,0.7,0,295.0,0.5228332363332392,3.6354719780987272,0.4022696327577308,0.6121853034301217,0.38756490117561776
white,0.7,0,296.0,0.5224490959218981,3.63158757394766,0.4010695323541529,0.6098405588417962,
white,0.7,0,297.0,0.5220434736172456,3.6277621668481044,0.41686057277139305,0.6601977372724128,
white,0.7,0,298.0,0.5214334455340515,3.6238757272063404,0.3896618534722709,0.5780949773063417,
white,0.7,0,299.0,0.5207494423397684,3.620096691553241,0.4010491702740795,0.6136558907900098,
white,0.7,1,0.0,0.7040559543748491,4.979398875406972,0.5710200822471719,0.6575350911113305,0.5556534324846154
white,0.7,1,1.0,0.7032378854281115,4.974298881481564,0.5374668165510987,0.5837267063232805,
white,0.7,1,2.0,0.7023925247371454,4.96904236747659,0.5590497333015236,0.6328860079084211,
white,0.7,1,3.0,0.701616341553004,4.963881890317575,0.5236380344166327,0.5564030390646743,
white,0.7,1,4.0,0.7008225681741481,4.958764991864076,0.5668148669029038,0.6532891071685363,
white,0.7,1,5.0,0.6999276555772399,4.953669673379505,0.5398955016511218,0.593930100811761,0.5649089929895836
white,0.7,1,6.0,0.6991171007733963,4.948534305008502,0.5513684198780446,0.6207269614448111,
white,0.7,1,7.0,0.6983625881498591,4.943521485426234,0.5484995502102779,0.615530679188752,
white,0.7,1,8.0,0.6975123577672887,4.9384320770344745,0.5748757022916956,0.6775474901336448,
white,0.7,1,9.0,0.6967394882114258,4.933206447551152,0.527221551966588,0.5710810296502138,
white,0.7,1,10.0,0.6960792980976441,4.927935945875461,0.5702388231349386,0.6695044368452742,0.56724554930203
white,0.7,1,11.0,0.6951960132316231,4.922772063019871,0.5412174883932396,0.6043578852083089,
white,0.7,1,12.0,0.694420184840417,4.917630432952086,0.5379262736851922,0.5982789771444478,
white,0.7,1,13.0,0.6936424957267036,4.912613987739095,0.5291385698679292,0.5800742160867112,
white,0.7,1,14.0,0.692921957891987,4.907474302000051,0.5385021217100403,0.6020447501466379,
white,0.7,1,15.0,0.6921445026842615,4.902252905889596,0.556310146496183,0.6438912764433805,0.5887540475734108
white,0.7,1,16.0,0.6913240149303772,4.8970913739304995,0.5373535865711636,0.6020241222328058,
white,0.7,1,17.0,0.6906040791180688,4.891993642417178,0.5671040007509782,0.671929422839621,
white,0.7,1,18.0,0.6898655364325322,4.886822924994734,0.5663902584591972,0.6716582437583192,
white,0.7,1,19.0,0.689010685325715,4.881694815154763,0.4949317697160593,0.5139482806814796,
white,0.7,1,20.0,0.6881537667837712,4.876567499577046,0.5426773203296907,0.6191913321298783,0.5638778794993964
white,0.7,1,21.0,0.687425381608321,4.871494883262376,0.5611130500867202,0.66335535859935,
white,0.7,1,22.0,0.6866518432715196,4.866385168317395,0.5383294552564635,0.6118617878507014,
white,0.7,1,23.0,0.6858429973312521,4.861206837391271,0.5409077788740129,0.6190536070663952,
white,0.7,1,24.0,0.6848778626868934,4.8559814699002795,0.5268689788563296,0.5886013045178905,
white,0.7,1,25.0,0.6841028068228213,4.850918131391374,0.5480687424082936,0.6382519966010165,0.6104738311815541
white,0.7,1,26.0,0.683412169581767,4.845832625393548,0.5000652726255549,0.5324594958630747,
white,0.7,1,27.0,0.6828339366989211,4.840688121782912,0.5202908577608963,0.5776279356512671,
white,0.7,1,28.0,0.6827767573350733,4.835505821475133,0.5736584597434995,0.7037088104028829,
white,0.7,1,29.0,0.6821183755702456,4.830494205029789,0.5000962956487498,0.5359128229937659,
white,0.7,1,30.0,0.6813695062475633,4.825325286124234,0.535472112707987,0.6157303047055783,0.5346299213594922
white,0.7,1,31.0,0.6805736817432829,4.8200981814809785,0.5539569287869022,0.6604048177623741,
white,0.7,1,32.0,0.6799604624208297,4.814921815455738,0.5133134497229144,0.5682727260512658,
white,0.7,1,33.0,0.679259388269165,4.809822744531511,0.5092370061258403,0.5604692283305167,
white,0.7,1,34.0,0.6785718822467329,4.804724161957704,0.5235304679926915,0.5936315947953724,
white,0.7,1,35.0,0.6778228544444294,4.799565237030411,0.5417199981398843,0.6369655476368179,0.5776628815327809
white,0.7,1,36.0,0.6771513543607407,4.794462727364638,0.5177649190956933,0.5831165319103173,
white,0.7,1,37.0,0.6765416836307349,4.789439966732216,0.5125608493670729,0.5726528120912711,
white,0.7,1,38.0,0.6760353524288313,4.784433962982516,0.5335545153243004,0.6218225597763712,
white,0.7,1,39.0,0.6753384749749455,4.779419090738437,0.49999499260062374,0.54720629683981,
white,0.7,1,40.0,0.6747789651000268,4.774450378776097,0.48914921828361574,0.5248146671179655,0.4807093998977518
white,0.7,1,41.0,0.6741141399959332,4.769534937797186,0.5259724406087798,0.6080564694003523,
white,0.7,1,42.0,0.6734748682142155,4.764589749725488,0.5250579456588975,0.6072023590520407,
white,0.7,1,43.0,0.6732178271806637,4.759599790811947,0.5298377222062112,0.6196049530391045,
white,0.7,1,44.0,0.672605157937005,4.754508171452578,0.4880883386064876,0.5269333318495769,
white,0.7,1,45.0,0.6718922536505747,4.749471261183411,0.5480899437750923,0.6658603331262652,0.6196998907398945
white,0.7,1,46.0,0.6713011871678153,4.744503448449298,0.5509553229514457,0.6742504385910338,
white,0.7,1,47.0,0.6706184979162305,4.739490931064831,0.5251926619450735,0.6139654181923827,
white,0.7,1,48.0,0.6700265984506582,4.734505632802003,0.5278741586518841,0.6215578183292824,
white,0.7,1,49.0,0.6694504126744255,4.729589671379627,0.5358730191045542,0.6418696759596156,
white,0.7,1,50.0,0.6689621437382693,4.724696260321648,0.5307937479936168,0.6310645931369996,0.5294278855542376
white,0.7,1,51.0,0.6683787321757464,4.719688900120977,0.4896991693540841,0.5382722529415794,
white,0.7,1,52.0,0.6677868911833501,4.714753711630354,0.5450051412879369,0.6681180125981057,
white,0.7,1,53.0,0.667245082644472,4.7098027758686625,0.5426592331032956,0.6637720406757072,
white,0.7,1,54.0,0.6667859613356982,4.704910952814222,0.5063131169716808,0.5790359730012079,
white,0.7,1,55.0,0.6661139732618522,4.699989343596665,0.5164160304947992,0.6036367720209451,0.5500009288746945
white,0.7,1,56.0,0.6653446790678547,4.695033575714142,0.5194397295882673,0.612016212795214,
white,0.7,1,57.0,0.6646210069138986,4.690056726032689,0.5261567478871217,0.6292802511120803,
white,0.7,1,58.0,0.6641511662590066,4.685206696322589,0.4888597660153227,0.5443535817024311,
white,0.7,1,59.0,0.6634997661295617,4.680445861099598,0.5215502664918903,0.6208517297120419,
white,0.7,1,60.0,0.6629062051286851,4.675667596363032,0.5139181896375282,0.6040469918282502,0.5769737575261928
white,0.7,1,61.0,0.6621473664937726,4.670728448955372,0.5171011954583266,0.6128466983123636,
white,0.7,1,62.0,0.6614894641332033,4.6657720009215655,0.5348376938433155,0.6570024576782387,
white,0.7,1,63.0,0.6606843002447912,4.66083227361274,0.512551911713224,0.6046704852357437,
white,0.7,1,64.0,0.6597754622509233,4.655977324639098,0.4878687294407554,0.5489771344152929,
white,0.7,1,65.0,0.6590068974456105,4.6510341672221385,0.5218739593986033,0.62950936916037,0.5709526187057423
white,0.7,1,66.0,0.658499002078039,4.6460368097227684,0.482447619277688,0.5391443358931169,
white,0.7,1,67.0,0.6582575453901451,4.641189239662206,0.5175125396470478,0.6216604034267365,
white,0.7,1,68.0,0.6580978549179657,4.636433771276473,0.5010396520341811,0.5839102210936752,
white,0.7,1,69.0,0.6575572826720327,4.631660061498991,0.48040372327694336,0.5379097045468377,
white,0.7,1,70.0,0.6567487064477288,4.626856186850471,0.47816719604867813,0.5340200461552349,0.5410578268097095
white,0.7,1,71.0,0.6561515659110253,4.622091732971147,0.4825239908606879,0.5449174373815001,
white,0.7,1,72.0,0.6557487952020397,4.617271321464102,0.4788600516140073,0.5377945904683902,
white,0.7,1,73.0,0.6552093356044287,4.61235231788269,0.4860945423766121,0.5553497067601425,
white,0.7,1,74.0,0.6546847150824717,4.607500072367486,0.47531063544284263,0.5321013577046522,
white,0.7,1,75.0,0.6542036674296555,4.602653697689953,0.5039211461300465,0.599347324119706,0.5320462713515448
white,0.7,1,76.0,0.6534972249935317,4.597940866517716,0.47381235092892493,0.5309528983920899,
white,0.7,1,77.0,0.6528794739649375,4.593175162592229,0.4819935597365103,0.550587642265655,
white,0.7,1,78.0,0.6520713477715199,4.588449371353514,0.4937189328490291,0.578892175293299,
white,0.7,1,79.0,0.6513477941608217,4.583769543872979,0.4822652437164183,0.5534729277407386,
white,0.7,1,80.0,0.6506981253083401,4.578997677629694,0.4930392912368034,0.5796852081807655,0.4824854737497307
white,0.7,1,81.0,0.6499662375321553,4.57416314355494,0.5127063075578678,0.6281798834226524,
white,0.7,1,82.0,0.649239026816319,4.56939292048751,0.5130604552025494,0.6303620796191352,
white,0.7,1,83.0,0.6486050457580104,4.564716184737203,0.5147348509642615,0.6357839964461965,
white,0.7,1,84.0,0.6480720704067396,4.559951997899941,0.49884179876225343,0.5983773355918223,
white,0.7,1,85.0,0.6475176606643019,4.555196467125753,0.4748338645620307,0.5432993029578769,0.5016522103891377
white,0.7,1,86.0,0.64686223232165,4.5504684215734414,0.5358601253264491,0.6933630232678308,
white,0.7,1,87.0,0.6461629532511224,4.545765939401444,0.4941719314330511,0.5908973091302682,
white,0.7,1,88.0,0.6453359187940602,4.541098658724205,0.5019526437587576,0.6109049182587732,
white,0.7,1,89.0,0.6446618296720298,4.536423263557213,0.5099868434657322,0.6319181237194207,
white,0.7,1,90.0,0.6439481512436602,4.531710171819755,0.4866537789135,0.5766150206201044,0.48846272978241373
white,0.7,1,91.0,0.6434932889175823,4.526997315442723,0.5019486401183716,0.6147069089712518,
white,0.7,1,92.0,0.6428239083847419,4.522261417695195,0.4946189140620065,0.5981362391439311,
white,0.7,1,93.0,0.642273272569974,4.517549557372737,0.5055719562106261,0.6262245728249838,
white,0.7,1,94.0,0.6416329518308137,4.512724649564581,0.469133436484041,0.5403623837004714,
white,0.7,1,95.0,0.641264918821573,4.507970373952889,0.49163546918926854,0.5946950356907326,0.5451679241509507
white,0.7,1,96.0,0.6411611661151607,4.503223715305787,0.4823333978713295,0.5736112069577897,
white,0.7,1,97.0,0.6406727833496864,4.498501810466407,0.48780563573476426,0.5879329930163621,
white,0.7,1,98.0,0.6401154508240601,4.493872640862385,0.48181309891897506,0.5747588801050229,
white,0.7,1,99.0,0.6394141796830832,4.489360693505248,0.4696765847459514,0.5472664486183598,
white,0.7,1,100.0,0.6390245792667988,4.484840004270369,0.5003402750251044,0.6223103465485073,0.5431794888176936
white,0.7,1,101.0,0.6384678859639252,4.480144135085137,0.5116749318442834,0.652190265714092,
white,0.7,1,102.0,0.6377767092436302,4.475341674603477,0.4893765340335536,0.5978660474426588,
white,0.7,1,103.0,0.6370880658020995,4.470647234544621,0.4870333449929727,0.5933987027114008,
white,0.7,1,104.0,0.636432442824495,4.465920376330505,0.48358055587787796,0.5862538573462646,
white,0.7,1,105.0,0.6357918312004003,4.461257127869663,0.5197220074338252,0.6785747715247072,0.5472064627298459
white,0.7,1,106.0,0.6351368278189603,4.456582625775927,0.5009858707255485,0.631854428952941,
white,0.7,1,107.0,0.6346235204180177,4.4519715238918005,0.47693925583884167,0.5738407536832165,
white,0.7,1,108.0,0.6342900234504706,4.4474155663328965,0.48339849933286777,0.5906975593226781,
white,0.7,1,109.0,0.6338027274969517,4.442934065890148,0.46631996507319967,0.5508055243185187,
white,0.7,1,110.0,0.633321801075612,4.438294585510027,0.48751895216283664,0.6032825481324351,0.49092911211146784
white,0.7,1,111.0,0.6330368920831633,4.433676414306082,0.44271608402963236,0.4985315151867608,
white,0.7,1,112.0,0.6326948615485568,4.428987292236729,0.5039288224950206,0.6472909477248489,
white,0.7,1,113.0,0.6320779803734213,4.424367411094068,0.4876633160805979,0.6074461863890283,
white,0.7,1,114.0,0.6315772738114641,4.419807610015966,0.47254479785245357,0.5715434428729439,
white,0.7,1,115.0,0.6311505344667656,4.415293491601377,0.454855989112267,0.5306384124976092,0.4474043960579146
white,0.7,1,116.0,0.6304876436527435,4.410631106429193,0.4688469825329911,0.5649770189241701,
white,0.7,1,117.0,0.629909684357774,4.406005628102933,0.48837282554564654,0.6143033593996147,
white,0.7,1,118.0,0.629361346405942,4.401507631049288,0.486066829761431,0.6097601746946106,
white,0.7,1,119.0,0.6287039593836103,4.396992440161171,0.4861516975435531,0.6112265064569404,
white,0.7,1,120.0,0.6280698042150917,4.392344665081668,0.47961518015379423,0.5961602588305179,0.505977209399432
white,0.7,1,121.0,0.627443022266757,4.387645082070255,0.5064509148517198,0.6661648968368749,
white,0.7,1,122.0,0.6267567821338879,4.383116703274302,0.4708507128270241,0.5769928087911574,
white,0.7,1,123.0,0.6259958293751794,4.378603894992155,0.4711323184545426,0.5788745810613467,
white,0.7,1,124.0,0.6255230064397674,4.374092762630819,0.4841131283169396,0.6124741259078084,
white,0.7,1,125.0,0.6249845765773866,4.369535804423458,0.4990964048114007,0.6523313981816387,0.5031705207788819
white,0.7,1,126.0,0.6243928480218185,4.3649394672007835,0.4595564053802101,0.5542314945969824,
white,0.7,1,127.0,0.6239299349763772,4.3602681489952815,0.4323934297335478,0.4917017792196436,
white,0.7,1,128.0,0.6234366969498877,4.3556755587348714,0.4574093106864709,0.5514027902622608,
white,0.7,1,129.0,0.6230533800303466,4.351107554614998,0.4986849770295699,0.6567845641190927,
white,0.7,1,130.0,0.6223511437774515,4.346647450692,0.4756932526001405,0.598846000589977,0.4599876679142678
white,0.7,1,131.0,0.6217837494130195,4.342116518684254,0.47030442310068965,0.5865772079295428,
white,0.7,1,132.0,0.6219244535040016,4.337612727483357,0.4917381216030732,0.6425933266617685,
white,0.7,1,133.0,0.6217957332514191,4.333087063502097,0.4739467909552744,0.5981833875843668,
white,0.7,1,134.0,0.6212844959618792,4.328562306998054,0.4563120746964428,0.5556567312014661,
white,0.7,1,135.0,0.6206186918808881,4.324129990638748,0.4926925752767362,0.6491193528986429,0.5417045577726306
white,0.7,1,136.0,0.62010489724221,4.319639007366188,0.5032025000087457,0.6785169105009153,
white,0.7,1,137.0,0.6193676216378816,4.315157522139388,0.483813037413308,0.6285384218586783,
white,0.7,1,138.0,0.6186118695861517,4.310670618842755,0.4653327498964691,0.5826497489147148,
white,0.7,1,139.0,0.6179855426027299,4.3061977917595975,0.45220298300116973,0.5513773252601131,
white,0.7,1,140.0,0.6173124199871742,4.301715595234671,0.46820290258246466,0.5923178489963216,0.47500099132213036
white,0.7,1,141.0,0.6167257876891524,4.297291544404985,0.46031574575031814,0.5737094826373679,
white,0.7,1,142.0,0.615960005795073,4.292813349717687,0.45649216522693525,0.5653958921610237,
white,0.7,1,143.0,0.6151473636122031,4.288442761857754,0.463144577299623,0.5831817644800261,
white,0.7,1,144.0,0.61460449785739,4.283927646461408,0.46114130494922595,0.5793670582433991,
white,0.7,1,145.0,0.6142224341731068,4.279469326500309,0.48109891575016206,0.6319153788335725,0.509074661273178
white,0.7,1,146.0,0.6139229450737221,4.27491146880715,0.4415474609363075,0.533421526091739,
white,0.7,1,147.0,0.6135060216090743,4.270504675876206,0.503649942138356,0.6954552303214423,
white,0.7,1,148.0,0.6128885267616119,4.266073173197103,0.4751519531752101,0.620266664710618,
white,0.7,1,149.0,0.6121765081110568,4.261649134546701,0.47315886716064937,0.6163516870072601,
white,0.7,1,150.0,0.6114394866719797,4.257190267345679,0.47366407212486683,0.6189631182399986,0.5013505107019213
white,0.7,1,151.0,0.6106837653893676,4.25282148035542,0.4759874404613165,0.6263350065856911,
white,0.7,1,152.0,0.6101671499882781,4.248424829425968,0.4570183491022889,0.5786039603944303,
white,0.7,1,153.0,0.6096664479237786,4.244005285871821,0.45697651339732587,0.5797035122693907,
white,0.7,1,154.0,0.6092952907650373,4.239602130373231,0.47245498664295754,0.6209271865829353,
white,0.7,1,155.0,0.6088975980005064,4.235248744986924,0.4685291599534123,0.6119069841599204,0.46588766326340514
white,0.7,1,156.0,0.6084134741071081,4.230810861558873,0.4627432665097374,0.598140210162055,
white,0.7,1,157.0,0.6078862943416042,4.226415674803695,0.48222100954643626,0.6509053533862881,
white,0.7,1,158.0,0.6073098588924193,4.221968159120309,0.47896494709004916,0.6434985294054577,
white,0.7,1,159.0,0.6068019249761704,4.217532123573009,0.44918858027610065,0.5671665630179127,
white,0.7,1,160.0,0.6063317578162528,4.213101150839937,0.4788078462356012,0.6457861838704746,0.5329816569117561
white,0.7,1,161.0,0.6057239045792314,4.208819303395803,0.43711929828630053,0.5393235742029578,
white,0.7,1,162.0,0.6050286136492496,4.204420025460201,0.45590122265902955,0.587894403994637,
white,0.7,1,163.0,0.6044065222266578,4.19994718906697,0.43459836250991546,0.5353755290387755,
white,0.7,1,164.0,0.6038272022524572,4.195557654907714,0.4556052241137645,0.5896142996533458,
white,0.7,1,165.0,0.6032153570312014,4.19118423164947,0.4465242510260844,0.5675270977984335,0.4298756936924239
white,0.7,1,166.0,0.6025610875404113,4.186806001660552,0.4457663972270595,0.5667858286068271,
white,0.7,1,167.0,0.60200287402643,4.182418259191887,0.4694146897844067,0.6298373815893548,
white,0.7,1,168.0,0.601393065300725,4.1780602377899125,0.44891265013394693,0.5772238903111453,
white,0.7,1,169.0,0.6007372880501884,4.173764009849438,0.43554686423770966,0.5444826021980811,
white,0.7,1,170.0,0.6001806345474631,4.169396094866817,0.48050003621271403,0.6640649268518684,0.49027687195945774
white,0.7,1,171.0,0.5996072722048091,4.165020501202484,0.4920617794999778,0.6978707293561635,
white,0.7,1,172.0,0.5991157158134065,4.160666092022423,0.4732483932270726,0.6468782863418225,
white,0.7,1,173.0,0.5985991510773772,4.156352711855576,0.4437957016013756,0.5700479619042826,
white,0.7,1,174.0,0.597976479761374,4.151988863585481,0.4537946020358792,0.5972776935560326,
white,0.7,1,175.0,0.5974730183576962,4.147696184313374,0.46902807841632826,0.6393722972760884,0.48254537117273294
white,0.7,1,176.0,0.596741369047928,4.143355765358065,0.41848552825374324,0.5100660786690389,
white,0.7,1,177.0,0.5960591821088925,4.138891432110988,0.4607336197406576,0.6195862098591638,
white,0.7,1,178.0,0.595450887345988,4.134480771035671,0.45091006625161645,0.5947136586671845,
white,0.7,1,179.0,0.5949783825039303,4.13017326792342,0.4717105427569883,0.6522057557634211,
white,0.7,1,180.0,0.5944707501973155,4.125859192125852,0.4602137035964263,0.6221001306447675,0.49418198522366663
white,0.7,1,181.0,0.5939610963112019,4.121562693513639,0.4388620942842414,0.5668946079739977,
white,0.7,1,182.0,0.5936854985086921,4.117424955249467,0.42114647559686896,0.5231002899438636,
white,0.7,1,183.0,0.5932266938425855,4.113187378684205,0.398291441951098,0.4688295369536416,
white,0.7,1,184.0,0.5927014633832884,4.108875019088509,0.45527020785674327,0.6138504873450848,
white,0.7,1,185.0,0.5924432759421626,4.104612259860456,0.45017578079240705,0.6014367773989399,0.46969165697822773
white,0.7,1,186.0,0.5917950259402026,4.100365856142121,0.46077864550095204,0.6314071200922771,
white,0.7,1,187.0,0.5910333940046166,4.096024863641369,0.43856274176280485,0.5732027990301829,
white,0.7,1,188.0,0.5902088224867016,4.091862644834008,0.41249604008387314,0.5081213905306802,
white,0.7,1,189.0,0.5895958904116442,4.087674726605668,0.4473109596110984,0.5987374489192964,
white,0.7,1,190.0,0.5889768048047239,4.0834637212518965,0.44305059851681144,0.5885986428889328,0.478622673771495
white,0.7,1,191.0,0.5883526511111543,4.079168183264291,0.4173746216381475,0.5234544039048086,
white,0.7,1,192.0,0.5877378895618058,4.07488472141825,0.4389674898974469,0.5802351910545466,
white,0.7,1,193.0,0.5872810477607433,4.070648048856027,0.45297514045864773,0.6191439475316652,
white,0.7,1,194.0,0.5867253395455686,4.066297848080073,0.4083282856813548,0.5041857440681105,
white,0.7,1,195.0,0.586164268676569,4.062034907706808,0.4441481857708367,0.5977760166715335,0.45549199329700807
white,0.7,1,196.0,0.5856287784830602,4.057904885455191,0.4423484689500673,0.5941489510294742,
white,0.7,1,197.0,0.5850388387807721,4.053648831672413,0.45259753583188844,0.6233071784951355,
white,0.7,1,198.0,0.5846635015219377,4.049421138413352,0.4244065042047698,0.5492223160196411,
white,0.7,1,199.0,0.5840563505834052,4.0452883306074625,0.44707905774957,0.610716557943565,
white,0.7,1,200.0,0.5834479804217905,4.041155038314859,0.4489306226128512,0.6170458572066186,0.5267560447318471
white,0.7,1,201.0,0.5829342333103921,4.03696448780748,0.4178399551842458,0.5356487289980308,
white,0.7,1,202.0,0.5826256858071287,4.032787223451613,0.4105511212597422,0.518195780628782,
white,0.7,1,203.0,0.582134971819878,4.028527354091994,0.4588045658590701,0.6485341248858664,
white,0.7,1,204.0,0.5814937392636657,4.0243166193981965,0.4286243356042177,0.5672041109417806,
white,0.7,1,205.0,0.5811970542336138,4.02015699422685,0.43879055781744264,0.5956601200835149,0.4268070798124401
white,0.7,1,206.0,0.5806365066170734,4.015963142027564,0.44957186435056073,0.6265977276122594,
white,0.7,1,207.0,0.5799984171241429,4.011773428051219,0.44053700598760737,0.6029232078003407,
white,0.7,1,208.0,0.5794509506134351,4.0076379780625775,0.4601148374500565,0.6590608496769785,
white,0.7,1,209.0,0.5788312846570679,4.00349567996611,0.4474414943029905,0.6245450769808699,
white,0.7,1,210.0,0.5782300609436221,3.9993567790354274,0.4394638396831618,0.603720604729486,0.42531579326912233
white,0.7,1,211.0,0.5775872577699324,3.9952124134896274,0.4412365552493147,0.609864320705194,
white,0.7,1,212.0,0.5771757612255716,3.9910130480171837,0.4162029848354192,0.5437685554275631,
white,0.7,1,213.0,0.5766518163186443,3.9867787245244144,0.44381503556960905,0.6196261853635789,
white,0.7,1,214.0,0.5761686655040841,3.98258421467685,0.39638885866655765,0.4953166725088007,
white,0.7,1,215.0,0.5755517875376729,3.9783072614189314,0.4293231063114222,0.5822934237576891,0.4243786773214244
white,0.7,1,216.0,0.5749566784760158,3.974066427631037,0.43678940388467014,0.6040097490463109,
white,0.7,1,217.0,0.5743815399007888,3.96995029389258,0.4403699610730445,0.6152267915318196,
white,0.7,1,218.0,0.5737556597149671,3.965908874643681,0.39745542921160115,0.5021823095192873,
white,0.7,1,219.0,0.5732345702733629,3.961793955908757,0.4071733152733717,0.5281348793749275,
white,0.7,1,220.0,0.572701881035397,3.957778853271536,0.43351654569917303,0.5998992403128515,0.45072717744962
white,0.7,1,221.0,0.5720767644423255,3.9536074455217456,0.43856050515918676,0.615236296718548,
white,0.7,1,222.0,0.5714694615117849,3.9495122213367506,0.41535223839428426,0.5529886159374352,
white,0.7,1,223.0,0.5709317273106711,3.9453974162858088,0.40212123532624894,0.519400673885679,
white,0.7,1,224.0,0.570292615431508,3.941267136894987,0.438312202395507,0.6183941647451099,
white,0.7,1,225.0,0.5697261531840033,3.9371417100808803,0.4510179350347899,0.65613852112185,0.49032595045810795
white,0.7,1,226.0,0.5692978900914524,3.9329534507819948,0.4316572585582961,0.6022967063325031,
white,0.7,1,227.0,0.5687193855298257,3.928815919942105,0.4121190014471401,0.5501636849587644,
white,0.7,1,228.0,0.5681793191533424,3.9246827905461887,0.39356135474344817,0.5027890097796537,
white,0.7,1,229.0,0.5677402196277193,3.9205506562661694,0.4320885710988154,0.6073253701448686,
white,0.7,1,230.0,0.5672497678217978,3.916467309020589,0.4399599157331996,0.63096782399299,0.4398174801267071
white,0.7,1,231.0,0.5667128198795691,3.912362035587121,0.4591667018840881,0.6887041573231046,
white,0.7,1,232.0,0.5661360081113912,3.9082215656134816,0.419236572533547,0.5753471606062643,
white,0.7,1,233.0,0.5655622883692333,3.9041307152657634,0.4234368391808751,0.5881641946262192,
white,0.7,1,234.0,0.5648945919533123,3.9001528845392173,0.4186344443281191,0.5760718553639355,
white,0.7,1,235.0,0.5642886809738061,3.89611331183652,0.4041318106665953,0.5379636350250748,0.45133490247107916
white,0.7,1,236.0,0.5639819222311706,3.8921196985080924,0.4273478987541928,0.602782692249166,
white,0.7,1,237.0,0.5635008962840216,3.888041019896422,0.39507945964810864,0.5162704051788113,
white,0.7,1,238.0,0.5629984353086622,3.8839945037444585,0.4340517574362129,0.6244473529590239,
white,0.7,1,239.0,0.5624955148349225,3.879926060508928,0.40770696255691674,0.552102052735056,
white,0.7,1,240.0,0.5619092861576515,3.875855983012468,0.4063352993524284,0.5495457404032886,0.4157498957040856
white,0.7,1,241.0,0.5614165745094167,3.8717707370278442,0.40603725955547704,0.54989847345573,
white,0.7,1,242.0,0.5614939807252601,3.8677623700659542,0.41737912551472844,0.5822532031019702,
white,0.7,1,243.0,0.5615727904111686,3.863840974200272,0.41529947326610267,0.5776360341108955,
white,0.7,1,244.0,0.5613514816667206,3.8599002847262307,0.39839368860547203,0.5326509830118539,
white,0.7,1,245.0,0.5607874729617418,3.8558532949299464,0.4205834168481967,0.5948853729494332,0.4616417261120548
white,0.7,1,246.0,0.5601808987211829,3.851793585961052,0.4128609233508591,0.5744490983287871,
white,0.7,1,247.0,0.5596696227186433,3.8478450925732828,0.4002012599778364,0.5408685734481824,
white,0.7,1,248.0,0.5591426878740727,3.8439189436099457,0.4546071065069928,0.6993490718655518,
white,0.7,1,249.0,0.5587612470766851,3.8400088703921034,0.45460248653760027,0.7007597723569178,
white,0.7,1,250.0,0.5585048304505961,3.8361626424162583,0.40433403084801256,0.5554648368207245,0.4111184275097439
white,0.7,1,251.0,0.5579738586558155,3.8321325521400587,0.42183952901875565,0.6058756598080509,
white,0.7,1,252.0,0.5577900695974105,3.828166236477487,0.43530574806510636,0.6465129538165999,
white,0.7,1,253.0,0.5575170922658015,3.824201085911152,0.40136184907046885,0.5507579072021397,
white,0.7,1,254.0,0.557034815583718,3.82025525572441,0.41137068162220325,0.5797648924420122,
white,0.7,1,255.0,0.5564745838228726,3.8162894349074232,0.419062243137006,0.6028988575930926,0.4581602827350247
white,0.7,1,256.0,0.5558765104122393,3.812343853200055,0.43124886655019246,0.6397964234779705,
white,0.7,1,257.0,0.5554904811859469,3.808383793414761,0.4307126505063694,0.6395343016194137,
white,0.7,1,258.0,0.5550143597834113,3.804470583063654,0.4004012798876979,0.5538248743208619,
white,0.7,1,259.0,0.5544301293856322,3.8005198976284746,0.4131239313012134,0.5908057178989725,
white,0.7,1,260.0,0.5538039184801329,3.7965647056919005,0.43654725444730896,0.6610752753847169,0.423638697186443
white,0.7,1,261.0,0.553277353087373,3.792656180931157,0.3998399714558149,0.5557192896383769,
white,0.7,1,262.0,0.5527405187430231,3.788655711703273,0.40500900216952274,0.5713853152881336,
white,0.7,1,263.0,0.5521333450251801,3.7847979653915296,0.4118657265719452,0.5921011552412624,
white,0.7,1,264.0,0.5516180731150166,3.78076606382834,0.41604936238805085,0.6054804342474521,
white,0.7,1,265.0,0.5511257265563699,3.77683557630101,0.40140471750410867,0.5647793277415304,0.44209633242134583
white,0.7,1,266.0,0.5506822077727158,3.7728975674358214,0.3986782182479559,0.5582966125248289,
white,0.7,1,267.0,0.550189867481622,3.7689968951912443,0.4060473418842007,0.580325679475935,
white,0.7,1,268.0,0.549601546383806,3.765054090273869,0.3916554558957491,0.5410481622883957,
white,0.7,1,269.0,0.5490884479739518,3.7611406642167258,0.38768223514800937,0.5312300743159443,
white,0.7,1,270.0,0.5484998723407257,3.7571302564621787,0.40370411523784056,0.5772764668093623,0.4216729353755931
white,0.7,1,271.0,0.5479184305065787,3.7532502640714394,0.3853831815847874,0.5271576002029641,
white,0.7,1,272.0,0.5474169617511576,3.749316952376869,0.4218768577549763,0.6330486668809597,
white,0.7,1,273.0,0.5470467454546218,3.7454269628759773,0.418820894385583,0.6252072692863653,
white,0.7,1,274.0,0.5464568269533762,3.7415423323757424,0.4350822257166347,0.6761006616086717,
white,0.7,1,275.0,0.5458953220603816,3.737672334059648,0.39185659513382354,0.5495685525528268,0.4212155872411942
white,0.7,1,276.0,0.5452879948764057,3.733815485656896,0.39344105387203365,0.5551670070682017,
white,0.7,1,277.0,0.5447158421851219,3.729901545554174,0.3830168550823182,0.5272432636757314,
white,0.7,1,278.0,0.5441410197627861,3.7259508171812854,0.41226252585201734,0.6121297514695034,
white,0.7,1,279.0,0.5435062963998452,3.7220804125616724,0.3894689516766175,0.5474496526577749,
white,0.7,1,280.0,0.5431070026101682,3.7182303436883495,0.41695881688465963,0.6287583221074601,0.4366936830711898
white,0.7,1,281.0,0.5426776651210238,3.714382948750318,0.385455541422472,0.5384498217792075,
white,0.7,1,282.0,0.5422295602154424,3.710490384811182,0.4042935286185729,0.5936096643037084,
white,0.7,1,283.0,0.5418361910657062,3.7065510177392134,0.3865689833860665,0.5438561579156128,
white,0.7,1,284.0,0.5413976485339742,3.702685077184175,0.3929250260540405,0.5630615014562249,
white,0.7,1,285.0,0.5409775222993657,3.6988638448333324,0.4173109763958471,0.636433350882289,0.42673049628888016
white,0.7,1,286.0,0.5403945913906875,3.695039955066964,0.38449210739673123,0.5413854569140143,
white,0.7,1,287.0,0.5398378419412677,3.691172511988995,0.3997748631977453,0.5865057645229416,
white,0.7,1,288.0,0.5393124846575876,3.687319339023248,0.41135339074593896,0.6222697150493336,
white,0.7,1,289.0,0.538902271719521,3.6835017719157306,0.40291888944288184,0.5982510845630142,
white,0.7,1,290.0,0.5384659417826676,3.6796457208134212,0.40604524861225627,0.6088451589234526,0.41720959834450094
white,0.7,1,291.0,0.5377218325296004,3.6756810703041585,0.3854196722829411,0.5497460486777163,
white,0.7,1,292.0,0.5371168816063722,3.6718446424988227,0.3720409448469865,0.5133137363726425,
white,0.7,1,293.0,0.5365819588707951,3.6680847033278567,0.39689754734232163,0.58539380613844,
white,0.7,1,294.0,0.5361027723465718,3.6643088658606002,0.39052064404862996,0.5679025926228999,
white,0.7,1,295.0,0.5356407776050901,3.6604773913902413,0.41559622476377417,0.6445219825712379,0.441161625317691
white,0.7,1,296.0,0.535162512265913,3.6566532314658837,0.3906748068137191,0.570733365023151,
white,0.7,1,297.0,0.5345781302274134,3.6528266840552237,0.40304637976828445,0.6087260957823456,
white,0.7,1,298.0,0.5339748999809,3.648963678524737,0.3710929466828954,0.5171259397371655,
white,0.7,1,299.0,0.5335831258590569,3.645180495221715,0.40561753101686215,0.6191064992437884,
white,1.0,0,0.0,0.9859659676609493,7.070288045489066,0.7434942493050166,0.5529056360478787,0.8001218761967913
white,1.0,0,1.0,0.984925328426013,7.0629956148341515,0.7302218000665914,0.5344434017234828,
white,1.0,0,2.0,0.9838156989379145,7.055523753200142,0.7560348476588391,0.5741100048227218,
white,1.0,0,3.0,0.9826865335996869,7.048117685014459,0.7297979125208356,0.5360791839832911,
white,1.0,0,4.0,0.9815833179679758,7.04068792484503,0.7697554024050407,0.5976477734433305,
white,1.0,0,5.0,0.9805232268522991,7.033263665761437,0.7684019573286465,0.5968059328479027,0.8342337188967655
white,1.0,0,6.0,0.9794383243734271,7.02594709404239,0.7935866942402643,0.637894722431248,
white,1.0,0,7.0,0.9782508537221442,7.018514530528081,0.8148454077884161,0.6739536695006464,
white,1.0,0,8.0,0.9771305900155354,7.01101086598864,0.7715781545608176,0.6055758816724495,
white,1.0,0,9.0,0.976039653969534,7.003545592973778,0.7291842306370376,0.5420116481439688,
white,1.0,0,10.0,0.9748584194494442,6.996193430939152,0.7788002544918283,0.6195816646457686,0.7837900633925234
white,1.0,0,11.0,0.973748427456614,6.988848961005575,0.7837064061784335,0.6287318891335942,
white,1.0,0,12.0,0.9727225102396527,6.981440905232411,0.7921825130879397,0.6437694665653175,
white,1.0,0,13.0,0.9717008301305731,6.974055491159238,0.7585244254603623,0.5914776618569546,
white,1.0,0,14.0,0.9706438188054265,6.966679033287138,0.750274381255608,0.5799073783100558,
white,1.0,0,15.0,0.9695802904146116,6.959344724445502,0.7738095203311334,0.6181607737169408,0.7539981666391843
white,1.0,0,16.0,0.9685204109921046,6.952000572321083,0.776680114176195,0.6240721147077958,
white,1.0,0,17.0,0.9673117900721572,6.944608154548868,0.7078668113067543,0.519490504607423,
white,1.0,0,18.0,0.9660199367439423,6.93731011211049,0.6981258322946501,0.5063551170690129,
white,1.0,0,19.0,0.9649614097380749,6.9300871443956895,0.734216319184458,0.5612297432857722,
white,1.0,0,20.0,0.9639044265383634,6.922920987977151,0.6899247048512014,0.49658620093176026,0.7196755641065319
white,1.0,0,21.0,0.9628698067083911,6.915791860522109,0.7498862724264764,0.5878641589151542,
white,1.0,0,22.0,0.9618105882869746,6.90854400148144,0.7823109688474817,0.6411443027264668,
white,1.0,0,23.0,0.9605712674710404,6.901308490579302,0.7860671457987011,0.6486738827978954,
white,1.0,0,24.0,0.9594201756108666,6.893999564156686,0.7471905647446404,0.5873409203039205,
white,1.0,0,25.0,0.9581144879964795,6.886609689778857,0.7335962749544152,0.5673790562023909,0.6840293125284835
white,1.0,0,26.0,0.9570047336114172,6.8793814288871005,0.709226482362226,0.5314239368442704,
white,1.0,0,27.0,0.9559571811648512,6.8721588880108815,0.7552967421226102,0.603974833925631,
white,1.0,0,28.0,0.9548444742294199,6.864967976978184,0.7366423180999347,0.5757133515549758,
white,1.0,0,29.0,0.9538608051098849,6.857789183427111,0.7295416523647488,0.5658507929422328,
white,1.0,0,30.0,0.9529025527516214,6.850599333367631,0.7041269778468409,0.5282199949417031,0.7189012802904821
white,1.0,0,31.0,0.9518111838921245,6.843372295530216,0.7294693356375239,0.5681248037355768,
white,1.0,0,32.0,0.9507186247418457,6.836140387376153,0.749577212905396,0.6011471739365083,
white,1.0,0,33.0,0.9496898192910359,6.828903105080659,0.7186487408265283,0.5537343194235347,
white,1.0,0,34.0,0.9486458173138987,6.821634174662278,0.6918685049791435,0.5143281273033028,
white,1.0,0,35.0,0.9475168044125878,6.814435892688349,0.7790679416621094,0.6535229616671132,0.7727341562571591
white,1.0,0,36.0,0.9463507865787614,6.80720030482113,0.6950467914525035,0.5212679578550463,
white,1.0,0,37.0,0.94525786534694,6.799950038921901,0.7402200596452423,0.5924889578816158,
white,1.0,0,38.0,0.944258233859242,6.79275262637773,0.7366779088260528,0.5880763300181987,
white,1.0,0,39.0,0.9432630159062614,6.7856303187792495,0.7561891589135682,0.6209412431481651,
white,1.0,0,40.0,0.942188821464167,6.778520427243762,0.6889501431450054,0.5165064811740475,0.694576514144593
white,1.0,0,41.0,0.9411133732087235,6.771412991505302,0.6902750166262457,0.5195839290375491,
white,1.0,0,42.0,0.9401352094732568,6.764222094452637,0.6771770964652445,0.5011166224826724,
white,1.0,0,43.0,0.9391247715650014,6.757129550860017,0.7233733087181948,0.5730209142979831,
white,1.0,0,44.0,0.9380772635647862,6.750128808120144,0.7468772319270056,0.6121309306562613,
white,1.0,0,45.0,0.9370320822563502,6.743010558109899,0.7262455632150351,0.5800017572755906,0.7172778297779518
white,1.0,0,46.0,0.9359306766971663,6.735895303836882,0.7737271184816374,0.6597129136133429,
white,1.0,0,47.0,0.9348780535179693,6.728823217063359,0.7098391459836818,0.5564314381021935,
white,1.0,0,48.0,0.9338025732754172,6.721730186031095,0.707572500404889,0.5540510020717223,
white,1.0,0,49.0,0.9327490728362182,6.714688223317217,0.7554132051468953,0.6328305613199036,
white,1.0,0,50.0,0.9329533794226016,6.707700023559395,0.6792606142222046,0.5127381202968501,0.6866954471827851
white,1.0,0,51.0,0.9392061354336976,6.700740623429255,0.725032938717661,0.5853826742108762,
white,1.0,0,52.0,0.9414528392911651,6.693756650883442,0.7529925316756716,0.6327199126407028,
white,1.0,0,53.0,0.9412459792320945,6.686789758247895,0.6935761657902758,0.5379265602255306,
white,1.0,0,54.0,0.9416238109707831,6.679849103796006,0.7138242718039168,0.5709779306822004,
white,1.0,0,55.0,0.9408808688650747,6.6727787676464,0.7450654609571279,0.6233693059334268,0.7622316782485065
white,1.0,0,56.0,0.9403231127429014,6.665792016933688,0.6942368909777561,0.5423527696699246,
white,1.0,0,57.0,0.9394173278075129,6.6587065554410225,0.7487752009856727,0.632256287030375,
white,1.0,0,58.0,0.9381463584550602,6.6515706662218355,0.7638649218572557,0.6594087706042769,
white,1.0,0,59.0,0.9362031542167005,6.644524746990762,0.6904113645212772,0.5398312489852309,
white,1.0,0,60.0,0.9348041142944356,6.637546024886213,0.740210811390235,0.6218215391293224,0.7194201109197739
white,1.0,0,61.0,0.9350324436688259,6.630541323756017,0.7241506977778795,0.5963894320239382,
white,1.0,0,62.0,0.9353358669044861,6.623434050764717,0.7197505535916005,0.5904288724225168,
white,1.0,0,63.0,0.9345735666299041,6.6163394484686,0.7301442763948722,0.6089081931906644,
white,1.0,0,64.0,0.9337642701288579,6.609250917436358,0.7369125875702134,0.621580632890526,
white,1.0,0,65.0,0.9338665145144496,6.602317369644117,0.7577687193854129,0.6586437242896581,0.769095055586371
white,1.0,0,66.0,0.9333577751382527,6.595386859205461,0.6995279798220407,0.5624703517617347,
white,1.0,0,67.0,0.9333305984080952,6.588327616563158,0.7183015760525638,0.5943376856253052,
white,1.0,0,68.0,0.9343396889752104,6.581288428089023,0.7013565363602429,0.5678398315457506,
white,1.0,0,69.0,0.933862792172754,6.574273181957096,0.7672103454051815,0.6809314798208335,
white,1.0,0,70.0,0.9327895627932876,6.567309236859653,0.6946441561915935,0.5593966281563928,0.80349532153732
white,1.0,0,71.0,0.9322770066423087,6.560400324211833,0.7043732615103865,0.5763881512908643,
white,1.0,0,72.0,0.9314948995545386,6.553527937582495,0.7141268632544576,0.5937046281458359,
white,1.0,0,73.0,0.9304757475381616,6.5465363477847625,0.7061691810758214,0.5817874615455816,
white,1.0,0,74.0,0.9290723429160057,6.5395969159868335,0.7524756841329093,0.6619923711324996,
white,1.0,0,75.0,0.927786741822847,6.532669634879222,0.7046353363285158,0.5817246266866012,0.7025307749484222
white,1.0,0,76.0,0.9271288916654156,6.52588421392181,0.72275840158143,0.6133065089383761,
white,1.0,0,77.0,0.9269362266870131,6.5191854109161715,0.6842292021277067,0.5507906375378266,
white,1.0,0,78.0,0.9263091042834382,6.51228144250768,0.7336406325810618,0.6345567016482908,
white,1.0,0,79.0,0.9257966408261691,6.505249053590451,0.7578303623147844,0.6785567114621727,
white,1.0,0,80.0,0.9247569748053981,6.498276367033574,0.713234588019689,0.6023354735271758,0.7175842216824266
white,1.0,0,81.0,0.9238555870238834,6.491465606981483,0.717718521449258,0.6112132930487646,
white,1.0,0,82.0,0.9228980411221472,6.484614737501525,0.6888098011880098,0.5641573916049026,
white,1.0,0,83.0,0.9218803220764356,6.477647016635831,0.710187759405486,0.6010101584181088,
white,1.0,0,84.0,0.9210753228181985,6.470763006466214,0.7032959541621349,0.5906568630535436,
white,1.0,0,85.0,0.9208231227506095,6.463860291880792,0.6998950678899091,0.5862082797264264,0.6866115444497919
white,1.0,0,86.0,0.9211670160101209,6.457166655520671,0.6918067229508398,0.5739255641548187,
white,1.0,0,87.0,0.9224610239050879,6.450355963278517,0.6879469893032307,0.5687384490707568,
white,1.0,0,88.0,0.9236903609629101,6.443582522459286,0.71033831542032,0.607639078745395,
white,1.0,0,89.0,0.9244683797755563,6.4368019905640095,0.7193224018892322,0.6244201033110387,
white,1.0,0,90.0,0.9236516117207507,6.430058352851023,0.670805611989351,0.5441686906527701,0.7102699565859452
white,1.0,0,91.0,0.9218501189582783,6.423251074519566,0.7142539315446395,0.6182519389954452,
white,1.0,0,92.0,0.9205094059425388,6.416413199366363,0.6685403222014766,0.5428009135406311,
white,1.0,0,93.0,0.9195749362765533,6.4096329804384755,0.6539158233542745,0.5204120845133964,
white,1.0,0,94.0,0.918672378825744,6.402908806249647,0.6696256956679184,0.5468643247450019,
white,1.0,0,95.0,0.9177840896552257,6.396302980808917,0.6908323878518416,0.5832534683587937,0.7131271133174907
white,1.0,0,96.0,0.9172875366775696,6.389569860182176,0.6747846046609004,0.5576440718176058,
white,1.0,0,97.0,0.9161159752016137,6.382810858850236,0.6811360202056034,0.5693951307061991,
white,1.0,0,98.0,0.9139310709020494,6.376220270141455,0.6652511480720825,0.544270313036746,
white,1.0,0,99.0,0.9117741637904022,6.369552398451744,0.6911436535144958,0.5886929351443595,
white,1.0,0,100.0,0.9101670513895732,6.362837806774993,0.7069996466803963,0.6173148040249926,0.7004284620542012
white,1.0,0,101.0,0.9096160987374937,6.356162293887265,0.6736139341875218,0.5615677689176848,
white,1.0,0,102.0,0.9091801490986783,6.3494734291633605,0.6398309447536628,0.5077209277839233,
white,1.0,0,103.0,0.908754677565947,6.342812540472301,0.689197514038934,0.5903283720017085,
white,1.0,0,104.0,0.9088490031333858,6.336260124637347,0.6939855120053986,0.5997977274668417,
white,1.0,0,105.0,0.9097022509411891,6.329713106669278,0.6818460892739403,0.5801959059781187,0.7368361562230265
white,1.0,0,106.0,0.9095387167616859,6.32307453142313,0.7183149119009498,0.6452725149986606,
white,1.0,0,107.0,0.9088362400146905,6.316400753848738,0.7223605478129377,0.6539411825202218,
white,1.0,0,108.0,0.9084564520640093,6.3097703930784546,0.6455777412120061,0.523407556645635,
white,1.0,0,109.0,0.9077328983059842,6.303131160541828,0.6938375977956067,0.6058609690471087,
white,1.0,0,110.0,0.9073288451023684,6.296539870192775,0.6543222723772766,0.5399449651241087,0.7244264951139975
white,1.0,0,111.0,0.9071053746433277,6.2900069626138,0.6798855348526741,0.5841701405514192,
white,1.0,0,112.0,0.9061951825596279,6.283440888805924,0.6858469261290886,0.5957023724603034,
white,1.0,0,113.0,0.9052341507978161,6.276902091212313,0.7039570603839419,0.6288855754410012,
white,1.0,0,114.0,0.9045473764789027,6.270389814635827,0.6924682395812607,0.6097904816201757,
white,1.0,0,115.0,0.9033910514295864,6.2637050420599945,0.628287763209718,0.5030655870003531,0.6920456490447091
white,1.0,0,116.0,0.9018266393296768,6.257094243744003,0.707227361767086,0.6387673669393874,
white,1.0,0,117.0,0.8999253258995764,6.250634244525867,0.6894060495223534,0.6082358446858652,
white,1.0,0,118.0,0.8982042199008566,6.244117086422817,0.6859348280296776,0.603383787939135,
white,1.0,0,119.0,0.8973809049291419,6.237512111520998,0.6465541006828969,0.5372258992770823,
white,1.0,0,120.0,0.8964804049906,6.2308445815478954,0.7050154127193288,0.6401376777314586,0.7077847297976819
white,1.0,0,121.0,0.8955521430810957,6.224159570262787,0.6488808370675349,0.543423562404397,
white,1.0,0,122.0,0.8942891812225767,6.217541884803271,0.6588814971900576,0.5614966748347878,
white,1.0,0,123.0,0.8935154348467341,6.211076632605436,0.6706325918808136,0.5829154154780634,
white,1.0,0,124.0,0.8930375052419033,6.204590692163004,0.6687548727844087,0.580868264010401,
white,1.0,0,125.0,0.8933739533671549,6.198041887009073,0.7029105285267829,0.6430742018255716,0.7397208510713924
white,1.0,0,126.0,0.8941013036100458,6.191621404354612,0.6735698607223722,0.5917339823246048,
white,1.0,0,127.0,0.8936496992469389,6.185176132222291,0.6893982631691333,0.6211639336404862,
white,1.0,0,128.0,0.8927000639383182,6.178626316207318,0.6985570135332069,0.6391309654524505,
white,1.0,0,129.0,0.8918035333023165,6.172181795119722,0.6577422938836446,0.5678114200475417,
white,1.0,0,130.0,0.8907592318598692,6.165672186396133,0.68432178369773,0.6159278941725189,0.6715828659038138
white,1.0,0,131.0,0.8897024196210703,6.159200005123149,0.6623916326580234,0.5782971686060024,
white,1.0,0,132.0,0.8876216958609843,6.152582929953923,0.6783933704751424,0.6078805423107304,
white,1.0,0,133.0,0.8865357315279191,6.146138258951036,0.6492030972472337,0.5578616658623674,
white,1.0,0,134.0,0.885441913528596,6.139720852867266,0.6580378788639947,0.5743472417885921,
white,1.0,0,135.0,0.8844190322568722,6.133248226245904,0.6748958897664284,0.6054279783936495,0.6838823322121288
white,1.0,0,136.0,0.8835562272511448,6.12682752145209,0.6929930777842018,0.6396707441062012,
white,1.0,0,137.0,0.8830187758911815,6.120451298100503,0.6542039122555875,0.5712541725319688,
white,1.0,0,138.0,0.8819706752747695,6.114022522873989,0.6683870466700776,0.5975468828413425,
white,1.0,0,139.0,0.8807211983499021,6.107572078168325,0.6586053110185622,0.581411020553908,
white,1.0,0,140.0,0.880112056138778,6.10114427164854,0.6586053836796939,0.5826368753143903,0.6448733514506708
white,1.0,0,141.0,0.8787509933113334,6.094692377587821,0.6731967297180661,0.6100289131503077,
white,1.0,0,142.0,0.877219291526841,6.0883813224482894,0.6858987329779626,0.6345799053545597,
white,1.0,0,143.0,0.8764404621159463,6.081950203934177,0.682777211356034,0.6301476475132973,
white,1.0,0,144.0,0.8762050225733979,6.075430127690617,0.6822953602301486,0.6306098924804302,
white,1.0,0,145.0,0.8753626964663779,6.069080356807847,0.6298632705583744,0.5385385500044054,0.6819506232255692
white,1.0,0,146.0,0.8744184044756379,6.062632642724278,0.6718130889517544,0.613966137982441,
white,1.0,0,147.0,0.8732651249111211,6.056132297991736,0.5842077839465706,0.46527956085029226,
white,1.0,0,148.0,0.8726991490396546,6.049781405541439,0.6851862897134853,0.641369003931769,
white,1.0,0,149.0,0.8745507221051484,6.04359281836975,0.6837328835251942,0.6399595822733922,
white,1.0,0,150.0,0.8758734379762713,6.037401183964005,0.6911627755997976,0.6552855831585852,0.6820817567109981
white,1.0,0,151.0,0.8751347455688339,6.0311049553967555,0.6864885446647475,0.6478028002849786,
white,1.0,0,152.0,0.8745019741773541,6.024721954135089,0.6710173473648776,0.6202453009501893,
white,1.0,0,153.0,0.873392214335268,6.018426792428007,0.6031602333689272,0.5021915965193393,
white,1.0,0,154.0,0.8721522246448461,6.01208482990991,0.6673221879746594,0.6160144999456094,
white,1.0,0,155.0,0.871056391935666,6.005690511910268,0.6332802837260386,0.5559503938059043,0.629677964532424
white,1.0,0,156.0,0.8705384662401278,5.999349378784892,0.6080363323736511,0.5135949646186294,
white,1.0,0,157.0,0.8693360647572597,5.993107986825196,0.663621173183706,0.6130646374753368,
white,1.0,0,158.0,0.8679064171862952,5.986790655351993,0.6479220705920767,0.5856355174727197,
white,1.0,0,159.0,0.8666595236552249,5.980501384118521,0.6391387363899358,0.5710644079919611,
white,1.0,0,160.0,0.8657824413903707,5.974100582864328,0.6824886148747031,0.6525529624684937,0.6732886038855445
white,1.0,0,161.0,0.8649045099167514,5.967748712396306,0.5888929885009145,0.48687975436958536,
white,1.0,0,162.0,0.8638850490981178,5.961499642846926,0.650447564862597,0.5952282624057094,
white,1.0,0,163.0,0.8640954184169235,5.955279728531475,0.6693596998261431,0.6316620642440076,
white,1.0,0,164.0,0.8657160607665173,5.948942568066734,0.6565399938823595,0.6089937358530515,
white,1.0,0,165.0,0.8653875422068416,5.9426328471863314,0.6372113817577385,0.5748827204770839,0.6161868016371511
white,1.0,0,166.0,0.8643988854734667,5.936391944377239,0.6319542836105271,0.5666256029039887,
white,1.0,0,167.0,0.8636798450065817,5.930156996269219,0.658349462599435,0.6162410046452751,
white,1.0,0,168.0,0.8626923844197301,5.923819142116772,0.6157224323435594,0.540177356839393,
white,1.0,0,169.0,0.861763661004676,5.917461182666753,0.6216107663398107,0.5517422284266322,
white,1.0,0,170.0,0.8608772718017893,5.911204796148125,0.6143862636649504,0.5401333423016548,0.6466170549992297
white,1.0,0,171.0,0.8597914470298601,5.904894844995349,0.6221365883302994,0.5550308906808893,
white,1.0,0,172.0,0.8586995376430365,5.898632832141451,0.6357505280948166,0.5808188945909931,
white,1.0,0,173.0,0.8580783703402309,5.892470701241492,0.6450346483805652,0.5991578145574716,
white,1.0,0,174.0,0.8573399574302962,5.886339657828044,0.6728096436942964,0.6532264821834193,
white,1.0,0,175.0,0.8564817887454149,5.88011092682954,0.6406698904097627,0.5935640564277395,0.7113184924203549
white,1.0,0,176.0,0.8555845834410345,5.873951793268583,0.5907547439873637,0.5057357843132163,
white,1.0,0,177.0,0.8547190974609241,5.867877770880318,0.620786513171805,0.559618976643164,
white,1.0,0,178.0,0.8541521384777382,5.86181229087177,0.6415844427408062,0.5989820930365916,
white,1.0,0,179.0,0.8527588455632406,5.85566128496859,0.6435937937279386,0.6040067672114543,
white,1.0,0,180.0,0.8517312179872187,5.849647018629388,0.5929704441976,0.5137795067378358,0.5812777110370653
white,1.0,0,181.0,0.8509058927519718,5.843722219243965,0.644083975311292,0.607401507385683,
white,1.0,0,182.0,0.8492553846424502,5.837669702334552,0.6518111620912367,0.6233537170135428,
white,1.0,0,183.0,0.8498427740866387,5.831582546434931,0.6162156982064069,0.5582936202506231,
white,1.0,0,184.0,0.8495102101185058,5.825573705455541,0.6248667531718797,0.5752643193455417,
white,1.0,0,185.0,0.8486771762332357,5.819489299743566,0.6323616690435687,0.5903795837122409,0.7461153874167648
white,1.0,0,186.0,0.847757748614126,5.8133279076433695,0.6292931064723947,0.5859037962315096,
white,1.0,0,187.0,0.8471515495029135,5.807153251032651,0.6373035274959632,0.6021935152863498,
white,1.0,0,188.0,0.8477628089940815,5.801055377590448,0.6681811626019946,0.6633526025352013,
white,1.0,0,189.0,0.8483809337642553,5.795045543719946,0.6386912541062975,0.6073488812001636,
white,1.0,0,190.0,0.8470239489135044,5.788954427254449,0.6173562848115078,0.5686453477902587,0.6162652425739364
white,1.0,0,191.0,0.8456018266281358,5.782904457396653,0.6387783945602428,0.6100682271180421,
white,1.0,0,192.0,0.844485405996475,5.776839359729746,0.6084798178395483,0.5547301598112623,
white,1.0,0,193.0,0.8437368844509144,5.770744951535296,0.6453401771854134,0.6252931220961193,
white,1.0,0,194.0,0.8428752256334788,5.76467643911698,0.6418490805246689,0.619849105520361,
white,1.0,0,195.0,0.8418196474218403,5.758695473127301,0.6326598499660434,0.603479228065368,0.6301553889180528
white,1.0,0,196.0,0.8405573948859962,5.752770572286999,0.6296536804281794,0.5989897468561746,
white,1.0,0,197.0,0.839959473348675,5.746785354524109,0.633267968459452,0.6071487349970165,
white,1.0,0,198.0,0.8400509139134177,5.7407613753598055,0.5927243314399138,0.5330114336436819,
white,1.0,0,199.0,0.8394260721332212,5.734763680627532,0.6176452728870325,0.579985579994212,
white,1.0,0,200.0,0.8385147913723514,5.728759482007071,0.6220593503978415,0.5895389060036378,0.626445182941716
white,1.0,0,201.0,0.8370989436128582,5.722768614391886,0.6099635168217165,0.568022253502424,
white,1.0,0,202.0,0.8347260140820497,5.71669589733352,0.6513130392076178,0.6490219266209805,
white,1.0,0,203.0,0.8340052771362059,5.710641188354643,0.65304483669338,0.6538622395916144,
white,1.0,0,204.0,0.8331385215809212,5.704640079155947,0.5908818548894528,0.5364321690439433,
white,1.0,0,205.0,0.8316138849336108,5.698682270960246,0.6560261894718498,0.6626183699541417,0.8266655013863323
white,1.0,0,206.0,0.8301893652964549,5.692760444841464,0.5948003150351948,0.5458415185478344,
white,1.0,0,207.0,0.8292405074575351,5.686785741159506,0.6279879286144778,0.6097318255601596,
white,1.0,0,208.0,0.828849456626489,5.680797721223616,0.6463580238529661,0.6472881292096214,
white,1.0,0,209.0,0.8279129212585171,5.674869579510462,0.6228423289104869,0.602302234325685,
white,1.0,0,210.0,0.8268511022066833,5.6688873603807055,0.6069983671276659,0.5732570367943949,0.6082205890186398
white,1.0,0,211.0,0.8254106777733411,5.662906994779301,0.5666171999263983,0.5005767260035963,
white,1.0,0,212.0,0.8258068973792113,5.657067036712676,0.5955175280625873,0.5540850742194079,
white,1.0,0,213.0,0.8258843220606711,5.651230825319571,0.5996126557151022,0.5628925397113231,
white,1.0,0,214.0,0.8257255049844483,5.645441129145404,0.6065394652355002,0.5771548726253607,
white,1.0,0,215.0,0.8246916081993017,5.639537464899653,0.6221548420621484,0.6085272110393292,0.6471691335665638
white,1.0,0,216.0,0.823730375071986,5.633553880298689,0.6041716603737238,0.575076737091703,
white,1.0,0,217.0,0.8228711415011346,5.627730027107275,0.6233547179162965,0.6134426895717277,
white,1.0,0,218.0,0.8221111605295958,5.62181510477708,0.6082344539821967,0.5852735844513492,
white,1.0,0,219.0,0.8217769550104929,5.615940810441756,0.6146040760132675,0.5988469374425263,
white,1.0,0,220.0,0.8224636038228881,5.6100770837439695,0.6009911793726038,0.5738105688439816,0.6609686430046392
white,1.0,0,221.0,0.8237585576753244,5.604227626783948,0.6439025427349541,0.660052911591026,
white,1.0,0,222.0,0.8253101950606003,5.598336167815961,0.5669750165991158,0.5128376511961169,
white,1.0,0,223.0,0.8247793236096912,5.592392625115756,0.6477045905129928,0.6707005242766988,
white,1.0,0,224.0,0.8248233069248426,5.586588249296204,0.6115443790179957,0.5991459592444576,
white,1.0,0,225.0,0.8243471195591857,5.580792246438001,0.603378123111264,0.5844635246450529,0.7036470036034601
white,1.0,0,226.0,0.823730643915185,5.574945904270908,0.5668887438088975,0.5169926352652677,
white,1.0,0,227.0,0.8229598019052046,5.569058587694091,0.6155580025559149,0.6108638066959475,
white,1.0,0,228.0,0.8220128838045689,5.563186642552044,0.6193282961613416,0.6196758748836144,
white,1.0,0,229.0,0.8214126525363389,5.557418439864804,0.5916965211862636,0.5667895580140012,
white,1.0,0,230.0,0.8213518026298422,5.551628723155825,0.5858251434998197,0.5567563658425161,0.7162483961826275
white,1.0,0,231.0,0.8203940112549818,5.545830028218625,0.6188594718424698,0.6226170066177654,
white,1.0,0,232.0,0.820140680349536,5.539986420178656,0.5798487224509672,0.5477495296144703,
white,1.0,0,233.0,0.8195238538579782,5.534186057479344,0.5909507851850049,0.5701184826562137,
white,1.0,0,234.0,0.8190236857540674,5.528316115911782,0.6157450645305689,0.6202776689738111,
white,1.0,0,235.0,0.8184745247244409,5.522505240518361,0.598568545712194,0.5873886000936964,0.6767842387564809
white,1.0,0,236.0,0.8176383468377377,5.516736046664117,0.6253516571214771,0.6424719981853428,
white,1.0,0,237.0,0.8168670712036478,5.5110103648431,0.6085309395798434,0.6096391889932867,
white,1.0,0,238.0,0.816211678086397,5.505208447184583,0.6265611321630149,0.6476634221191627,
white,1.0,0,239.0,0.8158926144581292,5.4993976591718505,0.6147447102396834,0.6247832187953346,
white,1.0,0,240.0,0.8155851476957834,5.493623909735726,0.6397960137731558,0.6781647546486019,0.6246346824623497
white,1.0,0,241.0,0.8149503038948457,5.487898429962491,0.5943971772431106,0.5865585251309161,
white,1.0,0,242.0,0.8140861427811635,5.482063123192431,0.579873101154378,0.5594327246102615,
white,1.0,0,243.0,0.8140649023215405,5.476366443189517,0.5731095615249447,0.5475960557335133,
white,1.0,0,244.0,0.8141594381852574,5.470538869695531,0.6289153079728884,0.6608366476694804,
white,1.0,0,245.0,0.815596707611882,5.464882276092498,0.5807238879974975,0.5646089585029377,0.5964649139168555
white,1.0,0,246.0,0.816350170576073,5.459131245713031,0.5902817908340263,0.5845769751135801,
white,1.0,0,247.0,0.8152905036478044,5.453207221931657,0.6116240443193965,0.628977488841765,
white,1.0,0,248.0,0.8135527176613849,5.447363963591147,0.6199126153984356,0.6475274239869659,
white,1.0,0,249.0,0.8125705846290754,5.441685080128277,0.5869827550603908,0.5817734254004533,
white,1.0,0,250.0,0.8116693336994582,5.435917373425633,0.6303104630340732,0.672253920340998,0.5872138192475024
white,1.0,0,251.0,0.8106298318276037,5.4301712237490065,0.6090454875052893,0.6289880812583428,
white,1.0,0,252.0,0.809539373679792,5.424502996831334,0.5886713518328787,0.588838095630668,
white,1.0,0,253.0,0.8083919859506215,5.418902451960446,0.6230660443057858,0.6610213787780712,
white,1.0,0,254.0,0.8068799740003236,5.413288201731087,0.6338844786810343,0.6855954726167194,
white,1.0,0,255.0,0.8050628238970623,5.407604520729991,0.6289331576107061,0.6763463372988567,0.7104878193963351
white,1.0,0,256.0,0.8037803692759166,5.401975049330378,0.5179976201604131,0.4597485682200527,
white,1.0,0,257.0,0.8027467539080434,5.396367925170842,0.58572147404304,0.5890459754779934,
white,1.0,0,258.0,0.8022395074839289,5.39076144755725,0.576780600012594,0.5723887187997162,
white,1.0,0,259.0,0.8018753808187338,5.385135382024649,0.5935000527717378,0.6073209690518627,
white,1.0,0,260.0,0.8012523217911162,5.37958701341868,0.5337882699545131,0.4922777229840606,0.548560875914343
white,1.0,0,261.0,0.8006714157588878,5.373964024724376,0.593688405124267,0.6102357251563718,
white,1.0,0,262.0,0.7998785811149712,5.368345956621038,0.5821463735536296,0.5879676147784194,
white,1.0,0,263.0,0.799519451371694,5.3628020559212874,0.6254401549461079,0.6800768495232282,
white,1.0,0,264.0,0.7994555224194833,5.35716473016171,0.5885454679279524,0.6034760542034661,
white,1.0,0,265.0,0.7997155750979272,5.351520049327361,0.5882103549332905,0.6040613124225024,0.5977261146085356
white,1.0,0,266.0,0.7992835816047278,5.345979758888381,0.5890580330717555,0.607059905519677,
white,1.0,0,267.0,0.7993832299343931,5.340362311978282,0.5805043552802235,0.5907986911250283,
white,1.0,0,268.0,0.798864067762119,5.3346905467380346,0.594124710269428,0.6201643128004554,
white,1.0,0,269.0,0.7982401676260711,5.329043428688026,0.5409445966937211,0.5152014297638262,
white,1.0,0,270.0,0.7990056517695212,5.32334858792085,0.5835075842358937,0.6007492024779357,0.6255368099855027
white,1.0,0,271.0,0.7984960634461893,5.317697815240228,0.604599989799033,0.6463369233515195,
white,1.0,0,272.0,0.7982497665054114,5.312183708785168,0.6312064508570796,0.7059382116588373,
white,1.0,0,273.0,0.7973242113964594,5.3067020748436695,0.5964315629236095,0.6315995727967652,
white,1.0,0,274.0,0.7966192113578373,5.301151404780877,0.5786046007312724,0.5956530270422301,
white,1.0,0,275.0,0.7957462065718446,5.295622905171815,0.5508219522592702,0.540951563943426,0.5979216099433582
white,1.0,0,276.0,0.7944143181525534,5.2901415684163124,0.5609515336431068,0.5621938562634865,
white,1.0,0,277.0,0.7936915996382895,5.284587196777223,0.5344323899248181,0.5113678383085697,
white,1.0,0,278.0,0.7928569438695423,5.2790277745078305,0.5604125243312966,0.5634790522345621,
white,1.0,0,279.0,0.7920150402783841,5.273460458083739,0.594854558318332,0.6362095799123813,
white,1.0,0,280.0,0.79163345087792,5.268020013802418,0.5366056659564564,0.518782932726823,0.5363153670429027
white,1.0,0,281.0,0.79076555992864,5.262533939927514,0.619815782665887,0.6935941894127176,
white,1.0,0,282.0,0.7897707730358066,5.256983716370589,0.558082865963949,0.5635002578931365,
white,1.0,0,283.0,0.7894948798398594,5.2514972024221995,0.5383797020758219,0.5255101189888145,
white,1.0,0,284.0,0.7896132210409335,5.246058571055241,0.568584525764733,0.5873457170947818,
white,1.0,0,285.0,0.7888746934271865,5.240513876810665,0.5338688824954337,0.5189093183140354,0.5988805347726275
white,1.0,0,286.0,0.7879903334642488,5.23500461473404,0.5837181285011193,0.6216446915316085,
white,1.0,0,287.0,0.7872359654883334,5.229585004024036,0.5781099426006756,0.6110214104748922,
white,1.0,0,288.0,0.7862930725295559,5.224098208854179,0.5463429073294498,0.546862265982123,
white,1.0,0,289.0,0.7861315236281159,5.218740797938126,0.5503723027626378,0.5560984575114173,
white,1.0,0,290.0,0.7864077511853886,5.213409012670144,0.5789692645063381,0.6166481399228746,0.6290200691256183
white,1.0,0,291.0,0.7858764020650663,5.207974289108687,0.5374198188838247,0.5324265424841497,
white,1.0,0,292.0,0.7859774284570533,5.2025850709082215,0.497381330100718,0.45699408863336016,
white,1.0,0,293.0,0.785217984990578,5.197258051764291,0.5535781443687424,0.567256281801058,
white,1.0,0,294.0,0.7844112185553674,5.191746245014024,0.5608750696869313,0.5835463573245034,
white,1.0,0,295.0,0.7839956808244712,5.1862144378193715,0.5730021362275434,0.6103536509899428,0.5528902131961091
white,1.0,0,296.0,0.7827211465592465,5.180684499499205,0.5722221950638984,0.609993367137583,
white,1.0,0,297.0,0.7817073787718875,5.175218655229442,0.5948888952426538,0.6606695961480178,
white,1.0,0,298.0,0.780807773900151,5.169717959472875,0.5541212486627143,0.5744416384095828,
white,1.0,0,299.0,0.7800892180482574,5.164302498164855,0.5723124880007818,0.6140632446633699,
white,1.0,1,0.0,1.0057942205355008,7.113426964867102,0.8155145045649111,0.6571668230219287,0.7940437600358718
white,1.0,1,1.0,1.004671864693082,7.106118564367806,0.7623927798824766,0.5755229613223265,
white,1.0,1,2.0,1.0035100781421094,7.098564187330948,0.7902786112469723,0.6197113251583243,
white,1.0,1,3.0,1.0024142701303074,7.091104964430875,0.7403164015667194,0.5449754250803263,
white,1.0,1,4.0,1.0012859638883715,7.0837335233970755,0.8024998026074663,0.6417050275463576,
white,1.0,1,5.0,1.0000788805108964,7.076463173615121,0.7677238943634512,0.5885015591668872,0.7961521431464724
white,1.0,1,6.0,0.9989093477369896,7.0690695838023965,0.7850402868348966,0.6166367160673727,
white,1.0,1,7.0,0.9978032484203204,7.061738308299484,0.7807648889618759,0.611205586210446,
white,1.0,1,8.0,0.996618708696506,7.054310014068221,0.8142133199527387,0.6660967687138943,
white,1.0,1,9.0,0.9955514021032565,7.046822529613004,0.7518367096807623,0.5691547832932433,
white,1.0,1,10.0,0.99454304549468,7.039307436330415,0.8110766883040329,0.6637949997369442,0.807614675719311
white,1.0,1,11.0,0.9933895791820692,7.031879402373233,0.7681292338940547,0.5966171931511122,
white,1.0,1,12.0,0.9922658309430524,7.024464016159318,0.7653807284671285,0.5936065247837989,
white,1.0,1,13.0,0.9911643321584345,7.017238617205078,0.7544271731311535,0.5779259026127458,
white,1.0,1,14.0,0.9901239384290833,7.009811554143425,0.765493149082466,0.5962658477355464,
white,1.0,1,15.0,0.9890297345374564,7.002337717234337,0.7995156169179699,0.6518351884408614,0.849377415099125
white,1.0,1,16.0,0.9878960442419521,6.9949803905863845,0.770065460318439,0.605971627813148,
white,1.0,1,17.0,0.9868601703126271,6.9876395613663425,0.8097206805406774,0.6713971251000637,
white,1.0,1,18.0,0.9857819929203081,6.980202496416213,0.8094152457364702,0.6723210692680769,
white,1.0,1,19.0,0.9845930019875996,6.97284749060605,0.7053386792879712,0.5116171239484272,
white,1.0,1,20.0,0.9834442572334954,6.965496398629077,0.7796228562920456,0.6263758225885742,0.8052982637517105
white,1.0,1,21.0,0.9823944700545079,6.958192980573703,0.7978976675210488,0.657463211045213,
white,1.0,1,22.0,0.9812875682269622,6.950800534996837,0.7651425225042584,0.6058777854639102,
white,1.0,1,23.0,0.9801378818125063,6.94331237302743,0.7667715351588545,0.6097735193971208,
white,1.0,1,24.0,0.9788048580313576,6.935785614627729,0.746489406087628,0.5791965690622786,
white,1.0,1,25.0,0.9776401530258334,6.928521192878378,0.7773536439873693,0.6293991939254551,0.8663752556993073
white,1.0,1,26.0,0.9766132532746443,6.9212914733937545,0.7097888033090457,0.5258404791276259,
white,1.0,1,27.0,0.9758268522520913,6.913945860774821,0.741596073740763,0.5752450616176986,
white,1.0,1,28.0,0.9760737775991678,6.9065633894093015,0.8183625712946369,0.7020006535081891,
white,1.0,1,29.0,0.97539156883467,6.899414248175625,0.708137290895719,0.5267208283806923,
white,1.0,1,30.0,0.9744571058373361,6.892048134231984,0.7675157693777943,0.6200804156928574,0.7789597584947343
white,1.0,1,31.0,0.9733362922901404,6.884587586454244,0.7940641932861736,0.6651588459089495,
white,1.0,1,32.0,0.9724030882484742,6.877245969499421,0.734878810831139,0.570916165214619,
white,1.0,1,33.0,0.9713761641786094,6.8699800688830726,0.7260252419381724,0.5584219625056344,
white,1.0,1,34.0,0.9703484307676897,6.862714175294744,0.7499940817174283,0.5971643243172442,
white,1.0,1,35.0,0.9692720719641149,6.855327025872661,0.7742040024279379,0.6377118312234181,0.8266965112622389
white,1.0,1,36.0,0.9682912666979281,6.848029201915512,0.7395132340167399,0.5830834272147143,
white,1.0,1,37.0,0.9673513257845147,6.840805522244488,0.734945562739939,0.5771196487710799,
white,1.0,1,38.0,0.9665950930748121,6.83361443933333,0.7603512245862702,0.6190098507556834,
white,1.0,1,39.0,0.965598661904466,6.826423180050473,0.7101981671683485,0.5411811784433389,
white,1.0,1,40.0,0.9647946477085836,6.819300349901671,0.6963325103099371,0.5213431963770931,0.6928209424772798
white,1.0,1,41.0,0.9638538555173634,6.812186284253868,0.7514539704924983,0.6084175602106227,
white,1.0,1,42.0,0.9628008581282217,6.8050190002502875,0.7470526282930399,0.6025786167495215,
white,1.0,1,43.0,0.9621763676608187,6.797870148484312,0.756369663124269,0.619002607575806,
white,1.0,1,44.0,0.9612460555097528,6.7906463743952,0.6976297472007958,0.5277129549988796,
white,1.0,1,45.0,0.9601783933700887,6.783448963930065,0.7831432384754395,0.6664250080290222,0.899607402876369
white,1.0,1,46.0,0.9592571673234764,6.776327965211401,0.7864090933018101,0.6734079254846733,
white,1.0,1,47.0,0.9583050798900601,6.769133411981238,0.7487301002012677,0.6117224831070011,
white,1.0,1,48.0,0.9573889765392279,6.7619538079920805,0.7549927472678466,0.623320146758583,
white,1.0,1,49.0,0.9564576752672321,6.754873767851286,0.7642897372484013,0.6401055389866249,
white,1.0,1,50.0,0.9557119457141913,6.747857877363746,0.7588643612737827,0.6323630206256634,0.7572750916638853
white,1.0,1,51.0,0.9550290395976229,6.740681106106101,0.6999571977744284,0.5391447848912783,
white,1.0,1,52.0,0.9543280500756265,6.7336204592844355,0.7778215086356156,0.6671640454435898,
white,1.0,1,53.0,0.9536936865514687,6.726557512863231,0.7724499566742853,0.6593636344006042,
white,1.0,1,54.0,0.9531651307111215,6.719499181738801,0.7234085994246078,0.579513460271682,
white,1.0,1,55.0,0.9523277160350421,6.71241176714844,0.7348015313908561,0.5991739585701268,0.785016206280032
white,1.0,1,56.0,0.951300812844902,6.705214839812988,0.7374460560958555,0.6047907273984827,
white,1.0,1,57.0,0.9502661488261306,6.698002437167593,0.751809381155727,0.6299337584854537,
white,1.0,1,58.0,0.9496461695602391,6.690895522187084,0.6961906944848014,0.5413248142553766,
white,1.0,1,59.0,0.9487830377626738,6.68393844007821,0.7390047909648212,0.6112229175119087,
white,1.0,1,60.0,0.9479607082161339,6.677009356085899,0.731818931261224,0.6006387051484053,0.8256096435165549
white,1.0,1,61.0,0.9468675592176373,6.669947376038795,0.7376675380986063,0.6115705077278465,
white,1.0,1,62.0,0.9459249502286096,6.662865865733453,0.7650200490333535,0.659164025971705,
white,1.0,1,63.0,0.9447128937741872,6.655831817633784,0.7336352039606993,0.6074711419337916,
white,1.0,1,64.0,0.9432994004187292,6.648845483469783,0.6899735748063891,0.5384463533319604,
white,1.0,1,65.0,0.9421408042582267,6.641729808892513,0.7464273389114048,0.6315135470035419,0.8324190763316152
white,1.0,1,66.0,0.9412492863343876,6.634531139850084,0.6895320885054654,0.5400804960131822,
white,1.0,1,67.0,0.9407912041080567,6.627490781365281,0.7402697975834308,0.6238092373026909,
white,1.0,1,68.0,0.9405759808370657,6.620538055307702,0.7142348064565699,0.5819229067919044,
white,1.0,1,69.0,0.9400501209726616,6.6135532098212355,0.6821489963734825,0.5319352725205675,
white,1.0,1,70.0,0.9389224338992811,6.606631097493467,0.6808346735355647,0.5309984099235714,0.7797358934536225
white,1.0,1,71.0,0.9379866981191111,6.599727597815529,0.690020581611132,0.5465653214312826,
white,1.0,1,72.0,0.9373249875118921,6.592784134613711,0.685550236106816,0.5406433454421006,
white,1.0,1,73.0,0.9365908904628012,6.585721700862431,0.6916895602332966,0.5515510266623597,
white,1.0,1,74.0,0.9359110430548101,6.5787430717504005,0.679691656664193,0.5337133066343128,
white,1.0,1,75.0,0.9353546167388682,6.571838708173485,0.7124022415537946,0.5875526194518345,0.7564353014993209
white,1.0,1,76.0,0.934321146814504,6.565044662446717,0.682114968675681,0.5397713066052754,
white,1.0,1,77.0,0.9332676525287928,6.558199155434627,0.684814560529354,0.5451886098969878,
white,1.0,1,78.0,0.9319641982073674,6.551383054353123,0.699769181769619,0.5704448218731772,
white,1.0,1,79.0,0.9307831695978293,6.54463139280157,0.6933552834205655,0.5611917532697243,
white,1.0,1,80.0,0.9297038293575778,6.537744146051108,0.7041159258620118,0.5799659518700457,0.7105231799121288
white,1.0,1,81.0,0.928538290316543,6.530764045032094,0.728220563925203,0.6216814307341472,
white,1.0,1,82.0,0.9274986811398889,6.523879984933669,0.7325258547972654,0.6303822761930624,
white,1.0,1,83.0,0.9265429501082437,6.517117961334415,0.7342480856926997,0.6346649087091086,
white,1.0,1,84.0,0.9257505821426373,6.510317779384308,0.7058125625562791,0.5876847170145115,
white,1.0,1,85.0,0.9249300819450137,6.503527598050942,0.6750467896534331,0.5386910768029088,0.716431281741432
white,1.0,1,86.0,0.9239357599455328,6.496742303356826,0.7638755388267865,0.6912321497191333,
white,1.0,1,87.0,0.9228772286100161,6.489964279280658,0.7052173931558852,0.5903797073651742,
white,1.0,1,88.0,0.9216543107225469,6.48325793830951,0.7122376968140453,0.6034389170827285,
white,1.0,1,89.0,0.9205774485031388,6.476567324425698,0.7197198149368655,0.6174576202105555,
white,1.0,1,90.0,0.919509724321951,6.46982035058907,0.6919369046579855,0.5718979633303944,0.6909442803591666
white,1.0,1,91.0,0.9188715142524225,6.463067443651776,0.7167115561555992,0.6148673646274295,
white,1.0,1,92.0,0.9179469023783273,6.456221406331739,0.7061105030799703,0.5980789488601692,
white,1.0,1,93.0,0.9170733147626549,6.449414357634941,0.7218260574859864,0.6263175132161528,
white,1.0,1,94.0,0.9161227264736076,6.442489218081977,0.6654554016389708,0.5334583444977657,
white,1.0,1,95.0,0.9154368655664913,6.4356354639814795,0.7026168893129129,0.5959698671971281,0.7829470600412642
white,1.0,1,96.0,0.91518820932039,6.42879755296173,0.6899682650781969,0.5759287206861212,
white,1.0,1,97.0,0.9145195088665093,6.422005916496987,0.6952914313133624,0.5860873612792801,
white,1.0,1,98.0,0.9138021560879187,6.41529995802853,0.6874801408126129,0.5741910041789252,
white,1.0,1,99.0,0.9127670299384586,6.408751838258516,0.6695910405768012,0.5458110983647574,
white,1.0,1,100.0,0.9119899492242122,6.402192564490124,0.7054312909136545,0.6070465267797452,0.7727104735533988
white,1.0,1,101.0,0.9112221258615146,6.395478423851102,0.7307538452350598,0.6527789579948886,
white,1.0,1,102.0,0.9102700604685532,6.388713205209552,0.6995086744652047,0.5994175135099082,
white,1.0,1,103.0,0.909268909416975,6.38204214623258,0.6930622052519091,0.5896510833392028,
white,1.0,1,104.0,0.9083360313360721,6.375365934814729,0.6883645100125206,0.5829035655616231,
white,1.0,1,105.0,0.9074158905427618,6.368714217440019,0.7389696062751038,0.6731620655393151,0.7794897288340702
white,1.0,1,106.0,0.9065045452204213,6.362007943445987,0.7115113899260429,0.6253818943552433,
white,1.0,1,107.0,0.9057323539433462,6.35535965448522,0.6763790820600194,0.5663306612528841,
white,1.0,1,108.0,0.9051505294333022,6.34875548321834,0.685888155236096,0.58357866807766,
white,1.0,1,109.0,0.9045049385482956,6.342287284802299,0.6654022016132434,0.550359732379637,
white,1.0,1,110.0,0.9039959057816035,6.335609475872664,0.6899333971795998,0.5929356202630708,0.7021136499639269
white,1.0,1,111.0,0.903869054037467,6.328999385529747,0.6290040259233848,0.4938632926799663,
white,1.0,1,112.0,0.9037796498866925,6.3223143723722925,0.7167255962203448,0.6425747552540559,
white,1.0,1,113.0,0.9032550463705513,6.31573524984146,0.6958569118082895,0.6069627826598901,
white,1.0,1,114.0,0.9028141962067032,6.309243705766628,0.6752474629790173,0.5727186429670512,
white,1.0,1,115.0,0.902406368536144,6.30280606632641,0.6527447502641668,0.5362766539728959,0.6437289816412927
white,1.0,1,116.0,0.9016370771804113,6.296158647818409,0.671178437133905,0.5681914183318139,
white,1.0,1,117.0,0.9008972947625359,6.289551055630441,0.6936367309876778,0.6081278265393656,
white,1.0,1,118.0,0.9001387209435869,6.283012763116818,0.6902861643799445,0.6035210996486072,
white,1.0,1,119.0,0.8991948187669031,6.276435715572056,0.6924254373557577,0.6085410257758332,
white,1.0,1,120.0,0.898329160241579,6.269716946753832,0.6860441300268366,0.5986572421716998,0.7299433873721782
white,1.0,1,121.0,0.8974141086273654,6.262898014227443,0.7218229346426863,0.664172177421278,
white,1.0,1,122.0,0.8964816588048856,6.256331085882641,0.6689756108538188,0.5716775356625693,
white,1.0,1,123.0,0.8954086753242186,6.249801837841142,0.671313925956211,0.5768844363468876,
white,1.0,1,124.0,0.894627650881679,6.243258284964928,0.6926386603261531,0.6154047683346254,
white,1.0,1,125.0,0.8938483200117754,6.236723759945739,0.7141687423472243,0.6556297675313787,0.7214332560020497
white,1.0,1,126.0,0.892996136377979,6.230173273709721,0.6549729700142651,0.5526071610806071,
white,1.0,1,127.0,0.8922639666042251,6.223508650035011,0.6185238812134484,0.4938696682419847,
white,1.0,1,128.0,0.8915350189390917,6.216941498146535,0.6531720379016248,0.5519142558186965,
white,1.0,1,129.0,0.8909910731352046,6.210423786369687,0.7100868389150448,0.6536578149787209,
white,1.0,1,130.0,0.8900624475351976,6.20400579379354,0.6785691337501234,0.5981551092350076,0.680395453737919
white,1.0,1,131.0,0.8892594311986369,6.197427919326274,0.674455060913174,0.5921790942704692,
white,1.0,1,132.0,0.8895352118356354,6.190912475668321,0.6993092149416149,0.6379684152721805,
white,1.0,1,133.0,0.8896022349893539,6.184427354812657,0.6753877544844105,0.5963172652252674,
white,1.0,1,134.0,0.889065004499823,6.177923635917799,0.6507365598330651,0.5547474912672371,
white,1.0,1,135.0,0.8881615099550468,6.1715157883669365,0.7018153017818762,0.6465944633709352,0.7910996779961876
white,1.0,1,136.0,0.8874187266873297,6.1650218405303425,0.716389945553207,0.6751491562649874,
white,1.0,1,137.0,0.8864277739324101,6.1585448918441825,0.6902080481727028,0.628020498805231,
white,1.0,1,138.0,0.8853732329741445,6.152066147451448,0.6631471985875594,0.5809622187915554,
white,1.0,1,139.0,0.8844776356557146,6.145591123143358,0.6416729538376105,0.545092426649525,
white,1.0,1,140.0,0.8835114100892244,6.139130061371865,0.6640525921021895,0.5850073039049639,0.6884584645203624
white,1.0,1,141.0,0.8826710945880258,6.132781311255795,0.6602679762957179,0.5795561456551944,
white,1.0,1,142.0,0.881584763740895,6.126392303783165,0.652450738584145,0.567095043720833,
white,1.0,1,143.0,0.8803591079944566,6.120094245195529,0.6603222763128413,0.5820572212064817,
white,1.0,1,144.0,0.8795122887748252,6.113655296167508,0.6545925359376776,0.5732053105163047,
white,1.0,1,145.0,0.8789638579217677,6.107306325848433,0.6858860444367417,0.6306298594130673,0.7289060853689583
white,1.0,1,146.0,0.8785205874646739,6.1008406710624365,0.6336245771830148,0.5393301098875845,
white,1.0,1,147.0,0.877758796219454,6.094515376745872,0.719348569264803,0.6965790655993935,
white,1.0,1,148.0,0.876840351309206,6.088189182598098,0.6774882084914996,0.6191518968389034,
white,1.0,1,149.0,0.8757942692784498,6.081836049989786,0.678362683481748,0.6220488424287731,
white,1.0,1,150.0,0.8747077632985154,6.075453829419722,0.674211752853188,0.6157510945556433,0.7391015985069673
white,1.0,1,151.0,0.8735800979110687,6.069193520320784,0.6753699657788969,0.6191437881356678,
white,1.0,1,152.0,0.8728223211061368,6.062905848696598,0.6545938989075791,0.5828439093532525,
white,1.0,1,153.0,0.8721116531142926,6.056590781848831,0.6487707936287761,0.5737148919527489,
white,1.0,1,154.0,0.8716260934421924,6.050258545186991,0.6734610269479311,0.6195082202572515,
white,1.0,1,155.0,0.8711517686015062,6.044043567012996,0.6682497330301306,0.6112127706897249,0.6764181237471808
white,1.0,1,156.0,0.870700740303454,6.037715936838341,0.6572276216176106,0.5924562241205877,
white,1.0,1,157.0,0.8702154782672896,6.03142875604574,0.6909374233969132,0.6561558906278049,
white,1.0,1,158.0,0.869525995143632,6.025120210204502,0.684235619355629,0.6448369707910565,
white,1.0,1,159.0,0.8688960929323852,6.018804655860297,0.6389527400175546,0.5634909969043336,
white,1.0,1,160.0,0.8683227604517709,6.012486674045561,0.6829012184892865,0.6450264533116769,0.7758403475709024
white,1.0,1,161.0,0.8675231745839828,6.006305834406775,0.6251569662391037,0.541668112504656,
white,1.0,1,162.0,0.8665805839612334,5.999998754381176,0.6502225472260883,0.5872076895361567,
white,1.0,1,163.0,0.8657029182468085,5.99357390693609,0.6239574741022587,0.541886406865252,
white,1.0,1,164.0,0.8647870519673992,5.987254964036954,0.648738973357034,0.5870221345197334,
white,1.0,1,165.0,0.8638888655783228,5.980992912036882,0.6346945410200197,0.5630577685252394,0.6151223876221216
white,1.0,1,166.0,0.8629611122583086,5.97471814396586,0.6388434043455704,0.5716418160938944,
white,1.0,1,167.0,0.8621131682762682,5.968439759025988,0.6694685897795974,0.6290842118982991,
white,1.0,1,168.0,0.8612331168597109,5.96218749733952,0.6395290548483592,0.5752800391363828,
white,1.0,1,169.0,0.86024896805924,5.95599849521465,0.6229047236260902,0.5468951778816229,
white,1.0,1,170.0,0.8594094277210141,5.949736459544169,0.6855980678623792,0.6639168877151255,0.7055997822005388
white,1.0,1,171.0,0.8585706050354757,5.943461795875636,0.701764425678539,0.697065760952636,
white,1.0,1,172.0,0.857814440495018,5.937184337625123,0.6750024141787437,0.6462783244409839,
white,1.0,1,173.0,0.8570428570518758,5.931018280016513,0.6307527982643716,0.5654964084063546,
white,1.0,1,174.0,0.8561576180715018,5.9247385106905215,0.6458741114287401,0.5941927980082401,
white,1.0,1,175.0,0.855449789725643,5.918528350743684,0.6685967132072317,0.6380739497620627,0.70458108350359
white,1.0,1,176.0,0.8544031222814291,5.912276856407813,0.5983262146546781,0.5120784989511256,
white,1.0,1,177.0,0.853397817710078,5.905937961491541,0.6557100744483342,0.6163337579683086,
white,1.0,1,178.0,0.8525098276124415,5.899652650511659,0.6436913825951553,0.5952131382907881,
white,1.0,1,179.0,0.8518047512863172,5.893496970604475,0.6737871262389961,0.6535356645782978,
white,1.0,1,180.0,0.8510739438036464,5.887347469519512,0.6569039153316021,0.6224928509472086,0.7071720375367908
white,1.0,1,181.0,0.850368965669466,5.88120780629205,0.6260702545589635,0.5666085126708672,
white,1.0,1,182.0,0.8499509203474819,5.875196906675689,0.5937914188812154,0.5107319012889419,
white,1.0,1,183.0,0.8492924062634067,5.869053332376626,0.5700952010733017,0.47176819927835995,
white,1.0,1,184.0,0.8486019488465086,5.862815322964429,0.6513335264349316,0.6171126410603393,
white,1.0,1,185.0,0.848356057683577,5.85667077834347,0.6454513328169221,0.607288958272186,0.6868416169544151
white,1.0,1,186.0,0.8474511492323741,5.850581222152348,0.658477089516011,0.6333639153421186,
white,1.0,1,187.0,0.8463162648880568,5.8443953564477855,0.6253661021348226,0.5724789253841793,
white,1.0,1,188.0,0.8450278979496653,5.8384245719567645,0.5880553527707498,0.5072418428080563,
white,1.0,1,189.0,0.8441118264241851,5.832382606304309,0.6370887498341462,0.5965926028602859,
white,1.0,1,190.0,0.8431302230418793,5.826265744157111,0.6323108300512358,0.5889123555005851,0.6890475257601898
white,1.0,1,191.0,0.8421942092262438,5.8201056069209995,0.5975540683212844,0.5270631937029129,
white,1.0,1,192.0,0.8412745018436822,5.813956587389618,0.626145891525334,0.5799325774753578,
white,1.0,1,193.0,0.8405681779566452,5.807896615876141,0.6485789762314735,0.623530905004011,
white,1.0,1,194.0,0.8397880419345825,5.801685615534547,0.5839531128705489,0.5065444687069263,
white,1.0,1,195.0,0.8390207068361606,5.795614387760116,0.6320103251044709,0.5945924458358486,0.6503308604865796
white,1.0,1,196.0,0.8382892295795091,5.7896786718400355,0.6328091984806131,0.5973194399299094,
white,1.0,1,197.0,0.8375024824502924,5.783617514162463,0.6457021060511179,0.6232112461375006,
white,1.0,1,198.0,0.8369943428013175,5.777579720749912,0.6055923729689259,0.5493370673149326,
white,1.0,1,199.0,0.8361238485953082,5.7716295161040545,0.6377120009198378,0.6104109177094404,
white,1.0,1,200.0,0.8351890515540281,5.765671423144266,0.6400855126959301,0.6162348024777091,0.765527543795753
white,1.0,1,201.0,0.8343196066983969,5.759664723419126,0.5939340797092552,0.5316821606771974,
white,1.0,1,202.0,0.8337814575540431,5.753659955729031,0.5886566752821732,0.5233663163788197,
white,1.0,1,203.0,0.8330187722577516,5.747563886640926,0.65162977746436,0.6426939825122315,
white,1.0,1,204.0,0.8320912355437725,5.74153832622497,0.6096089537956216,0.5636586061187032,
white,1.0,1,205.0,0.8315816110592767,5.735543972963606,0.6260239033902709,0.5956657221337173,0.606510781565916
white,1.0,1,206.0,0.8307684149001882,5.729523531289786,0.6372176589675329,0.6184556977201949,
white,1.0,1,207.0,0.8298535463147318,5.723508672860094,0.6251862002291163,0.5965736681293796,
white,1.0,1,208.0,0.8290550728423651,5.717582652312636,0.6556302478413727,0.657450507650734,
white,1.0,1,209.0,0.828142768563974,5.711638995101056,0.6397528055214745,0.6272965550535397,
white,1.0,1,210.0,0.8272397032157881,5.70566180173832,0.6268733100939026,0.6035559174782732,0.6267925080948233
white,1.0,1,211.0,0.8262880034603597,5.699688829388992,0.6308491221632052,0.6125178054585857,
white,1.0,1,212.0,0.8255310211667999,5.693630754148101,0.5912036586291994,0.5390954085813479,
white,1.0,1,213.0,0.8247360462697485,5.687524602815361,0.6321127334929093,0.6176074209408844,
white,1.0,1,214.0,0.8240261967100811,5.681483180557849,0.5625513920891547,0.49019735225192185,
white,1.0,1,215.0,0.8231260097821691,5.675361751389434,0.6114784028574884,0.5804237189300206,0.6136643519724987
white,1.0,1,216.0,0.8222690251844238,5.669322410239845,0.6218074626587359,0.6014777311251207,
white,1.0,1,217.0,0.8214434076059385,5.663426539104347,0.6271604464398344,0.6131528938492036,
white,1.0,1,218.0,0.820540686101198,5.657608130315353,0.5643124797484649,0.4974433021842801,
white,1.0,1,219.0,0.8197473842935836,5.6517212140762725,0.5840833433190628,0.5340208147933126,
white,1.0,1,220.0,0.8190265702245829,5.645952285475275,0.6168059380361154,0.5967503595044916,0.6461649728937712
white,1.0,1,221.0,0.8181829071590714,5.640013914391779,0.6255228226179083,0.6150295366530897,
white,1.0,1,222.0,0.8172913380009491,5.6341474449177955,0.5953604438309532,0.5583076012811568,
white,1.0,1,223.0,0.8164562332013389,5.628261036256967,0.5751694597877209,0.5221715150359356,
white,1.0,1,224.0,0.815539543015879,5.622335083383223,0.6236595998781895,0.6152218864484378,
white,1.0,1,225.0,0.8147378471627672,5.616356186929335,0.6436420347682333,0.6566735397848905,0.701678936027165
white,1.0,1,226.0,0.8140373472283954,5.610323205554677,0.6130633365766616,0.5970420651027025,
white,1.0,1,227.0,0.8131998102800442,5.604367302065548,0.5875509795201264,0.5495509113803623,
white,1.0,1,228.0,0.8124031978065985,5.598450087444465,0.5582987872379085,0.4972419397373413,
white,1.0,1,229.0,0.8117718172165956,5.592507658379028,0.6161257121378664,0.6068697575640166,
white,1.0,1,230.0,0.8111039560104362,5.58664552939249,0.6257934897766846,0.6273788201201828,0.6472988078123794
white,1.0,1,231.0,0.8104113521645935,5.5807808194407045,0.6570798008644464,0.6931325681057349,
white,1.0,1,232.0,0.8095766140834773,5.574890960763098,0.5981544798357661,0.5756042194436612,
white,1.0,1,233.0,0.8086505428610339,5.56903527250384,0.6025587879631513,0.5853409616069933,
white,1.0,1,234.0,0.8076278008865805,5.563335167049272,0.5955067790210412,0.5728922846699289,
white,1.0,1,235.0,0.8067367072920467,5.557572836703925,0.5748939692882458,0.5350263649580448,0.6525344726511991
white,1.0,1,236.0,0.8062418126820868,5.551819221917847,0.6069448194818307,0.5975823884031564,
white,1.0,1,237.0,0.8055657131273409,5.545934828900512,0.5626427168716276,0.5146190796268211,
white,1.0,1,238.0,0.8048446555493954,5.54012967037002,0.6163335044953933,0.6188162345714133,
white,1.0,1,239.0,0.8041124035189712,5.534284964160271,0.5803545511251578,0.5498367430361961,
white,1.0,1,240.0,0.8032174867900693,5.528427835186274,0.5806921343793318,0.551643622035292,0.6183428301428635
white,1.0,1,241.0,0.8024957242442696,5.5225943933460275,0.5780775028070896,0.547842657449592,
white,1.0,1,242.0,0.8025053531713505,5.516823717230761,0.5919761558801448,0.5757052885145069,
white,1.0,1,243.0,0.802713739210654,5.511154467004297,0.5926327473064212,0.5781707658749888,
white,1.0,1,244.0,0.8025593512733895,5.50550038927056,0.5663018138657434,0.5290202718200229,
white,1.0,1,245.0,0.8018757259485102,5.4996669079429426,0.5997620919720127,0.5946415555876089,0.6774525758544611
white,1.0,1,246.0,0.8010335853721035,5.493834143155523,0.589537792393148,0.575760965302649,
white,1.0,1,247.0,0.8002900007837601,5.488114784941694,0.5688289041241836,0.5371393194232326,
white,1.0,1,248.0,0.7995057935459461,5.482463996066507,0.6507143243845741,0.7043672613121325,
white,1.0,1,249.0,0.7989895912961245,5.476835025082343,0.6450899217490578,0.6936672646868794,
white,1.0,1,250.0,0.798767034269553,5.4712853498691905,0.5783791756543584,0.5587487557401569,0.5967688593991216
white,1.0,1,251.0,0.798037526544253,5.465579255491102,0.6031866213182429,0.6089771709747309,
white,1.0,1,252.0,0.7976866483682482,5.459909576118689,0.6207881887074983,0.646377148762686,
white,1.0,1,253.0,0.7973852931415235,5.4541774649926245,0.5706203480268806,0.5472754712754351,
white,1.0,1,254.0,0.7967732538921811,5.448463246883244,0.5869380763660644,0.5802384732562625,
white,1.0,1,255.0,0.7960580928032099,5.442782995835654,0.5981762712388078,0.6039296170291968,0.6636658992045565
white,1.0,1,256.0,0.7952195139786613,5.437092841834763,0.6158465927752416,0.6414777429823063,
white,1.0,1,257.0,0.7945785698737344,5.431364632937283,0.6153713219621764,0.6418397210148633,
white,1.0,1,258.0,0.7938518094685318,5.425744546221287,0.568321741097135,0.5485798605654384,
white,1.0,1,259.0,0.7930101118933702,5.420106329640615,0.588724433933335,0.5899001587010584,
white,1.0,1,260.0,0.7921213345963467,5.414458211018132,0.6217058188576767,0.6592192128847149,0.6020567993628732
white,1.0,1,261.0,0.7914170053938742,5.408810114599503,0.5703335375728885,0.55593543280965,
white,1.0,1,262.0,0.7907040061121716,5.40310009774376,0.5787337034652584,0.5736427742674036,
white,1.0,1,263.0,0.7898004940706772,5.3975492407028085,0.5863319429857433,0.5900161347669554,
white,1.0,1,264.0,0.789036952342072,5.391806140866706,0.5951651320672172,0.6092231899790097,
white,1.0,1,265.0,0.7883104674808358,5.386201726311439,0.5727060267768489,0.5652860673998282,0.6341761274397174
white,1.0,1,266.0,0.7876475507581953,5.380598034274853,0.5685454323124461,0.5582635290110993,
white,1.0,1,267.0,0.7869148589701702,5.375032718585318,0.5803276490654427,0.5828466504705326,
white,1.0,1,268.0,0.7860907919449126,5.36942465791213,0.557925210242851,0.5398417516674013,
white,1.0,1,269.0,0.7853678582587245,5.363831252418558,0.5508524169465472,0.5273395086464943,
white,1.0,1,270.0,0.7845638397093231,5.358105998400203,0.5754925274722806,0.5768020300814268,0.6067893632005325
white,1.0,1,271.0,0.7837123949058767,5.352553488074963,0.5470880591694935,0.5223510167008737,
white,1.0,1,272.0,0.782902128617561,5.346918547393912,0.6002378205103843,0.6301001467216649,
white,1.0,1,273.0,0.7822702061629904,5.341327724752149,0.5961686602738643,0.6228878180647875,
white,1.0,1,274.0,0.7814062793726866,5.335703743946941,0.618014703924116,0.6707863310576999,
white,1.0,1,275.0,0.7806100093616519,5.330140583942992,0.558108101066028,0.5481877540193798,0.6015397050446347
white,1.0,1,276.0,0.7797697695981413,5.324567576352721,0.559993532434856,0.5530537485950769,
white,1.0,1,277.0,0.7789547475904292,5.319020216866848,0.5447895219762868,0.5245226111949435,
white,1.0,1,278.0,0.7781379257329104,5.313388595389454,0.5884059488963382,0.6131700807586461,
white,1.0,1,279.0,0.7772419598445724,5.307846994954147,0.5551534756344665,0.5469647519274696,
white,1.0,1,280.0,0.7766186031201289,5.302317651020884,0.5953934283611445,0.6304441137857514,0.6261636330624649
white,1.0,1,281.0,0.7759919313449544,5.296768003559852,0.5464137583128543,0.5320976655663355,
white,1.0,1,282.0,0.7753636742656469,5.291191014658516,0.5766849383621495,0.5939369464542614,
white,1.0,1,283.0,0.7748581965616282,5.285575097565212,0.5518160333890947,0.5449719369566245,
white,1.0,1,284.0,0.7743047470873912,5.280015599786429,0.5599895269460574,0.5624182472832957,
white,1.0,1,285.0,0.7737460249956817,5.274516274230897,0.5949993514426035,0.6362645336856984,0.6037436299200244
white,1.0,1,286.0,0.772890592504016,5.268992060638741,0.5482032728664036,0.5412503173897758,
white,1.0,1,287.0,0.7721119209688226,5.263436758133308,0.5693246849684406,0.5849937351191025,
white,1.0,1,288.0,0.7713192087364332,5.257921909925067,0.5854165857808898,0.6198288489694737,
white,1.0,1,289.0,0.770647151021495,5.2524450554861275,0.5734793291492998,0.5960497433258177,
white,1.0,1,290.0,0.7699673312887072,5.246943400453532,0.5797890649099775,0.6105163311349063,0.6017726588375898
white,1.0,1,291.0,0.7688768205300541,5.241358054566341,0.5489039586228873,0.5483717486469534,
white,1.0,1,292.0,0.7679666224340675,5.235888936700279,0.5285640088872692,0.5095470930044658,
white,1.0,1,293.0,0.7671694502859819,5.230493082579479,0.5669449857305751,0.5874441420032486,
white,1.0,1,294.0,0.7664836181227456,5.225075056303484,0.5586028116054849,0.5714670206248406,
white,1.0,1,295.0,0.7657908692646395,5.21959893217053,0.5915843885486546,0.6422870218551414,0.6366832891244391
white,1.0,1,296.0,0.7650891569678503,5.214110432726324,0.5576450116877384,0.5719067171168074,
white,1.0,1,297.0,0.7642327019591166,5.2085977927667795,0.5735486037796548,0.6062738171165389,
white,1.0,1,298.0,0.7633550686104628,5.203078881521925,0.5263941281819965,0.5117657961870851,
white,1.0,1,299.0,0.7626798633933964,5.197616778097018,0.5808135630578277,0.6243598846958961,
white,1.5,0,0.0,1.4789489514914178,10.6054320682336,1.1161794172575417,0.5538361387368453,1.2002703539258293
white,1.5,0,1.0,1.4773856429840364,10.5944901350191,1.0896348957543631,0.528897956210519,
white,1.5,0,2.0,1.4757419889856296,10.58324173610647,1.135516528857818,0.5755982868290724,
white,1.5,0,3.0,1.4740395175185699,10.571941432995427,1.0745891575545365,0.5165893111211313,
white,1.5,0,4.0,1.4723493331937534,10.56047586813729,1.1277805542455437,0.5702328484274665,
white,1.5,0,5.0,1.4706922017407669,10.549010250019666,1.1542520513518528,0.5986154006895776,1.2852996554956009
white,1.5,0,6.0,1.4689946008312031,10.537626161401155,1.188861462645947,0.636424556817868,
white,1.5,0,7.0,1.4671011663629745,10.52593395342708,1.1924687635802877,0.6417158205414393,
white,1.5,0,8.0,1.4652575025941417,10.513769021954197,1.1318166335624356,0.5794357479665642,
white,1.5,0,9.0,1.4636580857881285,10.501985730063833,1.075973675378367,0.524844256294295,
white,1.5,0,10.0,1.461946696051124,10.490524467423016,1.1795163670940678,0.6320967326594572,1.2049413303184322
white,1.5,0,11.0,1.4602737360853573,10.479124943470254,1.1631051181566014,0.6159676455598819,
white,1.5,0,12.0,1.460045886343844,10.467597903194422,1.17376955389335,0.6286973384860737,
white,1.5,0,13.0,1.4670714206762385,10.456209001578396,1.1290387206997354,0.5829605500392357,
white,1.5,0,14.0,1.4783273723088963,10.444766420857942,1.1261548436709095,0.5812577523124095,
white,1.5,0,15.0,1.4929196983910689,10.433352335868124,1.1529327600148396,0.6105626251158576,1.120753360831062
white,1.5,0,16.0,1.5142474798595307,10.421638895267643,1.0936396700428768,0.5506130149905016,
white,1.5,0,17.0,1.5439618608295496,10.409413932559621,1.0152792925758765,0.47565109835734604,
white,1.5,0,18.0,1.5876732070356812,10.396525811847413,1.000985408895161,0.463499239504514,
white,1.5,0,19.0,1.642303299115096,10.38316479879899,0.9446025480995355,0.4138173885647587,
white,1.5,0,20.0,1.7116597974587446,10.3694726391417,0.935655007512637,0.4070878651877714,0.9721688649768928
white,1.5,0,21.0,1.7922095541502119,10.35574258432557,0.9711003895382941,0.43967904523317236,
white,1.5,0,22.0,1.8800359192569904,10.342256610869997,0.9983374905281891,0.46590154087712077,
white,1.5,0,23.0,1.9803080082883027,10.3292980992941,0.9269492085001975,0.40266163987416453,
white,1.5,0,24.0,2.0976101870333856,10.317203531880068,0.8696345739861757,0.3552381529687995,
white,1.5,0,25.0,2.238543607817428,10.307328595591775,0.8326434242233078,0.3262840726572513,0.8624269657471358
white,1.5,0,26.0,2.3993417967474575,10.299522342543233,0.7789377899727173,0.2859837682541807,
white,1.5,0,27.0,2.585343336285285,10.295294523551574,0.740401307986472,0.2585989805328452,
white,1.5,0,28.0,2.7956570237030856,10.295579314199497,0.7185346540938379,0.24353638998327312,
white,1.5,0,29.0,3.0322979828319863,10.302312258369081,0.6268449609805171,0.18510615696566543,
white,1.5,0,30.0,3.2915390450475703,10.317652284676308,0.586592135603578,0.16161464081842014,0.595714545426967
white,1.5,0,31.0,3.5753142752866736,10.342955726660614,0.4819115539831693,0.10854638153287764,
white,1.5,0,32.0,3.8788592646256497,10.379838914595688,0.45282914348175457,0.09516067551358928,
white,1.5,0,33.0,4.195878063860928,10.42860107017118,0.3945625290013007,0.07157305789984338,
white,1.5,0,34.0,4.523499521428569,10.490100158569348,0.35692855808004553,0.05788597193869345,
white,1.5,0,35.0,4.860647219458076,10.564835474605802,0.34504475033827764,0.05333292175318942,0.2585779208714442
white,1.5,0,36.0,5.206391401786455,10.652781602978475,0.2051301277894653,0.01853970666929806,
white,1.5,0,37.0,5.559916579110329,10.754306628190587,0.3666376179723462,0.05811379267565101,
white,1.5,0,38.0,5.9189539143584415,10.869354354818437,0.3003373792569533,0.03817519664571258,
white,1.5,0,39.0,6.283218965698304,10.99785876185926,0.186010460635956,0.014303043674546883,
white,1.5,0,40.0,6.65191818752051,11.139664674287177,0.21344313462252043,0.018356511433972184,0.2847846553553374
white,1.5,0,41.0,7.023859594032762,11.294158287769726,0.19696299653913688,0.015206579959585409,
white,1.5,0,42.0,7.397829821198024,11.460621252772825,0.15885034426867203,0.009605721799193388,
white,1.5,0,43.0,7.77270446844569,11.638237461326337,0.017762604585937015,0.00011646860460269759,
white,1.5,0,44.0,8.147894155330247,11.826239675743961,0.2273516236636829,0.01847875774269926,
white,1.5,0,45.0,8.52321219453828,12.023918626294178,0.004017865924405632,5.583015429488816e-06,0.004828282100544804
white,1.5,0,46.0,8.898190536246995,12.230568476007976,0.008877171117136682,2.6340614372090266e-05,
white,1.5,0,47.0,9.272405182889576,12.44547220025757,0.0014862976318140958,7.131137621739763e-07,
white,1.5,0,48.0,9.645330285147582,12.667854256994087,0.023153794464587932,0.00016703529001643454,
white,1.5,0,49.0,10.016593028502031,12.896968311744256,0.00046862387669664094,6.601514228056909e-08,
white,1.5,0,50.0,10.385876473528112,13.132091498197791,0.02022204513415105,0.00011856386686181959,0.019037533359509515
white,1.5,0,51.0,10.752906404424419,13.372531131595407,0.0027735744744212367,2.150910960837576e-06,
white,1.5,0,52.0,11.1174700688749,13.617644528650569,0.00023837364334874003,1.5320836802909846e-08,
white,1.5,0,53.0,11.479400038269306,13.866839127995805,1.1225260342981106e-05,3.276482813685177e-11,
white,1.5,0,54.0,11.838562203834416,14.119569621032781,3.3307317174219084e-05,2.7823156039488336e-10,
white,1.5,0,55.0,12.194849261036447,14.375335523731202,6.004731074256011e-06,8.724110311202956e-12,3.982749275589608e-06
white,1.5,0,56.0,12.548176723636063,14.633679026726577,8.52219534974346e-06,1.6957660037988898e-11,
white,1.5,0,57.0,12.898477081045217,14.89418077920253,1.5005465650836774e-06,5.074996145781152e-13,
white,1.5,0,58.0,13.24569684950837,15.156456956960827,6.478884209122021e-07,9.136399049240654e-14,
white,1.5,0,59.0,13.589794263195111,15.42015650106406,1.4090502888415536e-06,4.174893757518627e-13,
white,1.5,0,60.0,13.930737393021854,15.684958501808106,6.571896995455577e-08,8.777781219452575e-16,3.5039395793880085e-08
white,1.5,0,61.0,14.268502650377288,15.950569779058414,7.474376812367456e-08,1.0979121184419233e-15,
white,1.5,0,62.0,14.603073527138823,16.216722606957976,7.858970540089169e-08,1.1742894250745232e-15,
white,1.5,0,63.0,14.934439569260773,16.48317261870976,4.136753660343307e-09,3.1492541512787476e-18,
white,1.5,0,64.0,15.262595513676917,16.749696865330762,2.5057975582922042e-09,1.1190463229494936e-18,
white,1.5,0,65.0,15.587540558778121,17.016092022881246,3.942085889826239e-09,2.683505674932156e-18,1.012603147573168e-09
white,1.5,0,66.0,15.9092777465428,17.282172742577274,8.364868550765012e-09,1.1713631626545311e-17,
white,1.5,0,67.0,16.22781343543505,17.547770134350422,3.274480782808312e-09,1.7410491152479597e-18,
white,1.5,0,68.0,16.54315684961467,17.812730376088442,1.0883033181304467e-09,1.866418035616767e-19,
white,1.5,0,69.0,16.855319691961068,18.07691343989887,3.001691458105165e-10,1.3786484794838987e-20,
white,1.5,0,70.0,17.16431581093095,18.340191926991004,1.3541662315678426e-10,2.7258767251335856e-21,7.627747388215434e-11
white,1.5,0,71.0,17.470160912747005,18.6024500027136,5.111129936091837e-11,3.774535862366996e-22,
white,1.5,0,72.0,17.772872312111925,18.86358242382263,6.9599188764722e-12,6.806596583827226e-24,
white,1.5,0,73.0,18.072468715686423,19.12349365035573,2.3285506805142086e-11,7.413220564529442e-23,
white,1.5,0,74.0,18.368970033554827,19.38209703497266,2.6769768719205237e-12,9.538008726792025e-25,
white,1.5,0,75.0,18.66239721464923,19.639314083070513,3.758611524619678e-13,1.8313538048907413e-26,1.705992122374519e-13
white,1.5,0,76.0,18.952772102762147,19.895073777483898,1.2353886695379496e-12,1.9279071946638883e-25,
white,1.5,0,77.0,19.240117310291954,20.149311962044305,2.88705665290299e-13,1.0265028863361259e-26,
white,1.5,0,78.0,19.524456107308616,20.401970778739148,3.164631118098531e-13,1.2030175150198612e-26,
white,1.5,0,79.0,19.805812323889633,20.65299815364993,1.5696568140206986e-13,2.8881065487136986e-27,
white,1.5,0,80.0,20.08421026398083,20.902347327263676,1.4360752208808616e-13,2.360120958773144e-27,6.0231760733521e-14
white,1.5,0,81.0,20.359674629289838,21.149976425139982,1.56617958422826e-14,2.741784683708779e-29,
white,1.5,0,82.0,20.632230451936504,21.395848065275786,1.2712006621266034e-14,1.7649776678188614e-29,
white,1.5,0,83.0,20.901903034761855,21.639928998842592,1.0562762010288214e-14,1.1912785744968805e-29,
white,1.5,0,84.0,21.16871789835292,21.88218978127594,1.0700445886395224e-14,1.195617309475596e-29,
white,1.5,0,85.0,21.432700733966858,22.12260447097649,3.0849272961780327e-15,9.72271065684897e-31,2.7340805815712152e-15
white,1.5,0,86.0,21.693877361649747,22.361150353137184,7.021814707390945e-16,4.930380657631324e-32,
white,1.5,0,87.0,21.95227369293825,22.59780768644305,2.3277035413857337e-15,5.305089587611304e-31,
white,1.5,0,88.0,22.207915697612027,22.832559470601286,5.0698466470769445e-16,2.465190328815662e-32,
white,1.5,0,89.0,22.460829374033384,23.065391232850672,2.2904248597424807e-16,4.930380657631324e-33,
white,1.5,0,90.0,22.711040722670063,23.29629083177283,1.0345631387919253e-16,9.860761315262648e-34,8.052947310088462e-17
white,1.5,0,91.0,22.958575722446444,23.525248276884785,1.044730891880831e-16,9.860761315262648e-34,
white,1.5,0,92.0,23.203460309612996,23.752255562634492,1.0548120404967105e-16,9.860761315262648e-34,
white,1.5,0,93.0,23.445720358861255,23.977306515549177,0.0,0.0,
white,1.5,0,94.0,23.685381666443988,24.200396653402695,0.0,0.0,
white,1.5,0,95.0,23.922469935089065,24.421523055372674,0.0,0.0,0.0
white,1.5,0,96.0,24.157010760519675,24.640684242253243,0.0,0.0,
white,1.5,0,97.0,24.389029619415552,24.85788006587461,0.0,0.0,
white,1.5,0,98.0,24.618551858668283,25.073111606958093,0.0,0.0,
white,1.5,0,99.0,24.8456026858,25.286381080705294,0.0,0.0,
white,1.5,0,100.0,25.070207160430556,25.497691749483156,0.0,0.0,0.0
white,1.5,0,101.0,25.29239018668819,25.707047842023876,0.0,0.0,
white,1.5,0,102.0,25.512176506473008,25.914454478610402,0.0,0.0,
white,1.5,0,103.0,25.729590693490245,26.11991760176495,0.0,0.0,
white,1.5,0,104.0,25.944657147979413,26.323443912000474,0.0,0.0,
white,1.5,0,105.0,26.157400092073672,26.525040808233346,0.0,0.0,0.0
white,1.5,0,106.0,26.36784356572995,26.72471633249032,0.0,0.0,
white,1.5,0,107.0,26.576011423176396,26.92247911857438,0.0,0.0,
white,1.5,0,108.0,26.781927329829504,27.11833834438286,0.0,0.0,
white,1.5,0,109.0,26.985614759637595,27.31230368759697,0.0,0.0,
white,1.5,0,110.0,27.18709699281162,27.504385284485753,0.0,0.0,0.0
white,1.5,0,111.0,27.38639711390817,27.694593691588782,0.0,0.0,
white,1.5,0,112.0,27.583538010233188,27.882939850061543,0.0,0.0,
white,1.5,0,113.0,27.778542370536872,28.069435052485193,0.0,0.0,
white,1.5,0,114.0,27.97143268397458,28.254090911958546,0.0,0.0,
white,1.5,0,115.0,28.162231239309378,28.436919333305006,0.0,0.0,0.0
white,1.5,0,116.0,28.350960124335135,28.617932486240488,0.0,0.0,
white,1.5,0,117.0,28.53764122550048,28.797142780360737,0.0,0.0,
white,1.5,0,118.0,28.72229622771609,28.974562841817683,0.0,0.0,
white,1.5,0,119.0,28.90494661432849,29.15020549156462,0.0,0.0,
white,1.5,0,120.0,29.08561366724693,29.32408372505954,0.0,0.0,0.0
white,1.5,0,121.0,29.264318467208092,29.496210693324326,0.0,0.0,
white,1.5,0,122.0,29.441081894168132,29.6665996852655,0.0,0.0,
white,1.5,0,123.0,29.615924627809424,29.83526411116941,0.0,0.0,
white,1.5,0,124.0,29.788867148152978,30.00221748729124,0.0,0.0,
white,1.5,0,125.0,29.959929736265853,30.16747342146339,0.0,0.0,0.0
white,1.5,0,126.0,30.129132475056192,30.33104559965422,0.0,0.0,
white,1.5,0,127.0,30.29649525014724,30.49294777341335,0.0,0.0,
white,1.5,0,128.0,30.462037750823146,30.653193748144325,0.0,0.0,
white,1.5,0,129.0,30.625779471040588,30.81179737214984,0.0,0.0,
white,1.5,0,130.0,30.78773971049913,30.96877252639854,0.0,0.0,0.0
white,1.5,0,131.0,30.9479375757654,31.1241331149663,0.0,0.0,
white,1.5,0,132.0,31.10639198144599,31.277893056108002,0.0,0.0,
white,1.5,0,133.0,31.263121651404116,31.43006627391915,0.0,0.0,
white,1.5,0,134.0,31.418145120015108,31.580666690549332,0.0,0.0,
white,1.5,0,135.0,31.571480733458234,31.729708218932355,0.0,0.0,0.0
white,1.5,0,136.0,31.723146651039524,31.877204756000232,0.0,0.0,
white,1.5,0,137.0,31.873160846543225,32.0231701763504,0.0,0.0,
white,1.5,0,138.0,32.021541109608584,32.167618326337795,0.0,0.0,
white,1.5,0,139.0,32.16830504712825,32.310563018565226,0.0,0.0,
white,1.5,0,140.0,32.3134700846673,32.45201802674719,0.0,0.0,0.0
white,1.5,0,141.0,32.457053467898625,32.59199708092423,0.0,0.0,
white,1.5,0,142.0,32.59907226405326,32.7305138630061,0.0,0.0,
white,1.5,0,143.0,32.73954336338411,32.86758200262369,0.0,0.0,
white,1.5,0,144.0,32.878483480639666,33.003215073270866,0.0,0.0,
white,1.5,0,145.0,33.01590915654738,33.13742658871866,0.0,0.0,0.0
white,1.5,0,146.0,33.15183675930413,33.27022999968531,0.0,0.0,
white,1.5,0,147.0,33.28628248607274,33.40163869074679,0.0,0.0,
white,1.5,0,148.0,33.419262364482705,33.53166597747339,0.0,0.0,
white,1.5,0,149.0,33.55079225413432,33.66032510377888,0.0,0.0,
white,1.5,0,150.0,33.68088784810435,33.78762923946958,0.0,0.0,0.0
white,1.5,0,151.0,33.80956467445314,33.913591477981505,0.0,0.0,
white,1.5,0,152.0,33.936838097730856,34.038224834294404,0.0,0.0,
white,1.5,0,153.0,34.06272332048303,34.16154224301239,0.0,0.0,
white,1.5,0,154.0,34.187235384753656,34.283556556601205,0.0,0.0,
white,1.5,0,155.0,34.31038917358595,34.40428054377311,0.0,0.0,0.0
white,1.5,0,156.0,34.43219941251907,34.5237268880106,0.0,0.0,
white,1.5,0,157.0,34.55268067108066,34.64190818622097,0.0,0.0,
white,1.5,0,158.0,34.6718473642747,34.75883694751403,0.0,0.0,
white,1.5,0,159.0,34.789713754063435,34.87452559209583,0.0,0.0,
white,1.5,0,160.0,34.90629395084374,34.988986450271675,0.0,0.0,0.0
white,1.5,0,161.0,35.021601914916424,35.10223176155201,0.0,0.0,
white,1.5,0,162.0,35.13565145794896,35.21427367385532,0.0,0.0,
white,1.5,0,163.0,35.248456244430656,35.32512424280233,0.0,0.0,
white,1.5,0,164.0,35.36002979311987,35.43479543109629,0.0,0.0,
white,1.5,0,165.0,35.47038547848334,35.54329910798425,0.0,0.0,0.0
white,1.5,0,166.0,35.57953653212685,35.65064704879476,0.0,0.0,
white,1.5,0,167.0,35.687496044217326,35.75685093454745,0.0,0.0,
white,1.5,0,168.0,35.794276964895516,35.861922351630376,0.0,0.0,
white,1.5,0,169.0,35.899892105679776,35.9658727915412,0.0,0.0,
white,1.5,0,170.0,36.0043541408604,36.06871365068842,0.0,0.0,0.0
white,1.5,0,171.0,36.107675608883824,36.17045623024921,0.0,0.0,
white,1.5,0,172.0,36.20986891372737,36.271111736080485,0.0,0.0,
white,1.5,0,173.0,36.31094632626379,36.37069127868023,0.0,0.0,
white,1.5,0,174.0,36.41091998561566,36.46920587319587,0.0,0.0,
white,1.5,0,175.0,36.50980190049937,36.56666643947709,0.0,0.0,0.0
white,1.5,0,176.0,36.60760395055908,36.663083802170505,0.0,0.0,
white,1.5,0,177.0,36.7043378876895,36.75846869085346,0.0,0.0,
white,1.5,0,178.0,36.80001533734865,36.852831740204856,0.0,0.0,
white,1.5,0,179.0,36.89464779985968,36.94618349021057,0.0,0.0,
white,1.5,0,180.0,36.988246651702106,37.03853438640156,0.0,0.0,0.0
white,1.5,0,181.0,37.08082314679194,37.12989478012244,0.0,0.0,
white,1.5,0,182.0,37.17238841775133,37.220274928828864,0.0,0.0,
white,1.5,0,183.0,37.2629534771674,37.30968499641173,0.0,0.0,
white,1.5,0,184.0,37.35252921883932,37.3981350535467,0.0,0.0,
white,1.5,0,185.0,37.44112641901611,37.48563507806728,0.0,0.0,0.0
white,1.5,0,186.0,37.52875573762171,37.572194955360054,0.0,0.0,
white,1.5,0,187.0,37.61542771947037,37.657824478780576,0.0,0.0,
white,1.5,0,188.0,37.701152795470755,37.74253335008863,0.0,0.0,
white,1.5,0,189.0,37.785941283818985,37.82633117990149,0.0,0.0,
white,1.5,0,190.0,37.869803391180774,37.90922748816399,0.0,0.0,0.0
white,1.5,0,191.0,37.952749213863235,37.99123170463435,0.0,0.0,
white,1.5,0,192.0,38.03478873897487,38.072353169384456,0.0,0.0,
white,1.5,0,193.0,38.11593184557591,38.15260113331379,0.0,0.0,
white,1.5,0,194.0,38.19618830581669,38.23198475867584,0.0,0.0,
white,1.5,0,195.0,38.27556778606628,38.31051311961622,0.0,0.0,0.0
white,1.5,0,196.0,38.354079848029805,38.38819520272143,0.0,0.0,
white,1.5,0,197.0,38.43173394985509,38.46503990757767,0.0,0.0,
white,1.5,0,198.0,38.508539447229126,38.54105604733865,0.0,0.0,
white,1.5,0,199.0,38.58450559446371,38.616252349301824,0.0,0.0,
white,1.5,0,200.0,38.659641545570516,38.690637455492315,0.0,0.0,0.0
white,1.5,0,201.0,38.73395635532574,38.76421992325375,0.0,0.0,
white,1.5,0,202.0,38.807458980324455,38.83700822584554,0.0,0.0,
white,1.5,0,203.0,38.880158280024574,38.90901075304578,0.0,0.0,
white,1.5,0,204.0,38.95206301778047,38.98023581175943,0.0,0.0,
white,1.5,0,205.0,39.023181861866554,39.05069162663107,0.0,0.0,0.0
white,1.5,0,206.0,39.093523386490425,39.12038634066173,0.0,0.0,
white,1.5,0,207.0,39.1630960727963,39.18932801582942,0.0,0.0,
white,1.5,0,208.0,39.23190830985826,39.257524633712684,0.0,0.0,
white,1.5,0,209.0,39.29996839566328,39.324984096117035,0.0,0.0,
white,1.5,0,210.0,39.367284538085016,39.39171422570355,0.0,0.0,0.0
white,1.5,0,211.0,39.43386485584705,39.457722766619455,0.0,0.0,
white,1.5,0,212.0,39.499717379477225,39.52301738513017,0.0,0.0,
white,1.5,0,213.0,39.564850052251565,39.58760567025262,0.0,0.0,
white,1.5,0,214.0,39.62927073112899,39.651495134389336,0.0,0.0,
white,1.5,0,215.0,39.69298718767655,39.714693213963024,0.0,0.0,0.0
white,1.5,0,216.0,39.75600710898507,39.77720727005155,0.0,0.0,
white,1.5,0,217.0,39.81833809857581,39.839044589022635,0.0,0.0,
white,1.5,0,218.0,39.87998767729712,39.90021238316839,0.0,0.0,
white,1.5,0,219.0,39.94096328421257,39.960717791339235,0.0,0.0,
white,1.5,0,220.0,40.001272277479785,40.02056787957694,0.0,0.0,0.0
white,1.5,0,221.0,40.06092193522003,40.079769641746694,0.0,0.0,
white,1.5,0,222.0,40.11991945637897,40.138330000167905,0.0,0.0,
white,1.5,0,223.0,40.17827196157866,40.19625580624348,0.0,0.0,
white,1.5,0,224.0,40.235986493960304,40.2535538410875,0.0,0.0,
white,1.5,0,225.0,40.29307002001894,40.31023081615112,0.0,0.0,0.0
white,1.5,0,226.0,40.34952943042853,40.366293373846304,0.0,0.0,
white,1.5,0,227.0,40.40537154085957,40.42174808816757,0.0,0.0,
white,1.5,0,228.0,40.46060309278716,40.476601465311326,0.0,0.0,
white,1.5,0,229.0,40.51523075429148,40.53085994429278,0.0,0.0,
white,1.5,0,230.0,40.569261120849134,40.58452989756024,0.0,0.0,0.0
white,1.5,0,231.0,40.62270071611693,40.63761763160675,0.0,0.0,
white,1.5,0,232.0,40.67555599270704,40.69012938757883,0.0,0.0,
white,1.5,0,233.0,40.727833332954006,40.74207134188233,0.0,0.0,
white,1.5,0,234.0,40.77953904967391,40.7934496067852,0.0,0.0,
white,1.5,0,235.0,40.8306793869156,40.84427023101716,0.0,0.0,0.0
white,1.5,0,236.0,40.8812605207035,40.89453920036609,0.0,0.0,
white,1.5,0,237.0,40.93128855977353,40.94426243827111,0.0,0.0,
white,1.5,0,238.0,40.98076954630015,40.99344580641233,0.0,0.0,
white,1.5,0,239.0,41.02970945661669,41.04209510529703,0.0,0.0,
white,1.5,0,240.0,41.078114201927704,41.09021607484239,0.0,0.0,0.0
white,1.5,0,241.0,41.12598962901338,41.137814394954546,0.0,0.0,
white,1.5,0,242.0,41.17334152092724,41.18489568610406,0.0,0.0,
white,1.5,0,243.0,41.220175597686016,41.2314655098976,0.0,0.0,
white,1.5,0,244.0,41.2664975169522,41.27752936964595,0.0,0.0,
white,1.5,0,245.0,41.312312874709725,41.32309271092805,0.0,0.0,0.0
white,1.5,0,246.0,41.3576272059318,41.368160922151425,0.0,0.0,
white,1.5,0,247.0,41.40244598524219,41.4127393351085,0.0,0.0,
white,1.5,0,248.0,41.44677462756965,41.456833225529074,0.0,0.0,
white,1.5,0,249.0,41.49061848879453,41.500447813628895,0.0,0.0,
white,1.5,0,250.0,41.53398286638932,41.54358826465415,0.0,0.0,0.0
white,1.5,0,251.0,41.576873000052196,41.58625968942202,0.0,0.0,
white,1.5,0,252.0,41.61929407233354,41.62846714485717,0.0,0.0,
white,1.5,0,253.0,41.66125120925572,41.67021563452416,0.0,0.0,
white,1.5,0,254.0,41.702749480927004,41.71151010915587,0.0,0.0,
white,1.5,0,255.0,41.74379390214782,41.75235546717775,0.0,0.0,0.0
white,1.5,0,256.0,41.784389433011484,41.79275655522801,0.0,0.0,
white,1.5,0,257.0,41.82454097949798,41.83271816867374,0.0,0.0,
white,1.5,0,258.0,41.864253394061436,41.87224505212287,0.0,0.0,
white,1.5,0,259.0,41.90353147621163,41.91134189993196,0.0,0.0,
white,1.5,0,260.0,41.94237997308872,41.950013356710045,0.0,0.0,0.0
white,1.5,0,261.0,41.98080358003235,41.988264017818125,0.0,0.0,
white,1.5,0,262.0,42.01880694114451,42.02609842986469,0.0,0.0,
white,1.5,0,263.0,42.05639464984607,42.06352109119708,0.0,0.0,
white,1.5,0,264.0,42.09357124942772,42.100536452388674,0.0,0.0,
white,1.5,0,265.0,42.13034123359468,42.13714891672203,0.0,0.0,0.0
white,1.5,0,266.0,42.16670904700584,42.173362840667856,0.0,0.0,
white,1.5,0,267.0,42.20267908580696,42.20918253435991,0.0,0.0,
white,1.5,0,268.0,42.238255698158056,42.24461226206579,0.0,0.0,
white,1.5,0,269.0,42.27344318475548,42.279656242653644,0.0,0.0,
white,1.5,0,270.0,42.30824579934779,42.31431865005479,0.0,0.0,0.0
white,1.5,0,271.0,42.34266774924661,42.348603613722254,0.0,0.0,
white,1.5,0,272.0,42.3767131958317,42.382515219085356,0.0,0.0,
white,1.5,0,273.0,42.410386255050696,42.41605750800007,0.0,0.0,
white,1.5,0,274.0,42.443690997913436,42.44923447919557,0.0,0.0,
white,1.5,0,275.0,42.47663145098083,42.48205008871659,0.0,0.0,0.0
white,1.5,0,276.0,42.50921159684907,42.51450825036192,0.0,0.0,
white,1.5,0,277.0,42.5414353746273,42.546612836118854,0.0,0.0,
white,1.5,0,278.0,42.57330668041193,42.5783676765937,0.0,0.0,
white,1.5,0,279.0,42.60482936775402,42.609776561438366,0.0,0.0,
white,1.5,0,280.0,42.63600724812299,42.64084323977299,0.0,0.0,0.0
white,1.5,0,281.0,42.66684409136478,42.67157142060472,0.0,0.0,
white,1.5,0,282.0,42.69734362615486,42.70196477324256,0.0,0.0,
white,1.5,0,283.0,42.727509540446746,42.73202692770839,0.0,0.0,
white,1.5,0,284.0,42.75734548191531,42.76176147514418,0.0,0.0,
white,1.5,0,285.0,42.78685505839598,42.79117196821529,0.0,0.0,0.0
white,1.5,0,286.0,42.816041838317915,42.82026192151007,0.0,0.0,
white,1.5,0,287.0,42.844909351133865,42.84903481193564,0.0,0.0,
white,1.5,0,288.0,42.87346108774491,42.87749407910999,0.0,0.0,
white,1.5,0,289.0,42.90170050091985,42.90564312575021,0.0,0.0,
white,1.5,0,290.0,42.92963100571142,42.9334853180572,0.0,0.0,0.0
white,1.5,0,291.0,42.95725597986657,42.961023986096556,0.0,0.0,
white,1.5,0,292.0,42.98457876423378,42.98826242417591,0.0,0.0,
white,1.5,0,293.0,43.01160266316443,43.01520389121855,0.0,0.0,
white,1.5,0,294.0,43.038330944911216,43.04185161113351,0.0,0.0,
white,1.5,0,295.0,43.064766842021335,43.06820877318206,0.0,0.0,0.0
white,1.5,0,296.0,43.09091355172554,43.0942785323406,0.0,0.0,
white,1.5,0,297.0,43.116774236323586,43.12006400966011,0.0,0.0,
white,1.5,0,298.0,43.14235202356466,43.14556829262201,0.0,0.0,
white,1.5,0,299.0,43.16765000702417,43.1707944354906,0.0,0.0,
white,1.5,1,0.0,1.5086913308032393,10.670140447300653,1.222683030849176,0.6565344237340068,1.191657700127014
white,1.5,1,1.0,1.5070557901011488,10.65912470606334,1.1288041742910655,0.5607433493240472,
white,1.5,1,2.0,1.5053381186874508,10.64756992205261,1.1493321141925144,0.582586056861305,
white,1.5,1,3.0,1.5035986436401658,10.635891054311049,1.0684591430120223,0.5045893542849721,
white,1.5,1,4.0,1.5016954481350722,10.624106960552478,1.0998194629474838,0.5358311254023793,
white,1.5,1,5.0,1.4995594205257319,10.612015319326423,1.0658540725331063,0.5043938303329768,1.0615413416773745
white,1.5,1,6.0,1.4972350408775996,10.59917652281541,1.0921557320613282,0.5308782014485787,
white,1.5,1,7.0,1.4954044703141631,10.585959698799277,1.0741163032361327,0.5147687196011022,
white,1.5,1,8.0,1.494725774390774,10.57268574664728,1.0561168432812904,0.49891124725165936,
white,1.5,1,9.0,1.5176261332570424,10.559519202304196,0.9978370919417925,0.4464789653160814,
white,1.5,1,10.0,1.6474373569669418,10.546134085553135,0.9903697186176288,0.44093861414619845,1.0026313967058467
white,1.5,1,11.0,1.7504208957471115,10.53232559943972,0.9820758993703262,0.4347219388069222,
white,1.5,1,12.0,1.859114266029393,10.518804224040275,0.9291429580985888,0.39012370464817714,
white,1.5,1,13.0,1.9824053005698499,10.505906934642246,0.909311115958176,0.3745656143699614,
white,1.5,1,14.0,2.1126869973766884,10.493267379351416,0.9492978759399467,0.4092168839641277,
white,1.5,1,15.0,2.2592367392902166,10.482279046349074,0.7921629973165137,0.2855536233637752,0.8549077691565199
white,1.5,1,16.0,2.416807026814306,10.473136596294998,0.8485190262370077,0.32820080230655874,
white,1.5,1,17.0,2.5926418352198963,10.467655982103334,0.7644568610811293,0.2666717971230921,
white,1.5,1,18.0,2.7802412633586133,10.46561792896062,0.7605778148849006,0.2640751648713627,
white,1.5,1,19.0,2.990953704773573,10.468713182474287,0.6962451035468221,0.22116057456377988,
white,1.5,1,20.0,3.22435380987296,10.478412723206885,0.6582942984592688,0.19734184798934795,0.6890779974207889
white,1.5,1,21.0,3.4796460594838843,10.4961611990104,0.49590664065637063,0.11161148033640078,
white,1.5,1,22.0,3.7534932200295876,10.523175120590572,0.5223837119984259,0.12321275349984236,
white,1.5,1,23.0,4.047293601339946,10.561409630487807,0.33614711988958745,0.050650649511074314,
white,1.5,1,24.0,4.35959715736425,10.612270002485769,0.38487066035497197,0.06576321435937466,
white,1.5,1,25.0,4.686560934247416,10.676173967390241,0.37791129816256974,0.06264962448889402,0.464229769418968
white,1.5,1,26.0,5.027399179207901,10.753947687999398,0.21446983100119174,0.01988687685090478,
white,1.5,1,27.0,5.380134210811315,10.846144195326914,0.26324895871578,0.029454562780479584,
white,1.5,1,28.0,5.742651650947498,10.953245739228024,0.22000157248512386,0.020171393970430142,
white,1.5,1,29.0,6.113571835394119,11.075258397449582,0.13769688122797533,0.007728771663164935,
white,1.5,1,30.0,6.490491689022086,11.211656410639925,0.14264278851910608,0.008093382850581624,0.20858583574588663
white,1.5,1,31.0,6.8715427365649235,11.361761944376676,0.08589992426906226,0.002858012968707655,
white,1.5,1,32.0,7.255267455822121,11.524789587556054,0.07140970526971271,0.0019196341857174817,
white,1.5,1,33.0,7.640390393822975,11.699885945167606,0.02925417336274214,0.00031259527527973297,
white,1.5,1,34.0,8.025921236152293,11.88614521238822,0.002571831111461626,2.340845941193058e-06,
white,1.5,1,35.0,8.41102161813716,12.082622625494047,0.01627710802480981,9.074068907033828e-05,0.008797634684013046
white,1.5,1,36.0,8.794984784238522,12.288369565422691,0.007665545915103837,1.945663155771306e-05,
white,1.5,1,37.0,9.177294982034748,12.502480994026735,0.0007468427617668072,1.7841688423268676e-07,
white,1.5,1,38.0,9.557557836807545,12.724103990130455,0.0002680570746646128,2.2190655553144476e-08,
white,1.5,1,39.0,9.935474990133264,12.952444562185692,0.00014246318459707627,6.048836094571608e-09,
white,1.5,1,40.0,10.310810385815016,13.186763059884345,3.608319273949817e-05,3.7437213391671074e-10,1.3954863880078104e-05
white,1.5,1,41.0,10.683377720975917,13.426373501824338,3.50830067286798e-06,3.413863630946336e-12,
white,1.5,1,42.0,11.053029491645287,13.670641473229143,1.5475104736289181e-06,6.40706914827221e-13,
white,1.5,1,43.0,11.419649522792735,13.918981914601508,4.500454208667779e-06,5.227183636916025e-12,
white,1.5,1,44.0,11.783146549334154,14.17085621618341,7.43837479068446e-08,1.3776342621457727e-15,
white,1.5,1,45.0,12.143449311554827,14.425769226192793,9.691986249133326e-07,2.2569275721772023e-13,3.279178569179538e-07
white,1.5,1,46.0,12.500502745673561,14.683266271322621,2.572225960568293e-07,1.534415191262328e-14,
white,1.5,1,47.0,12.85426516349501,14.942930364758258,3.480369021641802e-08,2.7123707223805965e-16,
white,1.5,1,48.0,13.204705953770002,15.204379463078272,1.4399155068958665e-08,4.484423522876708e-17,
white,1.5,1,49.0,13.551803740079498,15.467263843502955,2.5190670894877138e-08,1.3262411068556682e-16,
white,1.5,1,50.0,13.895544872372348,15.731263603035815,7.670655130020906e-09,1.1887970052920778e-17,2.7723521831404545e-09
white,1.5,1,51.0,14.235922194467163,15.99608630233771,9.707339853139492e-09,1.8413781954631037e-17,
white,1.5,1,52.0,14.572934025759107,16.26146475601965,1.3687653125726889e-08,3.542490231563484e-17,
white,1.5,1,53.0,14.90658331609822,16.527154972332337,5.898798259382262e-09,6.369434741133015e-18,
white,1.5,1,54.0,15.236876940812996,16.792934240742188,1.981148627729568e-09,6.959065843132099e-19,
white,1.5,1,55.0,15.563825109722874,17.05859936320017,4.5258761240388957e-10,3.5195617649750906e-20,2.507975516571687e-10
white,1.5,1,56.0,15.887440869704735,17.32396502338009,1.0420938749264784e-10,1.8092104785278255e-21,
white,1.5,1,57.0,16.207739684255248,17.588862286772077,1.022862491830478e-10,1.6909431782437345e-21,
white,1.5,1,58.0,16.52473907672292,17.853137223815306,1.998755535376551e-11,6.267008404717108e-23,
white,1.5,1,59.0,16.83845832648642,18.1166496479698,3.2816368116224728e-12,1.6405718763321481e-24,
white,1.5,1,60.0,17.14891820932153,18.379271960532947,5.8918953567600064e-12,5.138347195258124e-24,5.140778073947064e-12
white,1.5,1,61.0,17.456140774797824,18.6408880941425,3.803274114931912e-12,2.0813832776752262e-24,
white,1.5,1,62.0,17.760149154832455,18.901392547186795,1.7399792223451125e-12,4.237117673855055e-25,
white,1.5,1,63.0,18.060967398557445,19.160689501707093,3.728416561834242e-12,1.8932004318208155e-24,
white,1.5,1,64.0,18.358620329489213,19.418692017799717,1.3143766874120925e-13,2.2907081016466155e-27,
white,1.5,1,65.0,18.65313342166841,19.675321297977217,1.280002323932791e-13,2.1161568491483623e-27,9.420495181799594e-14
white,1.5,1,66.0,18.94453269198674,19.930506015410923,1.4300993165627735e-13,2.5743390958143043e-27,
white,1.5,1,67.0,19.232844606372797,20.18418170043641,3.944371242683992e-14,1.909427960326144e-28,
white,1.5,1,68.0,19.518095997878245,20.436290180150134,9.027362215775814e-14,9.756355574456647e-28,
white,1.5,1,69.0,19.80031399501411,20.686779066353022,6.082727628303167e-15,4.322957760611145e-30,
white,1.5,1,70.0,20.07952595893937,20.93560128750068,3.8996830785780814e-14,1.7348333204781033e-28,3.373359313139886e-14
white,1.5,1,71.0,20.355759428317544,21.182714660698576,6.552578513121236e-15,4.784441390165437e-30,
white,1.5,1,72.0,20.629042070830398,21.428081500132347,9.372153171765038e-16,9.564938475804768e-32,
white,1.5,1,73.0,20.899401640488083,21.67166825864883,2.363312876756814e-15,5.946039073103377e-31,
white,1.5,1,74.0,21.16686593999683,21.913445199502586,6.718981714407122e-15,4.700624918985704e-30,
white,1.5,1,75.0,21.431462787550434,22.15338609555721,1.391314577717775e-16,1.9721522630525296e-33,6.883891114667882e-17
white,1.5,1,76.0,21.693219987499923,22.391467953481094,5.96628558650665e-16,3.549874073494553e-32,
white,1.5,1,77.0,21.95216530443033,22.62767076070603,4.019481771547722e-16,1.5777218104420236e-32,
white,1.5,1,78.0,22.20832644023651,22.86197725312452,1.0152757413950172e-16,9.860761315262648e-34,
white,1.5,1,79.0,22.461731013844453,23.094372701690556,0.0,0.0,
white,1.5,1,80.0,22.712406543270887,23.324844716259605,0.0,0.0,0.0
white,1.5,1,81.0,22.960380429752174,23.553383065158524,1.4792395650838214e-16,1.9721522630525296e-33,
white,1.5,1,82.0,23.205679943709484,23.779979509116522,0.0,0.0,
white,1.5,1,83.0,23.44833221234442,24.00462764831523,0.0,0.0,
white,1.5,1,84.0,23.688364208686185,24.227322781430637,0.0,0.0,
white,1.5,1,85.0,23.925802741930998,24.448061775643673,0.0,0.0,0.0
white,1.5,1,86.0,24.160674448936483,24.66684294668985,0.0,0.0,
white,1.5,1,87.0,24.39300578674677,24.88366594810335,0.0,0.0,
white,1.5,1,88.0,24.62282302604042,25.098531668887592,0.0,0.0,
white,1.5,1,89.0,24.850152245405347,25.311442138913765,0.0,0.0,
white,1.5,1,90.0,25.07501932635536,25.52240044141142,0.0,0.0,0.0
white,1.5,1,91.0,25.297449949012535,25.73141063197202,0.0,0.0,
white,1.5,1,92.0,25.517469588388384,25.938477663537835,0.0,0.0,
white,1.5,1,93.0,25.735103511203754,26.143607316894936,0.0,0.0,
white,1.5,1,94.0,25.950376773193717,26.346806136231212,0.0,0.0,
white,1.5,1,95.0,26.163314216849987,26.54808136935859,0.0,0.0,0.0
white,1.5,1,96.0,26.373940469557517,26.74744091223321,0.0,0.0,
white,1.5,1,97.0,26.58227994208732,26.944893257438675,0.0,0.0,
white,1.5,1,98.0,26.788356827411125,27.140447446326164,0.0,0.0,
white,1.5,1,99.0,26.992195099806178,27.33411302453087,0.0,0.0,
white,1.5,1,100.0,27.193818514223334,27.525900000607972,0.0,0.0,0.0
white,1.5,1,101.0,27.393250605892312,27.715818807552644,0.0,0.0,
white,1.5,1,102.0,27.590514690142736,27.903880266988043,0.0,0.0,
white,1.5,1,103.0,27.785633862418877,28.09009555582309,0.0,0.0,
white,1.5,1,104.0,27.97863099847119,28.274476175197826,0.0,0.0,
white,1.5,1,105.0,28.16952875470713,28.457033921549037,0.0,0.0,0.0
white,1.5,1,106.0,28.35834956868581,28.637780859642103,0.0,0.0,
white,1.5,1,107.0,28.545115659743672,28.816729297427422,0.0,0.0,
white,1.5,1,108.0,28.72984902973789,28.99389176259088,0.0,0.0,
white,1.5,1,109.0,28.912571463896644,29.169280980678124,0.0,0.0,
white,1.5,1,110.0,29.093304531765586,29.342909854681682,0.0,0.0,0.0
white,1.5,1,111.0,29.272069588241724,29.514791445988656,0.0,0.0,
white,1.5,1,112.0,29.44888777468546,29.684938956594472,0.0,0.0,
white,1.5,1,113.0,29.623780020103254,29.853365712495354,0.0,0.0,
white,1.5,1,114.0,29.79676704239453,30.020085148178854,0.0,0.0,
white,1.5,1,115.0,29.967869349654944,30.185110792137806,0.0,0.0,0.0
white,1.5,1,116.0,30.137107241531528,30.348456253338497,0.0,0.0,
white,1.5,1,117.0,30.304500810622987,30.51013520857918,0.0,0.0,
white,1.5,1,118.0,30.47006994392166,30.67016139067952,0.0,0.0,
white,1.5,1,119.0,30.633834324290984,30.82854857744605,0.0,0.0,
white,1.5,1,120.0,30.795813431975805,30.985310581362537,0.0,0.0,0.0
white,1.5,1,121.0,30.956026546140603,31.14046123995798,0.0,0.0,
white,1.5,1,122.0,31.114492746432994,31.29401440680817,0.0,0.0,
white,1.5,1,123.0,31.271230914568598,31.445983943129967,0.0,0.0,
white,1.5,1,124.0,31.426259735935005,31.59638370993027,0.0,0.0,
white,1.5,1,125.0,31.579597701211558,31.745227560674273,0.0,0.0,0.0
white,1.5,1,126.0,31.731263108003077,31.892529334440166,0.0,0.0,
white,1.5,1,127.0,31.881274062484504,32.038302849529515,0.0,0.0,
white,1.5,1,128.0,32.029648481055254,32.1825618975048,0.0,0.0,
white,1.5,1,129.0,32.17640409200081,32.325320237627515,0.0,0.0,
white,1.5,1,130.0,32.3215584371597,32.46659159167188,0.0,0.0,0.0
white,1.5,1,131.0,32.46512887359486,32.60638963909104,0.0,0.0,
white,1.5,1,132.0,32.60713257526717,32.74472801251416,0.0,0.0,
white,1.5,1,133.0,32.747586534710415,32.881620293554,0.0,0.0,
white,1.5,1,134.0,32.886507564706015,33.017080008906355,0.0,0.0,
white,1.5,1,135.0,33.023912299956415,33.15112062672339,0.0,0.0,0.0
white,1.5,1,136.0,33.15981719875662,33.28375555324456,0.0,0.0,
white,1.5,1,137.0,33.29423854466181,33.41499812966955,0.0,0.0,
white,1.5,1,138.0,33.42719244815118,33.54486162925875,0.0,0.0,
white,1.5,1,139.0,33.558694848287246,33.673359254647735,0.0,0.0,
white,1.5,1,140.0,33.68876151436821,33.80050413536306,0.0,0.0,0.0
white,1.5,1,141.0,33.817408047575285,33.926309325527335,0.0,0.0,
white,1.5,1,142.0,33.944649882612275,34.05078780174255,0.0,0.0,
white,1.5,1,143.0,34.070502289337426,34.173952461141084,0.0,0.0,
white,1.5,1,144.0,34.194980374387605,34.2958161195946,0.0,0.0,
white,1.5,1,145.0,34.31809908279374,34.41639151007151,0.0,0.0,0.0
white,1.5,1,146.0,34.43987319958694,34.53569128113447,0.0,0.0,
white,1.5,1,147.0,34.5603173513955,34.65372799556958,0.0,0.0,
white,1.5,1,148.0,34.679446008032144,34.77051412913977,0.0,0.0,
white,1.5,1,149.0,34.79727348407067,34.88606206945508,0.0,0.0,
white,1.5,1,150.0,34.913813940412766,35.00038411495313,0.0,0.0,0.0
white,1.5,1,151.0,35.02908138584375,35.11349247398325,0.0,0.0,
white,1.5,1,152.0,35.143089678577766,35.2253992639885,0.0,0.0,
white,1.5,1,153.0,35.25585252779114,35.33611651077968,0.0,0.0,
white,1.5,1,154.0,35.367383495145134,35.44565614789618,0.0,0.0,
white,1.5,1,155.0,35.47769599629709,35.55403001604857,0.0,0.0,0.0
white,1.5,1,156.0,35.58680330239904,35.66124986263825,0.0,0.0,
white,1.5,1,157.0,35.694718541586084,35.767327341349635,0.0,0.0,
white,1.5,1,158.0,35.801454700451245,35.872274011810724,0.0,0.0,
white,1.5,1,159.0,35.9070246255096,35.97610133931808,0.0,0.0,
white,1.5,1,160.0,36.01144102464935,36.07882069462247,0.0,0.0,0.0
white,1.5,1,161.0,36.11471646857142,36.180443353771636,0.0,0.0,
white,1.5,1,162.0,36.216863392216496,36.28098049800686,0.0,0.0,
white,1.5,1,163.0,36.31789409617972,36.38044321371015,0.0,0.0,
white,1.5,1,164.0,36.417820748113456,36.47884249239915,0.0,0.0,
white,1.5,1,165.0,36.51665538411729,36.57618923076687,0.0,0.0,0.0
white,1.5,1,166.0,36.614409910115896,36.67249423076363,0.0,0.0,
white,1.5,1,167.0,36.711096103224584,36.76776819971873,0.0,0.0,
white,1.5,1,168.0,36.80672561310235,36.86202175049939,0.0,0.0,
white,1.5,1,169.0,36.90130996329257,36.95526540170483,0.0,0.0,
white,1.5,1,170.0,36.99486055255168,37.047509577893265,0.0,0.0,0.0
white,1.5,1,171.0,37.087388656164926,37.13876460983988,0.0,0.0,
white,1.5,1,172.0,37.178905427250506,37.2290407348238,0.0,0.0,
white,1.5,1,173.0,37.26942189805088,37.318348096942394,0.0,0.0,
white,1.5,1,174.0,37.358948981212336,37.40669674745109,0.0,0.0,
white,1.5,1,175.0,37.44749747105201,37.49409664512709,0.0,0.0,0.0
white,1.5,1,176.0,37.535078044812906,37.58055765665555,0.0,0.0,
white,1.5,1,177.0,37.62170126390697,37.66608955703677,0.0,0.0,
white,1.5,1,178.0,37.707377575145884,37.75070203001285,0.0,0.0,
white,1.5,1,179.0,37.79211731196008,37.8344046685128,0.0,0.0,
white,1.5,1,180.0,37.875930695605874,37.91720697511466,0.0,0.0,0.0
white,1.5,1,181.0,37.95882783636068,37.9991183625235,0.0,0.0,
white,1.5,1,182.0,38.04081873470618,38.08014815406434,0.0,0.0,
white,1.5,1,183.0,38.121913282500515,38.16030558418874,0.0,0.0,
white,1.5,1,184.0,38.20212126413797,38.23959979899422,0.0,0.0,
white,1.5,1,185.0,38.281452357697916,38.31803985675551,0.0,0.0,0.0
white,1.5,1,186.0,38.35991613608138,38.39563472846675,0.0,0.0,
white,1.5,1,187.0,38.43752206813731,38.472393298393854,0.0,0.0,
white,1.5,1,188.0,38.51427951977625,38.54832436463605,0.0,0.0,
white,1.5,1,189.0,38.59019775507409,38.62343663969616,0.0,0.0,
white,1.5,1,190.0,38.665285937363436,38.69773875105855,0.0,0.0,0.0
white,1.5,1,191.0,38.73955313031459,38.77123924177437,0.0,0.0,
white,1.5,1,192.0,38.81300829900571,38.84394657105318,0.0,0.0,
white,1.5,1,193.0,38.88566031098128,38.91586911486061,0.0,0.0,
white,1.5,1,194.0,38.95751793730055,38.9870151665212,0.0,0.0,
white,1.5,1,195.0,39.028589853574594,39.057392937326156,0.0,0.0,0.0
white,1.5,1,196.0,39.09888464099318,39.1270105571452,0.0,0.0,
white,1.5,1,197.0,39.168410787340996,39.19587607504233,0.0,0.0,
white,1.5,1,198.0,39.23717668800303,39.263997459894746,0.0,0.0,
white,1.5,1,199.0,39.30519064695999,39.33138260101468,0.0,0.0,
white,1.5,1,200.0,39.37246087777336,39.398039308773676,0.0,0.0,0.0
white,1.5,1,201.0,39.43899550455967,39.46397531522877,0.0,0.0,
white,1.5,1,202.0,39.50480256295566,39.52919827475051,0.0,0.0,
white,1.5,1,203.0,39.5698900010727,39.593715764652096,0.0,0.0,
white,1.5,1,204.0,39.63426568044113,39.65753528581955,0.0,0.0,
white,1.5,1,205.0,39.69793737694508,39.72066426334254,0.0,0.0,0.0
white,1.5,1,206.0,39.76091278174787,39.78311004714546,0.0,0.0,
white,1.5,1,207.0,39.82319950220685,39.84487991261864,0.0,0.0,
white,1.5,1,208.0,39.884805062779186,39.905981061249236,0.0,0.0,
white,1.5,1,209.0,39.945736905918146,39.966420621251714,0.0,0.0,
white,1.5,1,210.0,40.00600239295992,40.02620564819755,0.0,0.0,0.0
white,1.5,1,211.0,40.06560880500099,40.08534312564402,0.0,0.0,
white,1.5,1,212.0,40.12456334376627,40.14383996576174,0.0,0.0,
white,1.5,1,213.0,40.1828731324681,40.20170300996093,0.0,0.0,
white,1.5,1,214.0,40.24054521665656,40.258939029515986,0.0,0.0,
white,1.5,1,215.0,40.297586565060094,40.315554726188424,0.0,0.0,0.0
white,1.5,1,216.0,40.35400407041758,40.37155673284776,0.0,0.0,
white,1.5,1,217.0,40.40980455030202,40.42695161409042,0.0,0.0,
white,1.5,1,218.0,40.46499474793468,40.481745866856336,0.0,0.0,
white,1.5,1,219.0,40.519581332991194,40.53594592104317,0.0,0.0,
white,1.5,1,220.0,40.57357090239871,40.58955814011802,0.0,0.0,0.0
white,1.5,1,221.0,40.62696998112525,40.642588821726484,0.0,0.0,
white,1.5,1,222.0,40.67978502295949,40.69504419829892,0.0,0.0,
white,1.5,1,223.0,40.732022411283694,40.746930437653894,0.0,0.0,
white,1.5,1,224.0,40.783688459837,40.798253643598535,0.0,0.0,
white,1.5,1,225.0,40.83478941347162,40.84901985652591,0.0,0.0,0.0
white,1.5,1,226.0,40.88533144890061,40.899235054009175,0.0,0.0,
white,1.5,1,227.0,40.935320675437374,40.94890515139244,0.0,0.0,
white,1.5,1,228.0,40.98476313572777,40.998036002378306,0.0,0.0,
white,1.5,1,229.0,41.033664806473986,41.04663339961203,0.0,0.0,
white,1.5,1,230.0,41.08203159915103,41.09470307526211,0.0,0.0,0.0
white,1.5,1,231.0,41.12986936071506,41.1422507015974,0.0,0.0,
white,1.5,1,232.0,41.177183874304745,41.18928189156057,0.0,0.0,
white,1.5,1,233.0,41.22398085993451,41.23580219933788,0.0,0.0,
white,1.5,1,234.0,41.270265975181026,41.281817120925275,0.0,0.0,
white,1.5,1,235.0,41.316044815861495,41.32733209469071,0.0,0.0,0.0
white,1.5,1,236.0,41.361322916705404,41.372352501932596,0.0,0.0,
white,1.5,1,237.0,41.40610575201867,41.41688366743449,0.0,0.0,
white,1.5,1,238.0,41.4503987363407,41.46093086001586,0.0,0.0,
white,1.5,1,239.0,41.4942072250947,41.50449929307888,0.0,0.0,
white,1.5,1,240.0,41.537536515230265,41.54759412515136,0.0,0.0,0.0
white,1.5,1,241.0,41.580391845860134,41.59022046042568,0.0,0.0,
white,1.5,1,242.0,41.622778398888876,41.63238334929365,0.0,0.0,
white,1.5,1,243.0,41.66470129963587,41.674087788877465,0.0,0.0,
white,1.5,1,244.0,41.706165617450935,41.71533872355654,0.0,0.0,
white,1.5,1,245.0,41.747176366323494,41.75614104549037,0.0,0.0,0.0
white,1.5,1,246.0,41.78773850548546,41.79649959513719,0.0,0.0,
white,1.5,1,247.0,41.827856940006725,41.83641916176874,0.0,0.0,
white,1.5,1,248.0,41.8675365213859,41.87590448398077,0.0,0.0,
white,1.5,1,249.0,41.90678204813243,41.914960250199606,0.0,0.0,
white,1.5,1,250.0,41.94559826634463,41.95359109918449,0.0,0.0,0.0
white,1.5,1,251.0,41.98398987027997,41.99180162052591,0.0,0.0,
white,1.5,1,252.0,42.02196150292001,42.029596355139795,0.0,0.0,
white,1.5,1,253.0,42.05951775652861,42.066979795757604,0.0,0.0,
white,1.5,1,254.0,42.09666317320471,42.10395638741232,0.0,0.0,
white,1.5,1,255.0,42.133402245428925,42.14053052792039,0.0,0.0,0.0
white,1.5,1,256.0,42.169739416603875,42.1767065683595,0.0,0.0,
white,1.5,1,257.0,42.205679081589295,42.21248881354236,0.0,0.0,
white,1.5,1,258.0,42.24122558723086,42.247881522486296,0.0,0.0,
white,1.5,1,259.0,42.276383232883404,42.28288890887894,0.0,0.0,
white,1.5,1,260.0,42.31115627092871,42.31751514153966,0.0,0.0,0.0
white,1.5,1,261.0,42.34554890728754,42.35176434487716,0.0,0.0,
white,1.5,1,262.0,42.3795653019258,42.38564059934287,0.0,0.0,
white,1.5,1,263.0,42.413209569355914,42.41914794188043,0.0,0.0,
white,1.5,1,264.0,42.44648577913203,42.4522903663711,0.0,0.0,
white,1.5,1,265.0,42.479397956340456,42.48507182407525,0.0,0.0,0.0
white,1.5,1,266.0,42.51195008208454,42.51749622406979,0.0,0.0,
white,1.5,1,267.0,42.54414609396397,42.54956743368174,0.0,0.0,
white,1.5,1,268.0,42.575989886549706,42.581289278917744,0.0,0.0,
white,1.5,1,269.0,42.60748531185277,42.612665544889815,0.0,0.0,
white,1.5,1,270.0,42.6386361797887,42.643699976237016,0.0,0.0,0.0
white,1.5,1,271.0,42.6694462586366,42.67439627754335,0.0,0.0,
white,1.5,1,272.0,42.69991927549338,42.704758113751794,0.0,0.0,
white,1.5,1,273.0,42.73005891672297,42.73478911057443,0.0,0.0,
white,1.5,1,274.0,42.759868828400606,42.764492854898826,0.0,0.0,
white,1.5,1,275.0,42.78935261675245,42.79387289519053,0.0,0.0,0.0
white,1.5,1,276.0,42.818513848590364,42.82293274189187,0.0,0.0,
white,1.5,1,277.0,42.84735605174206,42.85167586781696,0.0,0.0,
white,1.5,1,278.0,42.875882715476045,42.880105708542935,0.0,0.0,
white,1.5,1,279.0,42.90409729092301,42.90822566279756,0.0,0.0,
white,1.5,1,280.0,42.93200319149148,42.93603909284308,0.0,0.0,0.0
white,1.5,1,281.0,42.95960379327971,42.96354932485643,0.0,0.0,
white,1.5,1,282.0,42.98690243548291,42.990759649305815,0.0,0.0,
white,1.5,1,283.0,43.01390242079603,43.017673321323656,0.0,0.0,
white,1.5,1,284.0,43.040607015811794,43.044293561075975,0.0,0.0,
white,1.5,1,285.0,43.06701945141528,43.07062355412817,0.0,0.0,0.0
white,1.5,1,286.0,43.09314292317336,43.09666645180728,0.0,0.0,
white,1.5,1,287.0,43.118980591720316,43.12242537156073,0.0,0.0,
white,1.5,1,288.0,43.1445355831391,43.147903397311595,0.0,0.0,
white,1.5,1,289.0,43.169810989338686,43.173103579810345,0.0,0.0,
white,1.5,1,290.0,43.19480986842704,43.19802893698324,0.0,0.0,0.0
white,1.5,1,291.0,43.21953524508018,43.222682454277226,0.0,0.0,
white,1.5,1,292.0,43.24399011090717,43.247067085001476,0.0,0.0,
white,1.5,1,293.0,43.26817742481129,43.2711857506656,0.0,0.0,
white,1.5,1,294.0,43.29210011334691,43.29504134131446,0.0,0.0,
white,1.5,1,295.0,43.315761071072984,43.318636715859704,0.0,0.0,0.0
white,1.5,1,296.0,43.33916316090209,43.34197470240803,0.0,0.0,
white,1.5,1,297.0,43.36230921444647,43.365058098586175,0.0,0.0,
white,1.5,1,298.0,43.385202032359445,43.387889671862624,0.0,0.0,
white,1.5,1,299.0,43.40784438467379,43.41047215986624,0.0,0.0,
white,2.0,0,0.0,1.9719319353218985,14.140576090978133,1.4894905286898823,0.5547678567548993,1.6004664732074145
white,2.0,0,1.0,1.9698418665064612,14.1259649776047,1.4450709835265938,0.5232534678510851,
white,2.0,0,2.0,1.96764065327964,14.110784357632731,1.4995802511877847,0.5646861279490077,
white,2.0,0,3.0,1.9652514617277037,14.094932207621694,1.3949617572828008,0.48974343707790907,
white,2.0,0,4.0,1.9627471719496463,14.07838171887021,1.4368325944226272,0.5208070736673424,
white,2.0,0,5.0,1.9602203247326613,14.06145180855978,1.4807032098302837,0.554428714059673,1.6275163240206452
white,2.0,0,6.0,1.957531987798946,14.043213432806603,1.4638120671414074,0.5432599101733087,
white,2.0,0,7.0,1.9642640189334772,14.021413272153387,1.406508163855297,0.5031192552455721,
white,2.0,0,8.0,2.019471121444473,13.995404631111633,1.290076515017248,0.4248445236883549,
white,2.0,0,9.0,2.0814857759601,13.967801223731973,1.2090237153503776,0.3746136103278225,
white,2.0,0,10.0,2.1652778753611424,13.937752582422133,1.3334553054471183,0.4576583916216206,1.3633700470530974
white,2.0,0,11.0,2.2775901909183895,13.905745078183873,1.046568794594739,0.283215514179532,
white,2.0,0,12.0,2.414775813578476,13.871861295557943,1.1067531168722655,0.3182746406591207,
white,2.0,0,13.0,2.5783978688693443,13.836365823447924,0.9801746902584755,0.2509186259941895,
white,2.0,0,14.0,2.7632396141085476,13.80129226283094,0.9665089223110506,0.24521229039563297,
white,2.0,0,15.0,2.97035307314585,13.766820119085478,0.893084061859526,0.21042018908295837,0.9099909765168811
white,2.0,0,16.0,3.2055766724671604,13.733589998347437,0.7776174834751984,0.16030013256460812,
white,2.0,0,17.0,3.462630709560421,13.704370664875677,0.7690606038331056,0.15746097650120452,
white,2.0,0,18.0,3.741114055862007,13.680302705834213,0.5287838479218303,0.0747024682600057,
white,2.0,0,19.0,4.038529293400687,13.662760774074295,0.629638687942316,0.10618810888084643,
white,2.0,0,20.0,4.358793340026783,13.654206902450344,0.5570139329135964,0.08320878155812862,0.5667914342817941
white,2.0,0,21.0,4.695821144904632,13.65596068078779,0.38125763300228865,0.03897288747480139,
white,2.0,0,22.0,5.046442225951479,13.669190945321203,0.39408453606235017,0.04155881644026024,
white,2.0,0,23.0,5.409556847294023,13.695007634876704,0.41048640214423143,0.044920336121238975,
white,2.0,0,24.0,5.7820747878264225,13.73397232102216,0.362661481998688,0.03486426649956773,
white,2.0,0,25.0,6.160108032236696,13.78580735707919,0.2628340373531922,0.018174765081140885,0.3926410410429639
white,2.0,0,26.0,6.542013332670978,13.850277380293557,0.1963630700199064,0.010050153360098646,
white,2.0,0,27.0,6.926830290766009,13.92721748859744,0.2647421185285145,0.01806705509006779,
white,2.0,0,28.0,7.313682846095776,14.01627888214293,0.2803211063923198,0.01999936199687268,
white,2.0,0,29.0,7.701328732313566,14.117018757473664,0.20453584049790016,0.010495976757491768,
white,2.0,0,30.0,8.088803294314788,14.228875027807039,0.2559985306776332,0.016184668918275056,0.22071651534920952
white,2.0,0,31.0,8.475429836722874,14.35131354735222,0.07709635935143302,0.0014429604869830414,
white,2.0,0,32.0,8.860531486410395,14.483766362736846,0.027889580991545947,0.00018539198829995265,
white,2.0,0,33.0,9.243709083575839,14.625650436649492,0.003558932486484696,2.9605958408608458e-06,
white,2.0,0,34.0,9.624838115082463,14.776402474407812,0.004955922288054431,5.624469374041378e-06,
white,2.0,0,35.0,10.003624188112216,14.935475334039024,0.002497448954003121,1.3980578652240798e-06,0.0017374452164785263
white,2.0,0,36.0,10.379587049204149,15.102270952939525,0.0001725944343063324,6.53038915732889e-09,
white,2.0,0,37.0,10.752765810326053,15.276248323888563,0.0002996404939240097,1.9237011029758655e-08,
white,2.0,0,38.0,11.122938049777765,15.456842778022954,0.0003314739207907184,2.2994668662674322e-08,
white,2.0,0,39.0,11.489965207605145,15.643508021044145,0.00010929340835821673,2.440560879688078e-09,
white,2.0,0,40.0,11.853754789535975,15.8357225369999,4.5098923747714464e-05,4.0553336624587617e-10,2.0223902154872334e-05
white,2.0,0,41.0,12.214243682360388,16.032992082006892,4.665890565641832e-06,4.234576132148497e-12,
white,2.0,0,42.0,12.571387342256136,16.23484940150095,2.6563931538141153e-06,1.3386226840051293e-12,
white,2.0,0,43.0,12.92515497001934,16.44085388144091,8.122426994546923e-06,1.2203738647203396e-11,
white,2.0,0,44.0,13.275526379246951,16.650590870000514,4.499647810940997e-06,3.651470113826793e-12,
white,2.0,0,45.0,13.622489365448827,16.86367059093658,3.30577884863225e-07,1.921380492277512e-14,1.267242804382058e-07
white,2.0,0,46.0,13.96603846417106,17.079727333933942,3.0882174570167544e-07,1.6346466364180657e-14,
white,2.0,0,47.0,14.306173641210743,17.29841838080592,3.513712515035016e-08,2.0629545588900182e-16,
white,2.0,0,48.0,14.642899441099264,17.519422996752436,1.3928089910135713e-08,3.1601924449528987e-17,
white,2.0,0,49.0,14.97622426015548,17.742441374415613,3.5396814227840014e-08,1.9900848781457984e-16,
white,2.0,0,50.0,15.306159748544648,17.967193567925865,1.5043893009210353e-08,3.5053386644215215e-17,2.1273535091878685e-09
white,2.0,0,51.0,15.632720306146217,18.19341842588658,4.8781937771293395e-08,3.594673783734438e-16,
white,2.0,0,52.0,15.955922664508925,18.42087254224917,5.154010713187522e-09,3.91417503861964e-18,
white,2.0,0,53.0,16.275785534774272,18.649329231529013,4.3991885940683954e-10,2.7822024820949435e-20,
white,2.0,0,54.0,16.59232930846333,18.878577534526162,9.716310994125709e-10,1.3244460807139878e-19,
white,2.0,0,55.0,16.905575803270146,19.108421260724295,1.1368531627254029e-10,1.769820163967954e-21,2.081002574091425e-11
white,2.0,0,56.0,17.215548045790754,19.338678070648086,3.862036677080632e-10,1.9941105193823798e-20,
white,2.0,0,57.0,17.522270085222452,19.569178600598725,3.3829937985918605e-11,1.4942635884418506e-22,
white,2.0,0,58.0,17.825766833112933,19.7997656310839,6.596569922893927e-11,5.549913901331208e-22,
white,2.0,0,59.0,18.126063925090932,20.03029329938383,2.069624717460174e-11,5.338000278354864e-23,
white,2.0,0,60.0,18.423187601236812,20.260626356035765,7.376111077976638e-12,6.627033498810726e-24,4.4132150992500716e-12
white,2.0,0,61.0,18.717164602296894,20.490639464478928,2.399644699878907e-12,6.857295534301773e-25,
white,2.0,0,62.0,19.00802207943251,20.72021654272449,6.355217185550061e-13,4.7037281991792306e-26,
white,2.0,0,63.0,19.295787515555983,20.94925014561362,2.046165268023882e-13,4.769956917869447e-27,
white,2.0,0,64.0,19.580488656624272,21.17764088602732,2.2712530919736764e-13,5.751033643408874e-27,
white,2.0,0,65.0,19.862153451514278,21.405296893276752,1.414532861931741e-13,2.18350190462708e-27,7.231202753824697e-14
white,2.0,0,66.0,20.140809999316296,21.63213330682369,3.052071953843474e-14,9.953156648786659e-29,
white,2.0,0,67.0,20.416486503057822,21.85807180344536,7.277629527027837e-13,5.542761545440817e-26,
white,2.0,0,68.0,20.68921122901536,22.083040155957395,5.3663490062698865e-14,2.9526373429130403e-28,
white,2.0,0,69.0,20.95901247089643,22.306971821634004,5.093324175057713e-14,2.6067021144509964e-28,
white,2.0,0,70.0,21.225918518274554,22.529805558509644,1.2923041519341847e-14,1.6450708102252676e-29,6.132521282865453e-15
white,2.0,0,71.0,21.489957628748574,22.751485067806392,1.9426690561128638e-14,3.645424850639448e-29,
white,2.0,0,72.0,21.751158003370183,22.971958660801075,3.585103730959161e-15,1.217804022434937e-30,
white,2.0,0,73.0,22.009547764945054,23.19117894852272,2.277442798085304e-15,4.821912283163434e-31,
white,2.0,0,74.0,22.265154938866754,23.409102552751957,1.03957298559507e-16,9.860761315262648e-34,
white,2.0,0,75.0,22.518007436186767,23.62568983687631,1.1588697713822021e-15,1.203012880462043e-31,7.042972609711033e-16
white,2.0,0,76.0,22.768133038662832,23.840904655238415,0.0,0.0,
white,2.0,0,77.0,23.01555938556016,24.05471411969599,0.0,0.0,
white,2.0,0,78.0,23.260313962009214,24.26708838219252,1.0776752105009509e-16,9.860761315262648e-34,
white,2.0,0,79.0,23.502424088747386,24.47800043221474,0.0,0.0,
white,2.0,0,80.0,23.74191691309321,24.687425908087427,0.0,0.0,0.0
white,2.0,0,81.0,23.978819401019926,24.89534292112676,0.0,0.0,
white,2.0,0,82.0,24.213158330210742,25.101731891740712,1.1147408281671249e-16,9.860761315262648e-34,
white,2.0,0,83.0,24.44496028399281,25.30657539662852,0.0,0.0,
white,2.0,0,84.0,24.674251646056934,25.509858026291,0.0,0.0,
white,2.0,0,85.0,24.901058595883253,25.711566252119635,0.0,0.0,0.0
white,2.0,0,86.0,25.12540710479907,25.91168830238499,0.0,0.0,
white,2.0,0,87.0,25.347322932605838,26.11021404649397,0.0,0.0,
white,2.0,0,88.0,25.566831624717487,26.307134886931312,0.0,0.0,
white,2.0,0,89.0,25.783958509759145,26.502443658343356,0.0,0.0,
white,2.0,0,90.0,25.998728697580862,26.6961345332616,0.0,0.0,0.0
white,2.0,0,91.0,26.2111670776452,26.88820293400055,0.0,0.0,
white,2.0,0,92.0,26.42129831775238,27.078645450298332,0.0,0.0,
white,2.0,0,93.0,26.629146863070027,27.267459762300298,0.0,0.0,
white,2.0,0,94.0,26.834736935438386,27.45464456851514,0.0,0.0,
white,2.0,0,95.0,27.038092532923827,27.6401995184001,0.0,0.0,0.0
white,2.0,0,96.0,27.239237429597196,27.824125149257117,0.0,0.0,
white,2.0,0,97.0,27.43819517551582,28.006422827144878,0.0,0.0,
white,2.0,0,98.0,27.63498909688873,28.187094691533282,0.0,0.0,
white,2.0,0,99.0,27.829642296408686,28.3661436034467,0.0,0.0,
white,2.0,0,100.0,28.02217765373391,28.54357309686077,0.0,0.0,0.0
white,2.0,0,101.0,28.212617826106264,28.71938733313449,0.0,0.0,
white,2.0,0,102.0,28.400985249091992,28.89359105827506,0.0,0.0,
white,2.0,0,103.0,28.587302137433525,29.066189562847423,0.0,0.0,
white,2.0,0,104.0,28.771590486001664,29.23718864435394,0.0,0.0,
white,2.0,0,105.0,28.953872070837747,29.40659457192198,0.0,0.0,0.0
white,2.0,0,106.0,29.13416845027797,29.57441405314877,0.0,0.0,
white,2.0,0,107.0,29.312500966150633,29.740654202963405,0.0,0.0,
white,2.0,0,108.0,29.488890745039665,29.905322514375715,0.0,0.0,
white,2.0,0,109.0,29.66335869960729,30.06842683099097,0.0,0.0,
white,2.0,0,110.0,29.835925529969902,30.229975321177527,0.0,0.0,0.0
white,2.0,0,111.0,30.00661172512139,30.38997645378257,0.0,0.0,
white,2.0,0,112.0,30.175437564398813,30.5484389752982,0.0,0.0,
white,2.0,0,113.0,30.342423118985753,30.7053718883868,0.0,0.0,
white,2.0,0,114.0,30.50758825344895,30.860784431680848,0.0,0.0,
white,2.0,0,115.0,30.670952627304516,31.014686060778075,0.0,0.0,0.0
white,2.0,0,116.0,30.8325356966097,31.167086430358186,0.0,0.0,
white,2.0,0,117.0,30.99235671557746,31.317995377352304,0.0,0.0,
white,2.0,0,118.0,31.150434738210166,31.46742290510085,0.0,0.0,
white,2.0,0,119.0,31.30678861995032,31.615379168439937,0.0,0.0,
white,2.0,0,120.0,31.46143701934519,31.761874459660106,0.0,0.0,0.0
white,2.0,0,121.0,31.61439839972326,31.906919195285145,0.0,0.0,
white,2.0,0,122.0,31.765691030880497,32.05052390362194,0.0,0.0,
white,2.0,0,123.0,31.915332990774218,32.19269921303554,0.0,0.0,
white,2.0,0,124.0,32.063342167222515,32.3334558409067,0.0,0.0,
white,2.0,0,125.0,32.20973625960859,32.47280458323164,0.0,0.0,0.0
white,2.0,0,126.0,32.354532780586915,32.61075630482654,0.0,0.0,
white,2.0,0,127.0,32.49774905779149,32.74732193010161,0.0,0.0,
white,2.0,0,128.0,32.63940223554325,32.8825124343717,0.0,0.0,
white,2.0,0,129.0,32.77950927655714,33.016338835672585,0.0,0.0,
white,2.0,0,130.0,32.91808696364625,33.148812187053956,0.0,0.0,0.0
white,2.0,0,131.0,33.0551519014229,33.27994356932181,0.0,0.0,
white,2.0,0,132.0,33.19072051799561,33.409744084204945,0.0,0.0,
white,2.0,0,133.0,33.3248090666609,33.53822484792135,0.0,0.0,
white,2.0,0,134.0,33.45743362758963,33.66539698512211,0.0,0.0,
white,2.0,0,135.0,33.588610109506014,33.79127162319174,0.0,0.0,0.0
white,2.0,0,136.0,33.718354251360495,33.91585988688495,0.0,0.0,
white,2.0,0,137.0,33.84668162399434,34.03917289328118,0.0,0.0,
white,2.0,0,138.0,33.97360763179612,34.16122174703948,0.0,0.0,
white,2.0,0,139.0,34.09914751434893,34.282017535936944,0.0,0.0,
white,2.0,0,140.0,34.2233163480694,34.401571326675416,0.0,0.0,0.0
white,2.0,0,141.0,34.346129047836186,34.519894160941575,0.0,0.0,
white,2.0,0,142.0,34.467600368608814,34.636997051706764,0.0,0.0,
white,2.0,0,143.0,34.58774490703623,34.75289097975345,0.0,0.0,
white,2.0,0,144.0,34.70657710305478,34.86758689041617,0.0,0.0,
white,2.0,0,145.0,34.824111241474874,34.98109569052531,0.0,0.0,0.0
white,2.0,0,146.0,34.94036145355725,35.093428245542874,0.0,0.0,
white,2.0,0,147.0,35.05534171857694,35.20459537688,0.0,0.0,
white,2.0,0,148.0,35.16906586537663,35.314607859386385,0.0,0.0,
white,2.0,0,149.0,35.28154757390736,35.42347641900268,0.0,0.0,
white,2.0,0,150.0,35.392800376758146,35.531211730567,0.0,0.0,0.0
white,2.0,0,151.0,35.50283766067301,35.63782441576752,0.0,0.0,
white,2.0,0,152.0,35.61167266805601,35.743325041233405,0.0,0.0,
white,2.0,0,153.0,35.71931849846417,35.84772411675673,0.0,0.0,
white,2.0,0,154.0,35.825788110087935,35.95103209363864,0.0,0.0,
white,2.0,0,155.0,35.93109432121909,36.053259363152996,0.0,0.0,0.0
white,2.0,0,156.0,36.03524981170647,36.154416255121674,0.0,0.0,
white,2.0,0,157.0,36.138267124398894,36.25451303659531,0.0,0.0,
white,2.0,0,158.0,36.240158666575816,36.35355991063432,0.0,0.0,
white,2.0,0,159.0,36.34093671136523,36.45156701518466,0.0,0.0,
white,2.0,0,160.0,36.44061339914875,36.54854442204369,0.0,0.0,0.0
white,2.0,0,161.0,36.53920073895437,36.644502135911175,0.0,0.0,
white,2.0,0,162.0,36.63671060983682,36.73945009352116,0.0,0.0,
white,2.0,0,163.0,36.733154762244645,36.83339816285043,0.0,0.0,
white,2.0,0,164.0,36.82854481937533,36.92635614239964,0.0,0.0,
white,2.0,0,165.0,36.92289227851749,37.01833376054329,0.0,0.0,0.0
white,2.0,0,166.0,37.01620851238074,37.109340674944924,0.0,0.0,
white,2.0,0,167.0,37.108504770412765,37.199386472034206,0.0,0.0,
white,2.0,0,168.0,37.19979218010447,37.28848066654273,0.0,0.0,
white,2.0,0,169.0,37.29008174828186,37.37663270109529,0.0,0.0,
white,2.0,0,170.0,37.379384362386595,37.46385194585389,0.0,0.0,0.0
white,2.0,0,171.0,37.467710791743094,37.55014769821173,0.0,0.0,
white,2.0,0,172.0,37.55507168881427,37.6355291825344,0.0,0.0,
white,2.0,0,173.0,37.64147759044472,37.720005549946,0.0,0.0,
white,2.0,0,174.0,37.726938919091495,37.803585878157634,0.0,0.0,
white,2.0,0,175.0,37.81146598404341,37.886279171336234,0.0,0.0,0.0
white,2.0,0,176.0,37.8950689826278,37.968094360011364,0.0,0.0,
white,2.0,0,177.0,37.97775800140544,38.049040301018195,0.0,0.0,
white,2.0,0,178.0,38.05954301735389,38.12912577747456,0.0,0.0,
white,2.0,0,179.0,38.14043389903865,38.208359498790365,0.0,0.0,
white,2.0,0,180.0,38.220440407772855,38.28675010070754,0.0,0.0,0.0
white,2.0,0,181.0,38.29957219876529,38.364306145369,0.0,0.0,
white,2.0,0,182.0,38.377838822256926,38.441036121414804,0.0,0.0,
white,2.0,0,183.0,38.45524972464549,38.51694844410437,0.0,0.0,
white,2.0,0,184.0,38.531814249599485,38.59205145546296,0.0,0.0,
white,2.0,0,185.0,38.60754163916021,38.6663534244513,0.0,0.0,0.0
white,2.0,0,186.0,38.6824410348328,38.73986254715707,0.0,0.0,
white,2.0,0,187.0,38.75652147866631,38.81258694700679,0.0,0.0,
white,2.0,0,188.0,38.82979191432229,38.88453467499731,0.0,0.0,
white,2.0,0,189.0,38.902261188132925,38.955713709945385,0.0,0.0,
white,2.0,0,190.0,38.97393805014794,39.02613195875466,0.0,0.0,0.0
white,2.0,0,191.0,39.04483115517095,39.09579725669876,0.0,0.0,
white,2.0,0,192.0,39.11494906378487,39.16471736771968,0.0,0.0,
white,2.0,0,193.0,39.18430024336706,39.23289998474057,0.0,0.0,
white,2.0,0,194.0,39.25289306909357,39.30035272999192,0.0,0.0,
white,2.0,0,195.0,39.32073582493329,39.36708315535051,0.0,0.0,0.0
white,2.0,0,196.0,39.38783670463159,39.4330987426901,0.0,0.0,
white,2.0,0,197.0,39.454203812683794,39.49840690424333,0.0,0.0,
white,2.0,0,198.0,39.51984516529849,39.56301498297404,0.0,0.0,
white,2.0,0,199.0,39.58476869135082,39.62693025295916,0.0,0.0,
white,2.0,0,200.0,39.648982233325526,39.69015991977989,0.0,0.0,0.0
white,2.0,0,201.0,39.712493548250606,39.75271112092113,0.0,0.0,
white,2.0,0,202.0,39.775310308620845,39.81459092617889,0.0,0.0,
white,2.0,0,203.0,39.83744010331175,39.87580633807499,0.0,0.0,
white,2.0,0,204.0,39.89889043848374,39.93636429227848,0.0,0.0,
white,2.0,0,205.0,39.95966873847694,39.99627165803336,0.0,0.0,0.0
white,2.0,0,206.0,40.01978234669671,40.05553523859204,0.0,0.0,
white,2.0,0,207.0,40.0792385264896,40.11416177165416,0.0,0.0,
white,2.0,0,208.0,40.138044462009944,40.172157929810226,0.0,0.0,
white,2.0,0,209.0,40.19620725907771,40.22953032098972,0.0,0.0,
white,2.0,0,210.0,40.253733946026756,40.28628548891325,0.0,0.0,0.0
white,2.0,0,211.0,40.310631474544785,40.34242991354845,0.0,0.0,
white,2.0,0,212.0,40.36690672050334,40.397970011568994,0.0,0.0,
white,2.0,0,213.0,40.422566484780454,40.452912136816806,0.0,0.0,
white,2.0,0,214.0,40.47761749407298,40.507262580766756,0.0,0.0,
white,2.0,0,215.0,40.532066401701485,40.5610275729937,0.0,0.0,0.0
white,2.0,0,216.0,40.58591978840612,40.61421328164159,0.0,0.0,
white,2.0,0,217.0,40.63918416313383,40.66682581389428,0.0,0.0,
white,2.0,0,218.0,40.69186596381768,40.7188712164478,0.0,0.0,
white,2.0,0,219.0,40.74397155814721,40.770355475983905,0.0,0.0,
white,2.0,0,220.0,40.79550724433142,40.821284519644486,0.0,0.0,0.0
white,2.0,0,221.0,40.846479251852564,40.87166421550684,0.0,0.0,
white,2.0,0,222.0,40.89689374221315,40.921500373059345,0.0,0.0,
white,2.0,0,223.0,40.94675680967355,40.970798743677506,0.0,0.0,
white,2.0,0,224.0,40.996074481982966,41.0195650211001,0.0,0.0,
white,2.0,0,225.0,41.04485272110177,41.06780484190522,0.0,0.0,0.0
white,2.0,0,226.0,41.09309742391643,41.11552378598605,0.0,0.0,
white,2.0,0,227.0,41.14081442294683,41.162727377026215,0.0,0.0,
white,2.0,0,228.0,41.188009487045804,41.209421082974536,0.0,0.0,
white,2.0,0,229.0,41.23468832209105,41.25561031651903,0.0,0.0,
white,2.0,0,230.0,41.28085657167052,41.30130043556,0.0,0.0,0.0
white,2.0,0,231.0,41.32651981775883,41.346496743682096,0.0,0.0,
white,2.0,0,232.0,41.37168358138811,41.39120449062517,0.0,0.0,
white,2.0,0,233.0,41.41635332331044,41.435428872753924,0.0,0.0,
white,2.0,0,234.0,41.46053444465374,41.479175033526026,0.0,0.0,
white,2.0,0,235.0,41.50423228757057,41.522448063958805,0.0,0.0,0.0
white,2.0,0,236.0,41.54745213587949,41.56525300309424,0.0,0.0,
white,2.0,0,237.0,41.59019921570021,41.60759483846226,0.0,0.0,
white,2.0,0,238.0,41.632478696081456,41.64947850654219,0.0,0.0,
white,2.0,0,239.0,41.67429568962213,41.690908893222286,0.0,0.0,
white,2.0,0,240.0,41.715655253085785,41.7318908342573,0.0,0.0,0.0
white,2.0,0,241.0,41.7565623880085,41.77242911572394,0.0,0.0,
white,2.0,0,242.0,41.797022041300316,41.81252847447414,0.0,0.0,
white,2.0,0,243.0,41.837039105840006,41.85219359858617,0.0,0.0,
white,2.0,0,244.0,41.87661842106345,41.89142912781341,0.0,0.0,
white,2.0,0,245.0,41.91576477354573,41.930239654030785,0.0,0.0,0.0
white,2.0,0,246.0,41.95448289757682,41.96862972167879,0.0,0.0,
white,2.0,0,247.0,41.992777475731415,42.006603828205016,0.0,0.0,
white,2.0,0,248.0,42.030653139431934,42.04416642450323,0.0,0.0,
white,2.0,0,249.0,42.06811446950617,42.081321915349776,0.0,0.0,
white,2.0,0,250.0,42.105165996738506,42.11807465983749,0.0,0.0,0.0
white,2.0,0,251.0,42.14181220241485,42.15442897180685,0.0,0.0,
white,2.0,0,252.0,42.17805751886281,42.19038912027454,0.0,0.0,
white,2.0,0,253.0,42.21390632998459,42.22595932985916,0.0,0.0,
white,2.0,0,254.0,42.24936297178508,42.261143781204304,0.0,0.0,
white,2.0,0,255.0,42.28443173289411,42.295946611398776,0.0,0.0,0.0
white,2.0,0,256.0,42.31911685508254,42.33037191439398,0.0,0.0,
white,2.0,0,257.0,42.3534225337734,42.3644237414185,0.0,0.0,
white,2.0,0,258.0,42.38735291854711,42.39810610138979,0.0,0.0,
white,2.0,0,259.0,42.4209121136413,42.43142296132301,0.0,0.0,
white,2.0,0,260.0,42.45410417844518,42.464378246736864,0.0,0.0,0.0
white,2.0,0,261.0,42.486933127988834,42.49697584205663,0.0,0.0,
white,2.0,0,262.0,42.51940293342672,42.52921959101415,0.0,0.0,
white,2.0,0,263.0,42.55151752251631,42.561113297044926,0.0,0.0,
white,2.0,0,264.0,42.58328078009144,42.59266072368222,0.0,0.0,
white,2.0,0,265.0,42.61469654853042,42.623865594948185,0.0,0.0,0.0
white,2.0,0,266.0,42.64576862821915,42.654731595742,0.0,0.0,
white,2.0,0,267.0,42.67650077800943,42.68526237222503,0.0,0.0,
white,2.0,0,268.0,42.7068967156717,42.71546153220299,0.0,0.0,
white,2.0,0,269.0,42.73696011834348,42.74533264550503,0.0,0.0,
white,2.0,0,270.0,42.7666946229727,42.77487924435995,0.0,0.0,0.0
white,2.0,0,271.0,42.79610382675599,42.80410482376931,0.0,0.0,
white,2.0,0,272.0,42.82519128757282,42.833012841877505,0.0,0.0,
white,2.0,0,273.0,42.85396052441417,42.861606720338926,0.0,0.0,
white,2.0,0,274.0,42.88241501780711,42.88988984468208,0.0,0.0,
white,2.0,0,275.0,42.9105582102345,42.91786556467062,0.0,0.0,0.0
white,2.0,0,276.0,42.93839350655015,42.945537194661505,0.0,0.0,
white,2.0,0,277.0,42.96592427438975,42.97290801396006,0.0,0.0,
white,2.0,0,278.0,42.993153844576774,42.999981267172124,0.0,0.0,
white,2.0,0,279.0,43.02008551152452,43.02676016455313,0.0,0.0,
white,2.0,0,280.0,43.04672253363331,43.053247882354285,0.0,0.0,0.0
white,2.0,0,281.0,43.07306813368404,43.0794475631657,0.0,0.0,
white,2.0,0,282.0,43.09912549922655,43.10536231625664,0.0,0.0,
white,2.0,0,283.0,43.12489778296445,43.13099521791275,0.0,0.0,
white,2.0,0,284.0,43.15038810313578,43.15634931177037,0.0,0.0,
white,2.0,0,285.0,43.175599543888836,43.18142760914793,0.0,0.0,0.0
white,2.0,0,286.0,43.20053515565469,43.20623308937438,0.0,0.0,
white,2.0,0,287.0,43.22519795551534,43.23076870011473,0.0,0.0,
white,2.0,0,288.0,43.24959092756768,43.255037357692686,0.0,0.0,
white,2.0,0,289.0,43.27371702328376,43.27904194741046,0.0,0.0,
white,2.0,0,290.0,43.29757916186713,43.302785323865564,0.0,0.0,0.0
white,2.0,0,291.0,43.3211802306052,43.326270311264885,0.0,0.0,
white,2.0,0,292.0,43.34452308521754,43.34949970373585,0.0,0.0,
white,2.0,0,293.0,43.36761055020103,43.372476265634745,0.0,0.0,
white,2.0,0,294.0,43.39044541917045,43.39520273185225,0.0,0.0,
white,2.0,0,295.0,43.41303045519611,43.41768180811616,0.0,0.0,0.0
white,2.0,0,296.0,43.43536839113735,43.4399161712913,0.0,0.0,
white,2.0,0,297.0,43.45746192997223,43.46190846967669,0.0,0.0,
white,2.0,0,298.0,43.47931374512442,43.48366132329996,0.0,0.0,
white,2.0,0,299.0,43.5009264807856,43.50517732420898,0.0,0.0,
white,2.0,1,0.0,2.0115884410710017,14.226853929734204,1.629430509865256,0.655879334065406,1.5896005525544756
white,2.0,1,1.0,2.009430752728636,14.212078821964402,1.4860654147047678,0.5466767995775313,
white,2.0,1,2.0,2.0070793221697625,14.196086828577185,1.4592457195351485,0.5283108944067887,
white,2.0,1,3.0,2.004147764129722,14.178420674673118,1.3282010017838277,0.43877502108353794,
white,2.0,1,4.0,1.9999606423614034,14.157249085420391,1.1720906669177908,0.3427162313522842,
white,2.0,1,5.0,1.9943649922450182,14.130699342612857,1.1073047035650299,0.30702729165231485,1.1899532551730898
white,2.0,1,6.0,2.0362537343930343,14.098797334535853,1.0068872962324882,0.2550160953175908,
white,2.0,1,7.0,2.1609423974389648,14.064667502252075,1.1255367245715044,0.32020669272186125,
white,2.0,1,8.0,2.536861106991752,14.030298198342686,0.9433272969781398,0.22602735594850384,
white,2.0,1,9.0,2.823603776940486,13.996629670989224,0.8097172122578926,0.16733616159338097,
white,2.0,1,10.0,3.109485160325517,13.965372318281508,0.7338972244981423,0.13808148778953905,0.7978277787955288
white,2.0,1,11.0,3.40902705540004,13.937645050107198,0.6473496051992979,0.10786212670781976,
white,2.0,1,12.0,3.7227451841853765,13.915881757086693,0.7497142423478012,0.14512427628919694,
white,2.0,1,13.0,4.047650990968572,13.901140062350484,0.5999661572526084,0.0931370918131389,
white,2.0,1,14.0,4.3812378868116495,13.89474287206518,0.5303808781916063,0.07285253893887124,
white,2.0,1,15.0,4.7251799405134705,13.897301934803961,0.45866068262018667,0.05446180666872531,0.488517033496679
white,2.0,1,16.0,5.078080057010312,13.910049210353517,0.35524375367342437,0.03261110931611253,
white,2.0,1,17.0,5.43702278006096,13.93393811442991,0.4466985237855384,0.051386765728232114,
white,2.0,1,18.0,5.801780380835294,13.96906300370845,0.4238835122443817,0.04603927759402297,
white,2.0,1,19.0,6.171660497365602,14.015404859118828,0.42221942748371094,0.04537693250906524,
white,2.0,1,20.0,6.544230279690896,14.073227610328502,0.29908557582666867,0.022582577954509832,0.23149620085219688
white,2.0,1,21.0,6.918449572886435,14.142328285241046,0.30542440745271177,0.023320381764968347,
white,2.0,1,22.0,7.294282438694188,14.222250872865516,0.36580825828191504,0.033078083976931,
white,2.0,1,23.0,7.670811238039054,14.312981738689505,0.2800457946531003,0.019141143572322637,
white,2.0,1,24.0,8.047381312106872,14.41420521923641,0.1059247937907286,0.0027001249188537435,
white,2.0,1,25.0,8.423159163312157,14.525574294534287,0.17105820639205846,0.006934117686601952,0.07356284455945251
white,2.0,1,26.0,8.797940209549598,14.646654254430063,0.025204764080890254,0.00014806704807295357,
white,2.0,1,27.0,9.170993510160017,14.777005755477532,0.2744751554780902,0.017250560035547584,
white,2.0,1,28.0,9.541961989195283,14.916121238251218,0.1900778781237361,0.008119351543657666,
white,2.0,1,29.0,9.911199662817435,15.063286736363374,0.013596186952816272,4.073472355696085e-05,
white,2.0,1,30.0,10.278734528553313,15.217877357632466,0.16372888249430953,0.005787785668332132,0.06825317804661324
white,2.0,1,31.0,10.644293032849365,15.379504062249907,0.011386944156513002,2.7409412297476184e-05,
white,2.0,1,32.0,11.007708071612505,15.547794714433486,0.025592710308663145,0.00013547681261212886,
white,2.0,1,33.0,11.368712024770407,15.722452606874642,0.0035170231942581055,2.5019572260727195e-06,
white,2.0,1,34.0,11.72712776520456,15.903086658523561,0.0011346451405886823,2.545231376169034e-07,
white,2.0,1,35.0,12.082797689565218,16.08927449984848,0.0005703413553624366,6.282996365792814e-08,0.0002822759646686732
white,2.0,1,36.0,12.435654688134667,16.280565161879082,8.754846515887645e-05,1.445866262273597e-09,
white,2.0,1,37.0,12.785609086200065,16.476530622031415,0.0002438063384522414,1.0947840184575186e-08,
white,2.0,1,38.0,13.132576483079232,16.676753316186183,0.0006739227355791459,8.165207222891136e-08,
white,2.0,1,39.0,13.476500637074633,16.88082917504703,1.7098720973779472e-05,5.129909515560067e-11,
white,2.0,1,40.0,13.817341257115919,17.088374123924417,4.2903622303913386e-06,3.1517839414992276e-12,2.4987128645943693e-06
white,2.0,1,41.0,14.155069576013222,17.299025780212393,4.3507831678618635e-05,3.162726168178477e-10,
white,2.0,1,42.0,14.489664893957693,17.51244339099419,8.232322389933505e-06,1.104895627391729e-11,
white,2.0,1,43.0,14.821112990378387,17.72830717685177,1.8768197494740665e-06,5.603773817680225e-13,
white,2.0,1,44.0,15.149405182123118,17.946317517935206,1.5513233070152573e-07,3.736146906164138e-15,
white,2.0,1,45.0,15.474537374640574,18.16619399473303,5.58453440612234e-07,4.7251549088305165e-14,3.627359941918599e-07
white,2.0,1,46.0,15.796509462589908,18.3876744406841,3.467922134989415e-07,1.778504908497785e-14,
white,2.0,1,47.0,16.11532477929386,18.610513976121357,1.688510807248134e-07,4.115863458092741e-15,
white,2.0,1,48.0,16.430989647810975,18.83448405947174,1.931771854123143e-09,5.259860386778045e-19,
white,2.0,1,49.0,16.743512997640686,19.059371560743887,6.430221838942323e-09,5.6912119950414404e-18,
white,2.0,1,50.0,17.052906033684945,19.284977863191873,2.914673929603575e-08,1.1421198189324357e-16,2.0549060671649558e-08
white,2.0,1,51.0,17.35918195018739,19.511117998349672,2.8665009583975854e-09,1.0792197292804493e-18,
white,2.0,1,52.0,17.662355681117386,19.73761981674626,4.640623473861022e-10,2.7639686357611524e-20,
white,2.0,1,53.0,17.962443681213855,19.964323195962567,4.249658081325773e-10,2.2655246849507985e-20,
white,2.0,1,54.0,18.259463733967,20.191079287408552,3.114372887439682e-10,1.1895758964036532e-20,
white,2.0,1,55.0,18.553434782816172,20.417749802175443,1.1351149866524651e-09,1.5453752914014517e-19,8.508623050086915e-10
white,2.0,1,56.0,18.844376782278463,20.644206335662183,1.54627604536896e-11,2.80509567086924e-23,
white,2.0,1,57.0,19.132310566470885,20.870329730389336,2.857821161191218e-11,9.375220236443937e-23,
white,2.0,1,58.0,19.41725773278023,21.096009476032417,5.9949023118963706e-12,4.037695852728251e-24,
white,2.0,1,59.0,19.69924053875839,21.321143145459192,3.9603168654760976e-13,1.725078660954593e-26,
white,2.0,1,60.0,19.978281810585997,21.545635865374592,1.3581813051653277e-11,1.9868581833957563e-23,1.066434320537969e-11
white,2.0,1,61.0,20.25440486168228,21.769399820061565,5.923881701114695e-12,3.702455497520366e-24,
white,2.0,1,62.0,20.52763342023514,21.99235378663501,9.379903654461198e-13,9.095432032236766e-26,
white,2.0,1,63.0,20.797991564584436,22.21442270018716,5.186845447937085e-12,2.7258788911375694e-24,
white,2.0,1,64.0,21.06550366553569,22.435537247198543,2.0648729484787863e-14,4.2352955925184597e-29,
white,2.0,1,65.0,21.330194334800208,22.655633485605296,2.0484627990822268e-13,4.087650413345032e-27,1.6696693132360553e-13
white,2.0,1,66.0,21.592088378861582,22.874652489947536,8.870429532447152e-15,7.518830502887769e-30,
white,2.0,1,67.0,21.851210757656926,23.092540020070675,2.9649617066337445e-14,8.242610383428047e-29,
white,2.0,1,68.0,22.10758654753678,23.309246211907855,2.5186006074891195e-15,5.837570698635487e-31,
white,2.0,1,69.0,22.361240908035075,23.52472528893453,8.422702479351829e-16,6.409494854920721e-32,
white,2.0,1,70.0,22.612199052035848,23.738935292952792,4.696904320279993e-15,1.9573611210796357e-30,3.9183043934088184e-15
white,2.0,1,71.0,22.860486218974184,23.951837832932,1.7315378954182382e-15,2.6131017485446015e-31,
white,2.0,1,72.0,23.10612765075116,24.16339785070196,1.0730704258810933e-16,9.860761315262648e-34,
white,2.0,1,73.0,23.34914857007949,24.37358340236394,2.5977708946488968e-15,5.679798517591285e-31,
white,2.0,1,74.0,23.589574161009974,24.582365454352882,6.550057950521428e-16,3.549874073494553e-32,
white,2.0,1,75.0,23.82742955141713,24.78971769315011,5.504423071378575e-16,2.465190328815662e-32,4.720685728127372e-16
white,2.0,1,76.0,24.062739797246298,24.995616347709564,0.0,0.0,
white,2.0,1,77.0,24.295529868348055,25.20004002372158,0.0,0.0,
white,2.0,1,78.0,24.525824635743007,25.402969548896326,1.128118467481457e-16,9.860761315262648e-34,
white,2.0,1,79.0,24.75364886017854,25.604387828504173,0.0,0.0,
white,2.0,1,80.0,24.97902718185266,25.804279710462364,0.0,0.0,0.0
white,2.0,1,81.0,25.201984111194456,26.002631859306454,0.0,0.0,
white,2.0,1,82.0,25.42254402060088,26.199432638430963,0.0,0.0,
white,2.0,1,83.0,25.64073113704067,26.394672000027086,0.0,0.0,
white,2.0,1,84.0,25.85656953544584,26.58834138218546,0.0,0.0,
white,2.0,1,85.0,26.07008313281718,26.780433612669942,0.0,0.0,0.0
white,2.0,1,86.0,26.28129568298049,26.970942818903335,0.0,0.0,
white,2.0,1,87.0,26.490230771933284,27.159864343738878,0.0,0.0,
white,2.0,1,88.0,26.69691181373038,27.347194666621725,0.0,0.0,
white,2.0,1,89.0,26.901362046859692,27.53293132977291,0.0,0.0,
white,2.0,1,90.0,27.103604531065322,27.717072869054725,0.0,0.0,0.0
white,2.0,1,91.0,27.303662144578926,27.899618749200656,0.0,0.0,
white,2.0,1,92.0,27.50155758172343,28.080569303115837,0.0,0.0,
white,2.0,1,93.0,27.697313350857073,28.259925674974877,0.0,0.0,
white,2.0,1,94.0,27.890951772628494,28.437689766863343,0.0,0.0,
white,2.0,1,95.0,28.082494978516216,28.61386418872739,0.0,0.0,0.0
white,2.0,1,96.0,28.271964909627975,28.78845221141247,0.0,0.0,
white,2.0,1,97.0,28.459383315738336,28.961457722587777,0.0,0.0,
white,2.0,1,98.0,28.64477175454368,29.132885185367314,0.0,0.0,
white,2.0,1,99.0,28.828151591116967,29.30273959945173,0.0,0.0,
white,2.0,1,100.0,29.009543997544874,29.471026464627425,0.0,0.0,0.0
white,2.0,1,101.0,29.18896995273192,29.63775174647086,0.0,0.0,
white,2.0,1,102.0,29.366450242358002,29.80292184411647,0.0,0.0,
white,2.0,1,103.0,29.542005458975837,29.966543559956406,0.0,0.0,
white,2.0,1,104.0,29.715656002236972,30.128624071149527,0.0,0.0,
white,2.0,1,105.0,29.88742207923512,30.289170902825237,0.0,0.0,0.0
white,2.0,1,106.0,30.057323704957042,30.44819190287575,0.0,0.0,
white,2.0,1,107.0,30.225380702832098,30.605695218237518,0.0,0.0,
white,2.0,1,108.0,30.39161270537164,30.761689272569317,0.0,0.0,
white,2.0,1,109.0,30.5560391548905,30.916182745240583,0.0,0.0,
white,2.0,1,110.0,30.718679304303766,31.06918455154952,0.0,0.0,0.0
white,2.0,1,111.0,30.879552217992412,31.220703824095775,0.0,0.0,
white,2.0,1,112.0,31.03867677273113,31.37074989523747,0.0,0.0,
white,2.0,1,113.0,31.196071658673283,31.51933228056698,0.0,0.0,
white,2.0,1,114.0,31.351755380387498,31.66646066334422,0.0,0.0,
white,2.0,1,115.0,31.50574625794206,31.812144879830104,0.0,0.0,0.0
white,2.0,1,116.0,31.658062428031112,31.95639490546661,0.0,0.0,
white,2.0,1,117.0,31.808721845140212,32.09922084185332,0.0,0.0,
white,2.0,1,118.0,31.957742282746615,32.24063290447354,0.0,0.0,
white,2.0,1,119.0,32.10514133455081,32.38064141112607,0.0,0.0,
white,2.0,1,120.0,32.25093641573711,32.51925677102142,0.0,0.0,0.0
white,2.0,1,121.0,32.39514476425867,32.656489474504085,0.0,0.0,
white,2.0,1,122.0,32.53778344214554,32.79235008336459,0.0,0.0,
white,2.0,1,123.0,32.67886933683301,32.92684922170753,0.0,0.0,
white,2.0,1,124.0,32.81841916250744,33.059997567343814,0.0,0.0,
white,2.0,1,125.0,32.95644946146743,33.191805843677265,0.0,0.0,0.0
white,2.0,1,126.0,33.09297660549901,33.32228481205765,0.0,0.0,
white,2.0,1,127.0,33.2280167972621,33.45144526457386,0.0,0.0,
white,2.0,1,128.0,33.36158607168723,33.579298017262445,0.0,0.0,
white,2.0,1,129.0,33.493700297380165,33.70585390370853,0.0,0.0,
white,2.0,1,130.0,33.62437517803414,33.831123769017104,0.0,0.0,0.0
white,2.0,1,131.0,33.753626253846626,33.95511846413425,0.0,0.0,
white,2.0,1,132.0,33.88146890294114,34.07784884049914,0.0,0.0,
white,2.0,1,133.0,34.00791834279146,34.19932574500843,0.0,0.0,
white,2.0,1,134.0,34.132989631648236,34.319560015276224,0.0,0.0,
white,2.0,1,135.0,34.25669766996619,34.438562475173306,0.0,0.0,0.0
white,2.0,1,136.0,34.37905720183117,34.55634393063067,0.0,0.0,
white,2.0,1,137.0,34.5000828163871,34.67291516569294,0.0,0.0,
white,2.0,1,138.0,34.61978894925993,34.7882869388083,0.0,0.0,
white,2.0,1,139.0,34.738189883980176,34.90246997934224,0.0,0.0,
white,2.0,1,140.0,34.85529975340196,35.01547498430315,0.0,0.0,0.0
white,2.0,1,141.0,34.971132541117996,35.127312615268444,0.0,0.0,
white,2.0,1,142.0,35.08570208287056,35.23799349550066,0.0,0.0,
white,2.0,1,143.0,35.199022067957394,35.34752820724332,0.0,0.0,
white,2.0,1,144.0,35.31110604063193,35.45592728918728,0.0,0.0,
white,2.0,1,145.0,35.42196740149799,35.56320123409833,0.0,0.0,0.0
white,2.0,1,146.0,35.53161940889779,35.66936048659786,0.0,0.0,
white,2.0,1,147.0,35.6400751802935,35.77441544108831,0.0,0.0,
white,2.0,1,148.0,35.74734769364156,35.87837643981605,0.0,0.0,
white,2.0,1,149.0,35.853449788759015,35.98125377106442,0.0,0.0,
white,2.0,1,150.0,35.95839416868352,36.08305766747015,0.0,0.0,0.0
white,2.0,1,151.0,36.06219340102367,36.18379830445684,0.0,0.0,
white,2.0,1,152.0,36.1648599193021,36.28348579877933,0.0,0.0,
white,2.0,1,153.0,36.2664060242895,36.38213020717327,0.0,0.0,
white,2.0,1,154.0,36.3668438853304,36.479741525104494,0.0,0.0,
white,2.0,1,155.0,36.46618554165957,36.576329685612954,0.0,0.0,0.0
white,2.0,1,156.0,36.564442903709285,36.6719045582464,0.0,0.0,
white,2.0,1,157.0,36.661627754407796,36.766475948079254,0.0,0.0,
white,2.0,1,158.0,36.75775175046782,36.86005359481202,0.0,0.0,
white,2.0,1,159.0,36.852826423665945,36.9526471719475,0.0,0.0,
white,2.0,1,160.0,36.94686318211177,37.04426628603946,0.0,0.0,0.0
white,2.0,1,161.0,37.039873311508146,37.134920476010315,0.0,0.0,
white,2.0,1,162.0,37.131867976400734,37.224619212534094,0.0,0.0,
white,2.0,1,163.0,37.22285822141796,37.31337189748143,0.0,0.0,
white,2.0,1,164.0,37.312854972501206,37.401187863423345,0.0,0.0,
white,2.0,1,165.0,37.40186903812439,37.48807637319077,0.0,0.0,0.0
white,2.0,1,166.0,37.48991111050402,37.574046619487014,0.0,0.0,
white,2.0,1,167.0,37.57699176679866,37.65910772455031,0.0,0.0,
white,2.0,1,168.0,37.66312147029852,37.743268739863964,0.0,0.0,
white,2.0,1,169.0,37.74831057160459,37.82653864591162,0.0,0.0,
white,2.0,1,170.0,37.83256930979767,37.90892635197517,0.0,0.0,0.0
white,2.0,1,171.0,37.91590781359737,37.99044069597331,0.0,0.0,
white,2.0,1,172.0,37.99833610251046,38.07109044433841,0.0,0.0,
white,2.0,1,173.0,38.079864087969256,38.15088429192978,0.0,0.0,
white,2.0,1,174.0,38.160501574459815,38.22983086198144,0.0,0.0,
white,2.0,1,175.0,38.24025826063988,38.307938706082524,0.0,0.0,0.0
white,2.0,1,176.0,38.319143740446556,38.38521630418855,0.0,0.0,
white,2.0,1,177.0,38.397167504193774,38.46167206466211,0.0,0.0,
white,2.0,1,178.0,38.474338939659695,38.537314324341025,0.0,0.0,
white,2.0,1,179.0,38.55066733316434,38.61215134863295,0.0,0.0,
white,2.0,1,180.0,38.626161870636395,38.68619133163461,0.0,0.0,0.0
white,2.0,1,181.0,38.70083163867053,38.75944239627455,0.0,0.0,
white,2.0,1,182.0,38.77468562557476,38.83191259447798,0.0,0.0,
white,2.0,1,183.0,38.84773272240727,38.903609907352596,0.0,0.0,
white,2.0,1,184.0,38.91998172400409,38.97454224539412,0.0,0.0,
white,2.0,1,185.0,38.991441329996405,39.044717448710514,0.0,0.0,0.0
white,2.0,1,186.0,39.06212014581801,39.11414328726376,0.0,0.0,
white,2.0,1,187.0,39.13202668370352,39.18282746112823,0.0,0.0,
white,2.0,1,188.0,39.201169363676065,39.25077760076468,0.0,0.0,
white,2.0,1,189.0,39.26955651452619,39.31800126730894,0.0,0.0,
white,2.0,1,190.0,39.33719637478058,39.38450595287443,0.0,0.0,0.0
white,2.0,1,191.0,39.404097093661505,39.450299080867715,0.0,0.0,
white,2.0,1,192.0,39.47026673203655,39.51538800631621,0.0,0.0,
white,2.0,1,193.0,39.53571326335929,39.579780016207394,0.0,0.0,
white,2.0,1,194.0,39.60044457460038,39.64348232983875,0.0,0.0,
white,2.0,1,195.0,39.66446846716929,39.70650209917773,0.0,0.0,0.0
white,2.0,1,196.0,39.72779265782715,39.76884640923118,0.0,0.0,
white,2.0,1,197.0,39.79042477959017,39.83052227842347,0.0,0.0,
white,2.0,1,198.0,39.85237238262383,39.89153665898285,0.0,0.0,
white,2.0,1,199.0,39.9136429351286,39.95189643733545,0.0,0.0,
white,2.0,1,200.0,39.974243824216124,40.01160843450629,0.0,0.0,0.0
white,2.0,1,201.0,40.034182356776945,40.070679406526956,0.0,0.0,
white,2.0,1,202.0,40.0934657603393,40.12911604484925,0.0,0.0,
white,2.0,1,203.0,40.152101183918774,40.18692497676451,0.0,0.0,
white,2.0,1,204.0,40.21009569885988,40.24411276582813,0.0,0.0,
white,2.0,1,205.0,40.2674562996693,40.300685912288735,0.0,0.0,0.0
white,2.0,1,206.0,40.324189904839116,40.35665085352178,0.0,0.0,
white,2.0,1,207.0,40.38030335766331,40.412013964467036,0.0,0.0,
white,2.0,1,208.0,40.43580342704495,40.46678155806974,0.0,0.0,
white,2.0,1,209.0,40.490696808295056,40.520959885724906,0.0,0.0,
white,2.0,1,210.0,40.5449901239239,40.574555137724595,0.0,0.0,0.0
white,2.0,1,211.0,40.59868992442305,40.62757344370776,0.0,0.0,
white,2.0,1,212.0,40.65180268904035,40.680020873112376,0.0,0.0,
white,2.0,1,213.0,40.704334826546464,40.73190343562956,0.0,0.0,
white,2.0,1,214.0,40.756292675993016,40.783227081659454,0.0,0.0,
white,2.0,1,215.0,40.807682507463944,40.8339977027685,0.0,0.0,0.0
white,2.0,1,216.0,40.85851052281769,40.884221132148035,0.0,0.0,
white,2.0,1,217.0,40.908782856422896,40.933903145073764,0.0,0.0,
white,2.0,1,218.0,40.95850557588542,40.98304945936604,0.0,0.0,
white,2.0,1,219.0,41.007684682768485,41.03166573585071,0.0,0.0,
white,2.0,1,220.0,41.05632611330492,41.0797575788202,0.0,0.0,0.0
white,2.0,1,221.0,41.10443573910205,41.127330536494874,0.0,0.0,
white,2.0,1,222.0,41.15201936783896,41.174390101484256,0.0,0.0,
white,2.0,1,223.0,41.19908274395698,41.22094171124805,0.0,0.0,
white,2.0,1,224.0,41.24563154934248,41.26699074855684,0.0,0.0,
white,2.0,1,225.0,41.29167140400224,41.312542541952155,0.0,0.0,0.0
white,2.0,1,226.0,41.337207866732655,41.35760236620592,0.0,0.0,
white,2.0,1,227.0,41.382246435780836,41.40217544277902,0.0,0.0,
white,2.0,1,228.0,41.42679254949923,41.44626694027898,0.0,0.0,
white,2.0,1,229.0,41.47085158699354,41.48988197491641,0.0,0.0,
white,2.0,1,230.0,41.5144288687633,41.53302561096035,0.0,0.0,0.0
white,2.0,1,231.0,41.557529657335955,41.575702861192276,0.0,0.0,
white,2.0,1,232.0,41.60015915789412,41.617918687358554,0.0,0.0,
white,2.0,1,233.0,41.642322518896535,41.659678000621476,0.0,0.0,
white,2.0,1,234.0,41.68402483269191,41.700985662008584,0.0,0.0,
white,2.0,1,235.0,41.725271136126466,41.741846482860275,0.0,0.0,0.0
white,2.0,1,236.0,41.766066411145246,41.78226522527558,0.0,0.0,
white,2.0,1,237.0,41.80641558538675,41.82224660255602,0.0,0.0,
white,2.0,1,238.0,41.84632353277145,41.8617952796475,0.0,0.0,
white,2.0,1,239.0,41.88579507408373,41.90091587358016,0.0,0.0,
white,2.0,1,240.0,41.924834977547945,41.93961295390603,0.0,0.0,0.0
white,2.0,1,241.0,41.96344795939854,41.97789104313457,0.0,0.0,
white,2.0,1,242.0,42.001638684443236,42.015754617165925,0.0,0.0,
white,2.0,1,243.0,42.0394117666211,42.05320810572185,0.0,0.0,
white,2.0,1,244.0,42.07677176955441,42.09025589277432,0.0,0.0,
white,2.0,1,245.0,42.11372320709429,42.126902316971666,0.0,0.0,0.0
white,2.0,1,246.0,42.15027054386074,42.16315167206228,0.0,0.0,
white,2.0,1,247.0,42.18641819577724,42.1990082073158,0.0,0.0,
white,2.0,1,248.0,42.222170530599016,42.23447612794179,0.0,0.0,
white,2.0,1,249.0,42.257531868436025,42.26955959550579,0.0,0.0,
white,2.0,1,250.0,42.29250648227018,42.304262728342735,0.0,0.0,0.0
white,2.0,1,251.0,42.327098598467416,42.33858960196774,0.0,0.0,
white,2.0,1,252.0,42.36131239728347,42.372544249484235,0.0,0.0,
white,2.0,1,253.0,42.395152013365326,42.40613066198933,0.0,0.0,
white,2.0,1,254.0,42.428621536246105,42.43935278897646,0.0,0.0,
white,2.0,1,255.0,42.4617250108356,42.47221453873527,0.0,0.0,0.0
white,2.0,1,256.0,42.4944664379052,42.504719778748765,0.0,0.0,
white,2.0,1,257.0,42.52684977456708,42.53687233608755,0.0,0.0,
white,2.0,1,258.0,42.5588789347496,42.56867599780136,0.0,0.0,
white,2.0,1,259.0,42.59055778966582,42.60013451130769,0.0,0.0,
white,2.0,1,260.0,42.62189016827857,42.63125158477759,0.0,0.0,0.0
white,2.0,1,261.0,42.65287985775946,42.662030887518625,0.0,0.0,
white,2.0,1,262.0,42.68353060394354,42.69247605035491,0.0,0.0,
white,2.0,1,263.0,42.713846111778686,42.72259066600433,0.0,0.0,
white,2.0,1,264.0,42.743830045770395,42.75237828945279,0.0,0.0,
white,2.0,1,265.0,42.773486030421886,42.78184243832566,0.0,0.0,0.0
white,2.0,1,266.0,42.80281765066884,42.810986593256246,0.0,0.0,
white,2.0,1,267.0,42.83182845231036,42.839814198251396,0.0,0.0,
white,2.0,1,268.0,42.86052194243467,42.868328661054214,0.0,0.0,
white,2.0,1,269.0,42.88890158984015,42.89653335350381,0.0,0.0,
white,2.0,1,270.0,42.91697082545238,42.924431611892196,0.0,0.0,0.0
white,2.0,1,271.0,42.944733042736225,42.95202673731824,0.0,0.0,
white,2.0,1,272.0,42.97219159810359,42.97932199603876,0.0,0.0,
white,2.0,1,273.0,42.99934981131684,43.006320619816655,0.0,0.0,
white,2.0,1,274.0,43.0262109658876,43.0330258062662,0.0,0.0,
white,2.0,1,275.0,43.05277830947192,43.05944071919541,0.0,0.0,0.0
white,2.0,1,276.0,43.07905505426008,43.0855684889455,0.0,0.0,
white,2.0,1,277.0,43.105044377363456,43.11141221272752,0.0,0.0,
white,2.0,1,278.0,43.13074942119617,43.1369749549561,0.0,0.0,
white,2.0,1,279.0,43.15617329385296,43.162259747580244,0.0,0.0,
white,2.0,1,280.0,43.18131906948334,43.18726959041138,0.0,0.0,0.0
white,2.0,1,281.0,43.20618978866103,43.21200745144852,0.0,0.0,
white,2.0,1,282.0,43.23078845874983,43.23647626720056,0.0,0.0,
white,2.0,1,283.0,43.25511805426581,43.260678943005736,0.0,0.0,
white,2.0,1,284.0,43.279181517234385,43.28461835334834,0.0,0.0,
white,2.0,1,285.0,43.302981757545375,43.30829734217254,0.0,0.0,0.0
white,2.0,1,286.0,43.32652165330231,43.33171872319343,0.0,0.0,
white,2.0,1,287.0,43.34980405116947,43.354885280205366,0.0,0.0,
white,2.0,1,288.0,43.37283176671402,43.37779976738738,0.0,0.0,
white,2.0,1,289.0,43.39560758474551,43.40046490960601,0.0,0.0,
white,2.0,1,290.0,43.41813425965039,43.42288340271524,0.0,0.0,0.0
white,2.0,1,291.0,43.440414515724626,43.44505791385383,0.0,0.0,
white,2.0,1,292.0,43.46245104750079,43.4669910817398,0.0,0.0,
white,2.0,1,293.0,43.48424652007301,43.48868551696234,0.0,0.0,
white,2.0,1,294.0,43.505803569418,43.51014380227094,0.0,0.0,
white,2.0,1,295.0,43.527124802712265,43.531368492861894,0.0,0.0,0.0
white,2.0,1,296.0,43.54821279864649,43.552362116662145,0.0,0.0,
white,2.0,1,297.0,43.56907010773559,43.57312717461044,0.0,0.0,
white,2.0,1,298.0,43.58969925262669,43.59366614093596,0.0,0.0,
white,2.0,1,299.0,43.61010272840251,43.6139814634342,0.0,0.0,
